npp_capacity,htse_capacity,meoh_capacity,electricity_market_capacity,naphtha_market_capacity,jet_fuel_market_capacity,diesel_market_capacity,h2_storage_capacity,h2_import_capacity,h2_export_capacity,scenario_label,location_label,fuel_region_label,elec_data_label,mean_NPV,std_NPV,med_NPV,max_NPV,min_NPV,perc_5_NPV,perc_95_NPV,samp_NPV,var_NPV,ProbabilityWeight,ProbabilityWeight-htse_capacity,PointProbability,prefix,ProbabilityWeight-h2_storage_capacity,ProbabilityWeight-meoh_capacity
1280.0,-1000.0,-24583.0,-1e+200,-1e+200,-1e+200,-1e+200,10.0,1e+200,-1e+200,ref,south_texas_project,west_south_central,covid,2566067785.4,21346816.6285,2566067785.4,2581162264.2,2550973306.61,2552482754.49,2579652816.32,2.0,455686580169000.0,0.00195291892277,0.125,8.656992832709999e-15,1,0.124999523304,0.124987287705
1280.0,-800.0,-19667.0,-1e+200,-1e+200,-1e+200,-1e+200,10.0,1e+200,-1e+200,ref,south_texas_project,west_south_central,covid,2507845553.99,14157337.6181,2507845553.99,2517856303.42,2497834804.55,2498835879.5,2516855228.48,2.0,200430208433000.0,0.00781247020653,0.25,8.656992832709999e-15,7,0.124999523304,0.25
1280.0,-600.0,-14750.0,-1e+200,-1e+200,-1e+200,-1e+200,10.0,1e+200,-1e+200,ref,south_texas_project,west_south_central,covid,2389237249.22,51099857.9671,2389237249.22,2425370305.31,2353104193.14,2356717498.74,2421756999.7,2.0,2611195484260000.0,0.00781326472195,0.25,8.656992832709999e-15,13,0.124999523304,0.250025424591
1280.0,-400.0,-9833.0,-1e+200,-1e+200,-1e+200,-1e+200,10.0,1e+200,-1e+200,ref,south_texas_project,west_south_central,covid,2369669854.14,85878084.6708,2369669854.14,2430394830.16,2308944878.11,2315017375.71,2424322332.56,2.0,7375045426730000.0,0.00781247020653,0.25,8.656992832709999e-15,19,0.124999523304,0.25
1280.0,-200.0,-4917.0,-1e+200,-1e+200,-1e+200,-1e+200,10.0,1e+200,-1e+200,ref,south_texas_project,west_south_central,covid,2369387379.01,10181112.6609,2369387379.01,2376586512.81,2362188245.2,2362908158.58,2375866599.43,2.0,103655055014000.0,0.00195291892277,0.125,8.656992832709999e-15,25,0.124999523304,0.124987287705
1280.0,-1000.0,-19667.0,-1e+200,-1e+200,-1e+200,-1e+200,10.0,1e+200,-1e+200,ref,south_texas_project,west_south_central,covid,2309395148.48,5445495.48183,2309395148.48,2313245695.26,2305544601.7,2305929656.38,2312860640.58,2.0,29653421042600.0,0.00390623510326,0.125,8.656992832709999e-15,2,0.124999523304,0.25
1280.0,-800.0,-14750.0,-1e+200,-1e+200,-1e+200,-1e+200,10.0,1e+200,-1e+200,ref,south_texas_project,west_south_central,covid,2230504078.76,33231495.8897,2230504078.76,2254002294.85,2207005862.66,2209355684.27,2251652473.24,2.0,1104332319070000.0,0.00781326472195,0.25,8.656992832709999e-15,8,0.124999523304,0.250025424591
1280.0,-600.0,-9833.0,-1e+200,-1e+200,-1e+200,-1e+200,10.0,1e+200,-1e+200,ref,south_texas_project,west_south_central,covid,2155913402.63,20613050.6019,2155913402.63,2170489030.49,2141337774.77,2142795337.55,2169031467.7,2.0,424897855118000.0,0.00781247020653,0.25,8.656992832709999e-15,14,0.124999523304,0.25
1280.0,-400.0,-4917.0,-1e+200,-1e+200,-1e+200,-1e+200,10.0,1e+200,-1e+200,ref,south_texas_project,west_south_central,covid,2002167802.24,48782292.3552,2002167802.24,2036662091.96,1967673512.51,1971122941.48,2033212662.99,2.0,2379712047420000.0,0.00390583784555,0.25,8.656992832709999e-15,20,0.124999523304,0.124987287705
1280.0,-1000.0,-14750.0,-1e+200,-1e+200,-1e+200,-1e+200,10.0,1e+200,-1e+200,ref,south_texas_project,west_south_central,covid,1947838511.72,11142801.2061,1947838511.72,1955717662.01,1939959361.42,1940747276.45,1954929746.98,2.0,124162018718000.0,0.00390663236098,0.125,8.656992832709999e-15,3,0.124999523304,0.250025424591
1280.0,-800.0,-9833.0,-1e+200,-1e+200,-1e+200,-1e+200,10.0,1e+200,-1e+200,ref,south_texas_project,west_south_central,covid,1886692609.45,41018854.4089,1886692609.45,1915697319.56,1857687899.34,1860588370.35,1912796848.55,2.0,1682546417020000.0,0.00781247020653,0.25,8.656992832709999e-15,9,0.124999523304,0.25
1280.0,-1000.0,-24583.0,-1e+200,-1e+200,-1e+200,-1e+200,1835556.0,1e+200,-1e+200,ref,south_texas_project,west_south_central,covid,1878670416.47,37256920.4242,1878670416.47,1905015037.55,1852325795.39,1854960257.5,1902380575.44,2.0,1388078119500000.0,0.00390584742105,0.125,8.656992832709999e-15,26,0.249999659503,0.124987287705
1280.0,-600.0,-4917.0,-1e+200,-1e+200,-1e+200,-1e+200,10.0,1e+200,-1e+200,ref,south_texas_project,west_south_central,covid,1822039363.53,19728702.4405,1822039363.53,1835989662.81,1808089064.25,1809484094.18,1834594632.89,2.0,389221699986000.0,0.00390583784555,0.25,8.656992832709999e-15,15,0.124999523304,0.124987287705
1280.0,-800.0,-19667.0,-1e+200,-1e+200,-1e+200,-1e+200,1835556.0,1e+200,-1e+200,ref,south_texas_project,west_south_central,covid,1771966494.78,46044411.9996,1771966494.78,1804524810.74,1739408178.82,1742664010.42,1801268979.15,2.0,2120087876390000.0,0.0156249787189,0.25,8.656992832709999e-15,32,0.249999659503,0.25
1280.0,-600.0,-14750.0,-1e+200,-1e+200,-1e+200,-1e+200,1835556.0,1e+200,-1e+200,ref,south_texas_project,west_south_central,covid,1730845720.09,29335778.6937,1730845720.09,1751589248.14,1710102192.05,1712176544.85,1749514895.33,2.0,860587911563000.0,0.0156265677537,0.25,8.656992832709999e-15,38,0.249999659503,0.250025424591
1280.0,-1000.0,-9833.0,-1e+200,-1e+200,-1e+200,-1e+200,10.0,1e+200,-1e+200,ref,south_texas_project,west_south_central,covid,1668593133.48,72861951.3541,1668593133.48,1720114313.37,1617071953.59,1622224071.58,1714962195.38,2.0,5308863955130000.0,0.00390623510326,0.125,8.656992832709999e-15,4,0.124999523304,0.25
1280.0,-200.0,-4917.0,-1e+200,-1e+200,-1e+200,-1e+200,1835556.0,1e+200,-1e+200,ref,south_texas_project,west_south_central,covid,1627799968.27,39271663.9353,1627799968.27,1655569228.15,1600030708.39,1602807634.38,1652792302.16,2.0,1542263588250000.0,0.00390584742105,0.125,8.656992832709999e-15,50,0.249999659503,0.124987287705
1280.0,-1000.0,-19667.0,-1e+200,-1e+200,-1e+200,-1e+200,1835556.0,1e+200,-1e+200,ref,south_texas_project,west_south_central,covid,1610784862.72,14213838.556,1610784862.72,1620835564.35,1600734161.09,1601739231.25,1619830494.18,2.0,202033206496000.0,0.00781248935947,0.125,8.656992832709999e-15,27,0.249999659503,0.25
1280.0,-800.0,-4917.0,-1e+200,-1e+200,-1e+200,-1e+200,10.0,1e+200,-1e+200,ref,south_texas_project,west_south_central,covid,1592235216.74,52482868.5885,1592235216.74,1629346209.02,1555124224.47,1558835323.7,1625635109.79,2.0,2754451495270000.0,0.00390583784555,0.25,8.656992832709999e-15,10,0.124999523304,0.124987287705
1280.0,-800.0,-14750.0,-1e+200,-1e+200,-1e+200,-1e+200,1835556.0,1e+200,-1e+200,ref,south_texas_project,west_south_central,covid,1568242233.35,7939861.55312,1568242233.35,1573856563.29,1562627903.4,1563189336.39,1573295130.3,2.0,63041401482700.0,0.0156265677537,0.25,8.656992832709999e-15,33,0.249999659503,0.250025424591
1280.0,-400.0,-9833.0,-1e+200,-1e+200,-1e+200,-1e+200,1835556.0,1e+200,-1e+200,ref,south_texas_project,west_south_central,covid,1547784794.53,15670729.8242,1547784794.53,1558865673.85,1536703915.2,1537812003.14,1557757585.92,2.0,245571773224000.0,0.0156249787189,0.25,8.656992832709999e-15,44,0.249999659503,0.25
1280.0,-600.0,-9833.0,-1e+200,-1e+200,-1e+200,-1e+200,1835556.0,1e+200,-1e+200,ref,south_texas_project,west_south_central,covid,1524706263.89,7968459.94822,1524706263.89,1530340815.96,1519071711.83,1519635167.03,1529777360.75,2.0,63496353946500.0,0.0156249787189,0.25,8.656992832709999e-15,39,0.249999659503,0.25
1280.0,-1000.0,-14750.0,-1e+200,-1e+200,-1e+200,-1e+200,1835556.0,1e+200,-1e+200,ref,south_texas_project,west_south_central,covid,1445461223.38,18880765.3032,1445461223.38,1458811940.56,1432110506.2,1433445577.91,1457476868.84,2.0,356483298433000.0,0.00781328387685,0.125,8.656992832709999e-15,28,0.249999659503,0.250025424591
1280.0,-1000.0,-4917.0,-1e+200,-1e+200,-1e+200,-1e+200,10.0,1e+200,-1e+200,ref,south_texas_project,west_south_central,covid,1430863627.59,72581906.6983,1430863627.59,1482186786.0,1379540469.17,1384672785.01,1477054470.16,2.0,5268133179960000.0,0.00195291892277,0.125,8.656992832709999e-15,5,0.124999523304,0.124987287705
1280.0,-400.0,-4917.0,-1e+200,-1e+200,-1e+200,-1e+200,1835556.0,1e+200,-1e+200,ref,south_texas_project,west_south_central,covid,1332999494.19,2366123.73145,1332999494.19,1334672596.33,1331326392.05,1331493702.27,1334505286.11,2.0,5598541512550.0,0.0078116948421,0.25,8.656992832709999e-15,45,0.249999659503,0.124987287705
1280.0,-800.0,-9833.0,-1e+200,-1e+200,-1e+200,-1e+200,1835556.0,1e+200,-1e+200,ref,south_texas_project,west_south_central,covid,1247642115.27,17169912.5199,1247642115.27,1259783076.85,1235501153.7,1236715249.86,1258568980.69,2.0,294805895940000.0,0.0156249787189,0.25,8.656992832709999e-15,34,0.249999659503,0.25
1280.0,-600.0,-4917.0,-1e+200,-1e+200,-1e+200,-1e+200,1835556.0,1e+200,-1e+200,ref,south_texas_project,west_south_central,covid,1222252070.47,5605932.982,1222252070.47,1226216063.69,1218288077.24,1218684476.56,1225819664.37,2.0,31426484598600.0,0.0078116948421,0.25,8.656992832709999e-15,40,0.249999659503,0.124987287705
1280.0,-1000.0,-24583.0,-1e+200,-1e+200,-1e+200,-1e+200,3671111.0,1e+200,-1e+200,ref,south_texas_project,west_south_central,covid,1165256813.05,12340160.6021,1165256813.05,1173982624.3,1156531001.81,1157403582.94,1173110043.17,2.0,152279563685000.0,0.00390585806049,0.125,8.656992832709999e-15,51,0.250000340497,0.124987287705
1280.0,-1000.0,-9833.0,-1e+200,-1e+200,-1e+200,-1e+200,1835556.0,1e+200,-1e+200,ref,south_texas_project,west_south_central,covid,1121345460.85,72475831.0605,1121345460.85,1172593612.46,1070097309.23,1075222124.4,1167468797.3,2.0,5252746087910000.0,0.00781248935947,0.125,8.656992832709999e-15,29,0.249999659503,0.25
1280.0,-800.0,-19667.0,-1e+200,-1e+200,-1e+200,-1e+200,3671111.0,1e+200,-1e+200,ref,south_texas_project,west_south_central,covid,1033647328.06,31896653.2969,1033647328.06,1056201667.91,1011092988.22,1013348422.2,1053946233.92,2.0,1017396491540000.0,0.0156250212811,0.25,8.656992832709999e-15,57,0.250000340497,0.25
1280.0,-600.0,-14750.0,-1e+200,-1e+200,-1e+200,-1e+200,3671111.0,1e+200,-1e+200,ref,south_texas_project,west_south_central,covid,1014612349.09,47223873.2477,1014612349.09,1048004670.1,981220028.086,984559260.187,1044665438.0,2.0,2230094204520000.0,0.0156266103201,0.25,8.656992832709999e-15,63,0.250000340497,0.250025424591
1280.0,-1000.0,-19667.0,-1e+200,-1e+200,-1e+200,-1e+200,3671111.0,1e+200,-1e+200,ref,south_texas_project,west_south_central,covid,942309107.156,21021489.901,942309107.156,957173545.216,927444669.097,928931112.903,955687101.41,2.0,441903037659000.0,0.00781251064053,0.125,8.656992832709999e-15,52,0.250000340497,0.25
1280.0,-200.0,-4917.0,-1e+200,-1e+200,-1e+200,-1e+200,3671111.0,1e+200,-1e+200,ref,south_texas_project,west_south_central,covid,917163672.111,40440376.673,917163672.111,945759336.69,888568007.532,891427573.989,942899770.232,2.0,1635424065450000.0,0.00390585806049,0.125,8.656992832709999e-15,75,0.250000340497,0.124987287705
1280.0,-800.0,-14750.0,-1e+200,-1e+200,-1e+200,-1e+200,3671111.0,1e+200,-1e+200,ref,south_texas_project,west_south_central,covid,871792980.114,81542737.4221,871792980.114,929452402.702,814133557.526,819899499.785,923686460.443,2.0,6649218026280000.0,0.0156266103201,0.25,8.656992832709999e-15,58,0.250000340497,0.250025424591
1280.0,-400.0,-9833.0,-1e+200,-1e+200,-1e+200,-1e+200,3671111.0,1e+200,-1e+200,ref,south_texas_project,west_south_central,covid,861126971.804,80345180.2516,861126971.804,917939593.595,804314350.012,809995612.191,912258331.416,2.0,6455347989670000.0,0.0156250212811,0.25,8.656992832709999e-15,69,0.250000340497,0.25
1280.0,-800.0,-4917.0,-1e+200,-1e+200,-1e+200,-1e+200,1835556.0,1e+200,-1e+200,ref,south_texas_project,west_south_central,covid,845763548.691,24785413.3587,845763548.691,863289482.551,828237614.83,829990208.216,861536889.165,2.0,614316715361000.0,0.0078116948421,0.25,8.656992832709999e-15,35,0.249999659503,0.124987287705
1280.0,-600.0,-9833.0,-1e+200,-1e+200,-1e+200,-1e+200,3671111.0,1e+200,-1e+200,ref,south_texas_project,west_south_central,covid,736340995.989,20798020.7669,736340995.989,751047417.508,721634574.469,723105216.621,749576775.356,2.0,432557667818000.0,0.0156250212811,0.25,8.656992832709999e-15,64,0.250000340497,0.25
1280.0,-1000.0,-14750.0,-1e+200,-1e+200,-1e+200,-1e+200,3671111.0,1e+200,-1e+200,ref,south_texas_project,west_south_central,covid,685930380.625,54827377.1595,685930380.625,724699190.809,647161570.44,651038451.459,720822309.79,2.0,3006041286200000.0,0.00781330516007,0.125,8.656992832709999e-15,53,0.250000340497,0.250025424591
1280.0,-1000.0,-4917.0,-1e+200,-1e+200,-1e+200,-1e+200,1835556.0,1e+200,-1e+200,ref,south_texas_project,west_south_central,covid,671264748.169,21993636.1133,671264748.169,686816597.408,655712898.93,657268083.854,685261412.484,2.0,483720029486000.0,0.00390584742105,0.125,8.656992832709999e-15,30,0.249999659503,0.124987287705
1280.0,-400.0,-4917.0,-1e+200,-1e+200,-1e+200,-1e+200,3671111.0,1e+200,-1e+200,ref,south_texas_project,west_south_central,covid,563203678.21,46704127.8759,563203678.21,596228483.741,530178872.68,533481353.233,592926003.188,2.0,2181275560650000.0,0.00781171612099,0.25,8.656992832709999e-15,70,0.250000340497,0.124987287705
1280.0,-800.0,-9833.0,-1e+200,-1e+200,-1e+200,-1e+200,3671111.0,1e+200,-1e+200,ref,south_texas_project,west_south_central,covid,542359229.422,7819219.57243,542359229.422,547888252.606,536830206.239,537383108.557,547335350.287,2.0,61140194721800.0,0.0156250212811,0.25,8.656992832709999e-15,59,0.250000340497,0.25
1280.0,-1000.0,-24583.0,-1e+200,-1e+200,-1e+200,-1e+200,5506667.0,1e+200,-1e+200,ref,south_texas_project,west_south_central,covid,419638040.538,42632634.783,419638040.538,449783865.693,389492215.383,392506797.899,446769283.177,2.0,1817541548540000.0,0.00390585806049,0.125,8.656992832709999e-15,76,0.250000340497,0.124987287705
1280.0,-600.0,-4917.0,-1e+200,-1e+200,-1e+200,-1e+200,3671111.0,1e+200,-1e+200,ref,south_texas_project,west_south_central,covid,409120757.031,106126315.171,409120757.031,484163394.151,334078119.911,341582383.623,476659130.439,2.0,1.12627947719e+16,0.00781171612099,0.25,8.656992832709999e-15,65,0.250000340497,0.124987287705
1280.0,-800.0,-19667.0,-1e+200,-1e+200,-1e+200,-1e+200,5506667.0,1e+200,-1e+200,ref,south_texas_project,west_south_central,covid,375101745.302,59631657.8384,375101745.302,417267694.933,332935795.671,337152390.634,413051099.97,2.0,3555934616560000.0,0.0156250212811,0.25,8.656992832709999e-15,82,0.250000340497,0.25
1280.0,-1000.0,-9833.0,-1e+200,-1e+200,-1e+200,-1e+200,3671111.0,1e+200,-1e+200,ref,south_texas_project,west_south_central,covid,330446904.983,13740563.7441,330446904.983,340162950.784,320730859.183,321702463.763,339191346.204,2.0,188803092005000.0,0.00781251064053,0.125,8.656992832709999e-15,54,0.250000340497,0.25
1280.0,-600.0,-14750.0,-1e+200,-1e+200,-1e+200,-1e+200,5506667.0,1e+200,-1e+200,ref,south_texas_project,west_south_central,covid,205465887.719,20335522.5659,205465887.719,219845273.625,191086501.814,192524440.405,218407335.034,2.0,413533478030000.0,0.0156266103201,0.25,8.656992832709999e-15,88,0.250000340497,0.250025424591
1280.0,-1000.0,-19667.0,-1e+200,-1e+200,-1e+200,-1e+200,5506667.0,1e+200,-1e+200,ref,south_texas_project,west_south_central,covid,203975557.467,12475533.3598,203975557.467,212797091.705,195154023.23,196036176.653,211914938.281,2.0,155638932610000.0,0.00781251064053,0.125,8.656992832709999e-15,77,0.250000340497,0.25
1280.0,-800.0,-4917.0,-1e+200,-1e+200,-1e+200,-1e+200,3671111.0,1e+200,-1e+200,ref,south_texas_project,west_south_central,covid,139256887.148,2897568.28413,139256887.148,141305777.331,137207996.966,137412885.984,141100888.313,2.0,8395901961220.0,0.00781171612099,0.25,8.656992832709999e-15,60,0.250000340497,0.124987287705
1280.0,-800.0,-14750.0,-1e+200,-1e+200,-1e+200,-1e+200,5506667.0,1e+200,-1e+200,ref,south_texas_project,west_south_central,covid,124522446.337,64944580.3073,124522446.337,170445199.474,78599693.2004,83191968.5141,165852924.16,2.0,4217798511290000.0,0.0156266103201,0.25,8.656992832709999e-15,83,0.250000340497,0.250025424591
1280.0,-400.0,-9833.0,-1e+200,-1e+200,-1e+200,-1e+200,5506667.0,1e+200,-1e+200,ref,south_texas_project,west_south_central,covid,74329456.9353,45416684.2716,74329456.9353,106443902.363,42215011.5078,45426456.0506,103232457.82,2.0,2062675210230000.0,0.0156250212811,0.25,8.656992832709999e-15,94,0.250000340497,0.25
1280.0,-200.0,-4917.0,-1e+200,-1e+200,-1e+200,-1e+200,5506667.0,1e+200,-1e+200,ref,south_texas_project,west_south_central,covid,73980358.157,61085599.7845,73980358.157,117174399.997,30786316.3165,35105720.5006,112854995.813,2.0,3731450501030000.0,0.00390585806049,0.125,8.656992832709999e-15,100,0.250000340497,0.124987287705
1280.0,-600.0,-9833.0,-1e+200,-1e+200,-1e+200,-1e+200,5506667.0,1e+200,-1e+200,ref,south_texas_project,west_south_central,covid,10112625.3258,8556309.79972,10112625.3258,16162850.0071,4062400.6445,4667423.11263,15557827.539,2.0,73210437388800.0,0.0156250212811,0.25,8.656992832709999e-15,89,0.250000340497,0.25
1280.0,-400.0,-4917.0,-1e+200,-1e+200,-1e+200,-1e+200,5506667.0,1e+200,-1e+200,ref,south_texas_project,west_south_central,covid,-105798353.799,20058260.2333,-105798353.799,-91615021.9693,-119981685.629,-118563352.446,-93033355.1523,2.0,402333803587000.0,0.00781171612099,0.25,8.656992832709999e-15,95,0.250000340497,0.124987287705
1280.0,-1000.0,-14750.0,-1e+200,-1e+200,-1e+200,-1e+200,5506667.0,1e+200,-1e+200,ref,south_texas_project,west_south_central,covid,-116034352.537,77671017.7656,-116034352.537,-61112649.1737,-170956055.901,-165463885.565,-66604819.5101,2.0,6032787000750000.0,0.00781330516007,0.125,8.656992832709999e-15,78,0.250000340497,0.250025424591
1280.0,-1000.0,-4917.0,-1e+200,-1e+200,-1e+200,-1e+200,3671111.0,1e+200,-1e+200,ref,south_texas_project,west_south_central,covid,-157979631.73,19362365.9521,-157979631.73,-144288371.465,-171670891.994,-170301765.968,-145657497.492,2.0,374901215262000.0,0.00390585806049,0.125,8.656992832709999e-15,55,0.250000340497,0.124987287705
1280.0,-800.0,-9833.0,-1e+200,-1e+200,-1e+200,-1e+200,5506667.0,1e+200,-1e+200,ref,south_texas_project,west_south_central,covid,-280010314.956,40870056.8703,-280010314.956,-251110820.595,-308909809.316,-306019859.88,-254000770.031,2.0,1670361548580000.0,0.0156250212811,0.25,8.656992832709999e-15,84,0.250000340497,0.25
1280.0,-1000.0,-24583.0,-1e+200,-1e+200,-1e+200,-1e+200,7342222.0,1e+200,-1e+200,ref,south_texas_project,west_south_central,covid,-299454496.613,933531.9083,-299454496.613,-298794389.87,-300114603.356,-300048592.682,-298860400.545,2.0,871481823815.0,0.00195292849827,0.125,8.656992832709999e-15,101,0.125000136199,0.124987287705
1280.0,-1000.0,-9833.0,-1e+200,-1e+200,-1e+200,-1e+200,5506667.0,1e+200,-1e+200,ref,south_texas_project,west_south_central,covid,-330442818.874,39842234.8301,-330442818.874,-302270104.448,-358615533.3,-355798261.857,-305087375.89,2.0,1587403676260000.0,0.00781251064053,0.125,8.656992832709999e-15,79,0.250000340497,0.25
1280.0,-800.0,-19667.0,-1e+200,-1e+200,-1e+200,-1e+200,7342222.0,1e+200,-1e+200,ref,south_texas_project,west_south_central,covid,-407481648.396,17404164.1989,-407481648.396,-395175045.87,-419788250.922,-418557590.669,-396405706.122,2.0,302904931463000.0,0.00781250851242,0.25,8.656992832709999e-15,107,0.125000136199,0.25
1280.0,-600.0,-4917.0,-1e+200,-1e+200,-1e+200,-1e+200,5506667.0,1e+200,-1e+200,ref,south_texas_project,west_south_central,covid,-412974365.967,76576557.7573,-412974365.967,-358826562.697,-467122169.237,-461707388.91,-364241343.024,2.0,5863969197960000.0,0.00781171612099,0.25,8.656992832709999e-15,90,0.250000340497,0.124987287705
1280.0,-600.0,-14750.0,-1e+200,-1e+200,-1e+200,-1e+200,7342222.0,1e+200,-1e+200,ref,south_texas_project,west_south_central,covid,-498085368.521,63184408.0854,-498085368.521,-453407245.099,-542763491.944,-538295679.601,-457875057.441,2.0,3992269425100000.0,0.00781330303175,0.25,8.656992832709999e-15,113,0.125000136199,0.250025424591
1280.0,-1000.0,-19667.0,-1e+200,-1e+200,-1e+200,-1e+200,7342222.0,1e+200,-1e+200,ref,south_texas_project,west_south_central,covid,-566521990.513,16786217.8173,-566521990.513,-554652342.064,-578391638.962,-577204674.117,-555839306.909,2.0,281777108611000.0,0.00390625425621,0.125,8.656992832709999e-15,102,0.125000136199,0.25
1280.0,-800.0,-4917.0,-1e+200,-1e+200,-1e+200,-1e+200,5506667.0,1e+200,-1e+200,ref,south_texas_project,west_south_central,covid,-595414930.697,37896607.8827,-595414930.697,-568617982.28,-622211879.115,-619532184.274,-571297677.121,2.0,1436152889020000.0,0.00781171612099,0.25,8.656992832709999e-15,85,0.250000340497,0.124987287705
1280.0,-400.0,-9833.0,-1e+200,-1e+200,-1e+200,-1e+200,7342222.0,1e+200,-1e+200,ref,south_texas_project,west_south_central,covid,-603065044.469,44452803.7882,-603065044.469,-571632165.468,-634497923.47,-631354635.57,-574775453.368,2.0,1976051764630000.0,0.00781250851242,0.25,8.656992832709999e-15,119,0.125000136199,0.25
1280.0,-200.0,-4917.0,-1e+200,-1e+200,-1e+200,-1e+200,7342222.0,1e+200,-1e+200,ref,south_texas_project,west_south_central,covid,-680377763.596,5934716.98547,-680377763.596,-676181284.971,-684574242.221,-684154594.358,-676600932.834,2.0,35220865697600.0,0.00195292849827,0.125,8.656992832709999e-15,125,0.125000136199,0.124987287705
1280.0,-800.0,-14750.0,-1e+200,-1e+200,-1e+200,-1e+200,7342222.0,1e+200,-1e+200,ref,south_texas_project,west_south_central,covid,-711633494.609,832805.417529,-711633494.609,-711044612.251,-712222376.968,-712163488.732,-711103500.487,2.0,693564863466.0,0.00781330303175,0.25,8.656992832709999e-15,108,0.125000136199,0.250025424591
1280.0,-600.0,-9833.0,-1e+200,-1e+200,-1e+200,-1e+200,7342222.0,1e+200,-1e+200,ref,south_texas_project,west_south_central,covid,-835956162.77,26104883.7517,-835956162.77,-817497222.447,-854415103.093,-852569209.061,-819343116.48,2.0,681464955687000.0,0.00781250851242,0.25,8.656992832709999e-15,114,0.125000136199,0.25
1280.0,-1000.0,-4917.0,-1e+200,-1e+200,-1e+200,-1e+200,5506667.0,1e+200,-1e+200,ref,south_texas_project,west_south_central,covid,-850764112.925,96959204.0348,-850764112.925,-782203602.254,-919324623.597,-912468572.53,-789059653.321,2.0,9401087247060000.0,0.00390585806049,0.125,8.656992832709999e-15,80,0.250000340497,0.124987287705
1280.0,-1000.0,-14750.0,-1e+200,-1e+200,-1e+200,-1e+200,7342222.0,1e+200,-1e+200,ref,south_texas_project,west_south_central,covid,-873352772.685,43733951.4916,-873352772.685,-842428199.017,-904277346.353,-901184888.986,-845520656.384,2.0,1912658513070000.0,0.00390665151587,0.125,8.656992832709999e-15,103,0.125000136199,0.250025424591
1280.0,-400.0,-4917.0,-1e+200,-1e+200,-1e+200,-1e+200,7342222.0,1e+200,-1e+200,ref,south_texas_project,west_south_central,covid,-911236736.186,14401317.9353,-911236736.186,-901053466.616,-921420005.756,-920401678.799,-902071793.573,2.0,207397958275000.0,0.00390585699655,0.25,8.656992832709999e-15,120,0.125000136199,0.124987287705
1280.0,-800.0,-9833.0,-1e+200,-1e+200,-1e+200,-1e+200,7342222.0,1e+200,-1e+200,ref,south_texas_project,west_south_central,covid,-1029848472.54,81526884.5317,-1029848472.54,-972200259.634,-1087496685.44,-1081731864.15,-977965080.924,2.0,6646632901450000.0,0.00781250851242,0.25,8.656992832709999e-15,109,0.125000136199,0.25
1280.0,-1000.0,-9833.0,-1e+200,-1e+200,-1e+200,-1e+200,7342222.0,1e+200,-1e+200,ref,south_texas_project,west_south_central,covid,-1250171920.64,67894530.1341,-1250171920.64,-1202163237.98,-1298180603.3,-1293379735.04,-1206964106.24,2.0,4609667222130000.0,0.00390625425621,0.125,8.656992832709999e-15,104,0.125000136199,0.25
1280.0,-600.0,-4917.0,-1e+200,-1e+200,-1e+200,-1e+200,7342222.0,1e+200,-1e+200,ref,south_texas_project,west_south_central,covid,-1256214123.0,174486981.077,-1256214123.0,-1132833195.46,-1379595050.55,-1367256957.8,-1145171288.21,2.0,3.04457065654e+16,0.00390585699655,0.25,8.656992832709999e-15,115,0.125000136199,0.124987287705
1280.0,-800.0,-4917.0,-1e+200,-1e+200,-1e+200,-1e+200,7342222.0,1e+200,-1e+200,ref,south_texas_project,west_south_central,covid,-1372730742.35,37194980.0347,-1372730742.35,-1346429919.74,-1399031564.96,-1396401482.7,-1349060002.0,2.0,1383466539780000.0,0.00390585699655,0.25,8.656992832709999e-15,110,0.125000136199,0.124987287705
1280.0,-1000.0,-4917.0,-1e+200,-1e+200,-1e+200,-1e+200,7342222.0,1e+200,-1e+200,ref,south_texas_project,west_south_central,covid,-1542776949.8,52356303.0903,-1542776949.8,-1505755452.84,-1579798446.75,-1576096297.05,-1509457602.54,2.0,2741182473290000.0,0.00195292849827,0.125,8.656992832709999e-15,105,0.125000136199,0.124987287705
1280.0,-800.0,-24583.0,-1e+200,-1e+200,-1e+200,-1e+200,7342222.0,1e+200,-1e+200,ref,south_texas_project,west_south_central,covid,-92896847836300.0,47453166.5323,-92896847836300.0,-92896814281800.0,-92896881390700.0,-92896878035300.0,-92896817637200.0,2.0,2251803013940000.0,0.00390585699655,0.25,8.656992832709999e-15,106,0.125000136199,0.124987287705
1280.0,-600.0,-19667.0,-1e+200,-1e+200,-1e+200,-1e+200,7342222.0,1e+200,-1e+200,ref,south_texas_project,west_south_central,covid,-99377823681000.0,31798733.9458,-99377823681000.0,-99377801195900.0,-99377846166100.0,-99377843917600.0,-99377803444400.0,2.0,1011159480560000.0,0.00781250851242,0.25,8.656992832709999e-15,112,0.125000136199,0.25
1280.0,-400.0,-14750.0,-1e+200,-1e+200,-1e+200,-1e+200,7342222.0,1e+200,-1e+200,ref,south_texas_project,west_south_central,covid,-105799910186000.0,65718904.6206,-105799910186000.0,-105799863716000.0,-105799956657000.0,-105799952010000.0,-105799868363000.0,2.0,4318974424530000.0,0.00781330303175,0.25,8.656992832709999e-15,118,0.125000136199,0.250025424591
1280.0,-200.0,-9833.0,-1e+200,-1e+200,-1e+200,-1e+200,7342222.0,1e+200,-1e+200,ref,south_texas_project,west_south_central,covid,-112221915358000.0,45661285.1278,-112221915358000.0,-112221883070000.0,-112221947645000.0,-112221944416000.0,-112221886299000.0,2.0,2084952959520000.0,0.00390625425621,0.125,8.656992832709999e-15,124,0.125000136199,0.25
1280.0,-800.0,-24583.0,-1e+200,-1e+200,-1e+200,-1e+200,5506667.0,1e+200,-1e+200,ref,south_texas_project,west_south_central,covid,-135644437488000.0,8116400.28407,-135644437488000.0,-135644431749000.0,-135644443227000.0,-135644442653000.0,-135644432323000.0,2.0,65875953571200.0,0.00781171612099,0.25,8.656992832709999e-15,81,0.250000340497,0.124987287705
1280.0,-600.0,-19667.0,-1e+200,-1e+200,-1e+200,-1e+200,5506667.0,1e+200,-1e+200,ref,south_texas_project,west_south_central,covid,-142125400290000.0,55084170.6153,-142125400290000.0,-142125361340000.0,-142125439240000.0,-142125435345000.0,-142125365235000.0,2.0,3034265852380000.0,0.0156250212811,0.25,8.656992832709999e-15,87,0.250000340497,0.25
1280.0,-400.0,-14750.0,-1e+200,-1e+200,-1e+200,-1e+200,5506667.0,1e+200,-1e+200,ref,south_texas_project,west_south_central,covid,-148547413808000.0,52754468.6213,-148547413808000.0,-148547376505000.0,-148547451111000.0,-148547447381000.0,-148547380235000.0,2.0,2783033959510000.0,0.0156266103201,0.25,8.656992832709999e-15,93,0.250000340497,0.250025424591
1280.0,-200.0,-9833.0,-1e+200,-1e+200,-1e+200,-1e+200,5506667.0,1e+200,-1e+200,ref,south_texas_project,west_south_central,covid,-154969477956000.0,17466210.7494,-154969477956000.0,-154969465606000.0,-154969490306000.0,-154969489071000.0,-154969466841000.0,2.0,305068517941000.0,0.00781251064053,0.125,8.656992832709999e-15,99,0.250000340497,0.25
1280.0,-800.0,-24583.0,-1e+200,-1e+200,-1e+200,-1e+200,3671111.0,1e+200,-1e+200,ref,south_texas_project,west_south_central,covid,-178392047206000.0,13192435.996,-178392047206000.0,-178392037877000.0,-178392056534000.0,-178392055601000.0,-178392038810000.0,2.0,174040367508000.0,0.00781171612099,0.25,8.656992832709999e-15,56,0.250000340497,0.124987287705
1280.0,-600.0,-19667.0,-1e+200,-1e+200,-1e+200,-1e+200,3671111.0,1e+200,-1e+200,ref,south_texas_project,west_south_central,covid,-184873021281000.0,14384825.6975,-184873021281000.0,-184873011110000.0,-184873031453000.0,-184873030436000.0,-184873012127000.0,2.0,206923210347000.0,0.0156250212811,0.25,8.656992832709999e-15,62,0.250000340497,0.25
1280.0,-400.0,-14750.0,-1e+200,-1e+200,-1e+200,-1e+200,3671111.0,1e+200,-1e+200,ref,south_texas_project,west_south_central,covid,-191295052105000.0,40610523.865,-191295052105000.0,-191295023390000.0,-191295080821000.0,-191295077950000.0,-191295026261000.0,2.0,1649214648590000.0,0.0156266103201,0.25,8.656992832709999e-15,68,0.250000340497,0.250025424591
1280.0,-200.0,-9833.0,-1e+200,-1e+200,-1e+200,-1e+200,3671111.0,1e+200,-1e+200,ref,south_texas_project,west_south_central,covid,-197717066004000.0,40157305.6298,-197717066004000.0,-197717037609000.0,-197717094400000.0,-197717091560000.0,-197717040448000.0,2.0,1612609195440000.0,0.00781251064053,0.125,8.656992832709999e-15,74,0.250000340497,0.25
1280.0,-800.0,-24583.0,-1e+200,-1e+200,-1e+200,-1e+200,1835556.0,1e+200,-1e+200,ref,south_texas_project,west_south_central,covid,-221139569337000.0,43012343.2819,-221139569337000.0,-221139538923000.0,-221139599751000.0,-221139596710000.0,-221139541964000.0,2.0,1850061674600000.0,0.0078116948421,0.25,8.656992832709999e-15,31,0.249999659503,0.124987287705
1280.0,-600.0,-19667.0,-1e+200,-1e+200,-1e+200,-1e+200,1835556.0,1e+200,-1e+200,ref,south_texas_project,west_south_central,covid,-227620577903000.0,88366842.233,-227620577903000.0,-227620515418000.0,-227620640388000.0,-227620634139000.0,-227620521667000.0,2.0,7808698806230000.0,0.0156249787189,0.25,8.656992832709999e-15,37,0.249999659503,0.25
1280.0,-400.0,-14750.0,-1e+200,-1e+200,-1e+200,-1e+200,1835556.0,1e+200,-1e+200,ref,south_texas_project,west_south_central,covid,-234042611460000.0,49972389.0536,-234042611460000.0,-234042576124000.0,-234042646796000.0,-234042643262000.0,-234042579657000.0,2.0,2497239667720000.0,0.0156265677537,0.25,8.656992832709999e-15,43,0.249999659503,0.250025424591
1280.0,-200.0,-9833.0,-1e+200,-1e+200,-1e+200,-1e+200,1835556.0,1e+200,-1e+200,ref,south_texas_project,west_south_central,covid,-240464626030000.0,92142780.1807,-240464626030000.0,-240464560875000.0,-240464691185000.0,-240464684669000.0,-240464567391000.0,2.0,8490291939420000.0,0.00781248935947,0.125,8.656992832709999e-15,49,0.249999659503,0.25
1280.0,-800.0,-24583.0,-1e+200,-1e+200,-1e+200,-1e+200,10.0,1e+200,-1e+200,ref,south_texas_project,west_south_central,covid,-263886971326000.0,34833548.6357,-263886971326000.0,-263886946695000.0,-263886995957000.0,-263886993494000.0,-263886949158000.0,2.0,1213376110560000.0,0.00390583784555,0.25,8.656992832709999e-15,6,0.124999523304,0.124987287705
1280.0,-600.0,-19667.0,-1e+200,-1e+200,-1e+200,-1e+200,10.0,1e+200,-1e+200,ref,south_texas_project,west_south_central,covid,-270367982324000.0,52543710.5175,-270367982324000.0,-270367945170000.0,-270368019479000.0,-270368015763000.0,-270367948886000.0,2.0,2760841514950000.0,0.00781247020653,0.25,8.656992832709999e-15,12,0.124999523304,0.25
1280.0,-400.0,-14750.0,-1e+200,-1e+200,-1e+200,-1e+200,10.0,1e+200,-1e+200,ref,south_texas_project,west_south_central,covid,-276790022921000.0,90993981.2036,-276790022921000.0,-276789958579000.0,-276790087264000.0,-276790080829000.0,-276789965013000.0,2.0,8279904615290000.0,0.00781326472195,0.25,8.656992832709999e-15,18,0.124999523304,0.250025424591
1280.0,-200.0,-9833.0,-1e+200,-1e+200,-1e+200,-1e+200,10.0,1e+200,-1e+200,ref,south_texas_project,west_south_central,covid,-283212054387000.0,17532217.7974,-283212054387000.0,-283212041990000.0,-283212066784000.0,-283212065545000.0,-283212043230000.0,2.0,307378660894000.0,0.00390623510326,0.125,8.656992832709999e-15,24,0.124999523304,0.25
1280.0,-600.0,-24583.0,-1e+200,-1e+200,-1e+200,-1e+200,7342222.0,1e+200,-1e+200,ref,south_texas_project,west_south_central,covid,-389014300302000.0,53268701.8632,-389014300302000.0,-389014262635000.0,-389014337969000.0,-389014334202000.0,-389014266402000.0,2.0,2837554598190000.0,0.00390585699655,0.25,8.656992832709999e-15,111,0.125000136199,0.124987287705
1280.0,-400.0,-19667.0,-1e+200,-1e+200,-1e+200,-1e+200,7342222.0,1e+200,-1e+200,ref,south_texas_project,west_south_central,covid,-395495325694000.0,61564398.4077,-395495325694000.0,-395495282161000.0,-395495369227000.0,-395495364873000.0,-395495286515000.0,2.0,3790175151300000.0,0.00781250851242,0.25,8.656992832709999e-15,117,0.125000136199,0.25
1280.0,-200.0,-14750.0,-1e+200,-1e+200,-1e+200,-1e+200,7342222.0,1e+200,-1e+200,ref,south_texas_project,west_south_central,covid,-401917419375000.0,56582050.7093,-401917419375000.0,-401917379365000.0,-401917459385000.0,-401917455384000.0,-401917383366000.0,2.0,3201528462470000.0,0.00390665151587,0.125,8.656992832709999e-15,123,0.125000136199,0.250025424591
1280.0,-600.0,-24583.0,-1e+200,-1e+200,-1e+200,-1e+200,5506667.0,1e+200,-1e+200,ref,south_texas_project,west_south_central,covid,-431761894485000.0,4356826.49985,-431761894485000.0,-431761891404000.0,-431761897566000.0,-431761897257000.0,-431761891712000.0,2.0,18981937149800.0,0.00781171612099,0.25,8.656992832709999e-15,86,0.250000340497,0.124987287705
1280.0,-400.0,-19667.0,-1e+200,-1e+200,-1e+200,-1e+200,5506667.0,1e+200,-1e+200,ref,south_texas_project,west_south_central,covid,-438242873391000.0,45748024.2704,-438242873391000.0,-438242841042000.0,-438242905740000.0,-438242902505000.0,-438242844277000.0,2.0,2092881724650000.0,0.0156250212811,0.25,8.656992832709999e-15,92,0.250000340497,0.25
1280.0,-200.0,-14750.0,-1e+200,-1e+200,-1e+200,-1e+200,5506667.0,1e+200,-1e+200,ref,south_texas_project,west_south_central,covid,-444664994341000.0,114720045.873,-444664994341000.0,-444664913222000.0,-444665075461000.0,-444665067349000.0,-444664921334000.0,2.0,1.31606889252e+16,0.00781330516007,0.125,8.656992832709999e-15,98,0.250000340497,0.250025424591
1280.0,-600.0,-24583.0,-1e+200,-1e+200,-1e+200,-1e+200,3671111.0,1e+200,-1e+200,ref,south_texas_project,west_south_central,covid,-474509543368000.0,48297435.7656,-474509543368000.0,-474509509217000.0,-474509577519000.0,-474509574104000.0,-474509512632000.0,2.0,2332642301530000.0,0.00781171612099,0.25,8.656992832709999e-15,61,0.250000340497,0.124987287705
1280.0,-400.0,-19667.0,-1e+200,-1e+200,-1e+200,-1e+200,3671111.0,1e+200,-1e+200,ref,south_texas_project,west_south_central,covid,-480990540180000.0,85310205.0567,-480990540180000.0,-480990479856000.0,-480990600503000.0,-480990594471000.0,-480990485889000.0,2.0,7277831086810000.0,0.0156250212811,0.25,8.656992832709999e-15,67,0.250000340497,0.25
1280.0,-200.0,-14750.0,-1e+200,-1e+200,-1e+200,-1e+200,3671111.0,1e+200,-1e+200,ref,south_texas_project,west_south_central,covid,-487412529355000.0,21207476.401,-487412529355000.0,-487412514359000.0,-487412544351000.0,-487412542851000.0,-487412515859000.0,2.0,449757055299000.0,0.00781330516007,0.125,8.656992832709999e-15,73,0.250000340497,0.250025424591
1280.0,-600.0,-24583.0,-1e+200,-1e+200,-1e+200,-1e+200,1835556.0,1e+200,-1e+200,ref,south_texas_project,west_south_central,covid,-517257113958000.0,21500478.8237,-517257113958000.0,-517257098755000.0,-517257129161000.0,-517257127641000.0,-517257100275000.0,2.0,462270589649000.0,0.0078116948421,0.25,8.656992832709999e-15,36,0.249999659503,0.124987287705
1280.0,-400.0,-19667.0,-1e+200,-1e+200,-1e+200,-1e+200,1835556.0,1e+200,-1e+200,ref,south_texas_project,west_south_central,covid,-523738035376000.0,43007944.216,-523738035376000.0,-523738004965000.0,-523738065788000.0,-523738062746000.0,-523738008006000.0,2.0,1849683265680000.0,0.0156249787189,0.25,8.656992832709999e-15,42,0.249999659503,0.25
1280.0,-200.0,-14750.0,-1e+200,-1e+200,-1e+200,-1e+200,1835556.0,1e+200,-1e+200,ref,south_texas_project,west_south_central,covid,-530160048702000.0,52286998.9582,-530160048702000.0,-530160011729000.0,-530160085674000.0,-530160081977000.0,-530160015427000.0,2.0,2733930260060000.0,0.00781328387685,0.125,8.656992832709999e-15,48,0.249999659503,0.250025424591
1280.0,-600.0,-24583.0,-1e+200,-1e+200,-1e+200,-1e+200,10.0,1e+200,-1e+200,ref,south_texas_project,west_south_central,covid,-560004478975000.0,10581495.8915,-560004478975000.0,-560004471492000.0,-560004486457000.0,-560004485709000.0,-560004472241000.0,2.0,111968055303000.0,0.00390583784555,0.25,8.656992832709999e-15,11,0.124999523304,0.124987287705
1280.0,-400.0,-19667.0,-1e+200,-1e+200,-1e+200,-1e+200,10.0,1e+200,-1e+200,ref,south_texas_project,west_south_central,covid,-566485485022000.0,57892080.0424,-566485485022000.0,-566485444086000.0,-566485525958000.0,-566485521865000.0,-566485448180000.0,2.0,3351492931640000.0,0.00781247020653,0.25,8.656992832709999e-15,17,0.124999523304,0.25
1280.0,-200.0,-14750.0,-1e+200,-1e+200,-1e+200,-1e+200,10.0,1e+200,-1e+200,ref,south_texas_project,west_south_central,covid,-572907452986000.0,50501102.0967,-572907452986000.0,-572907417276000.0,-572907488695000.0,-572907485124000.0,-572907420847000.0,2.0,2550361312990000.0,0.00390663236098,0.125,8.656992832709999e-15,23,0.124999523304,0.250025424591
1280.0,-400.0,-24583.0,-1e+200,-1e+200,-1e+200,-1e+200,7342222.0,1e+200,-1e+200,ref,south_texas_project,west_south_central,covid,-685131741470000.0,85497964.181,-685131741470000.0,-685131681014000.0,-685131801926000.0,-685131795880000.0,-685131687059000.0,2.0,7309901879090000.0,0.00390585699655,0.25,8.656992832709999e-15,116,0.125000136199,0.124987287705
1280.0,-200.0,-19667.0,-1e+200,-1e+200,-1e+200,-1e+200,7342222.0,1e+200,-1e+200,ref,south_texas_project,west_south_central,covid,-691612812383000.0,105686687.624,-691612812383000.0,-691612737651000.0,-691612887115000.0,-691612879642000.0,-691612745125000.0,2.0,1.11696759409e+16,0.00390625425621,0.125,8.656992832709999e-15,122,0.125000136199,0.25
1280.0,-400.0,-24583.0,-1e+200,-1e+200,-1e+200,-1e+200,5506667.0,1e+200,-1e+200,ref,south_texas_project,west_south_central,covid,-727879435728000.0,14558376.6821,-727879435728000.0,-727879425434000.0,-727879446022000.0,-727879444993000.0,-727879426463000.0,2.0,211946331619000.0,0.00781171612099,0.25,8.656992832709999e-15,91,0.250000340497,0.124987287705
1280.0,-200.0,-19667.0,-1e+200,-1e+200,-1e+200,-1e+200,5506667.0,1e+200,-1e+200,ref,south_texas_project,west_south_central,covid,-734360303158000.0,69402854.2516,-734360303158000.0,-734360254082000.0,-734360352233000.0,-734360347325000.0,-734360258990000.0,2.0,4816756178270000.0,0.00781251064053,0.125,8.656992832709999e-15,97,0.250000340497,0.25
1280.0,-400.0,-24583.0,-1e+200,-1e+200,-1e+200,-1e+200,3671111.0,1e+200,-1e+200,ref,south_texas_project,west_south_central,covid,-770627029102000.0,82204277.3228,-770627029102000.0,-770626970975000.0,-770627087230000.0,-770627081417000.0,-770626976788000.0,2.0,6757543210170000.0,0.00781171612099,0.25,8.656992832709999e-15,66,0.250000340497,0.124987287705
1280.0,-200.0,-19667.0,-1e+200,-1e+200,-1e+200,-1e+200,3671111.0,1e+200,-1e+200,ref,south_texas_project,west_south_central,covid,-777107968032000.0,46758905.539,-777107968032000.0,-777107934968000.0,-777108001095000.0,-777107997789000.0,-777107938275000.0,2.0,2186395247210000.0,0.00781251064053,0.125,8.656992832709999e-15,72,0.250000340497,0.25
1280.0,-400.0,-24583.0,-1e+200,-1e+200,-1e+200,-1e+200,1835556.0,1e+200,-1e+200,ref,south_texas_project,west_south_central,covid,-813374559797000.0,8829484.86864,-813374559797000.0,-813374553554000.0,-813374566041000.0,-813374565417000.0,-813374554178000.0,2.0,77959803045600.0,0.0078116948421,0.25,8.656992832709999e-15,41,0.249999659503,0.124987287705
1280.0,-200.0,-19667.0,-1e+200,-1e+200,-1e+200,-1e+200,1835556.0,1e+200,-1e+200,ref,south_texas_project,west_south_central,covid,-819855575020000.0,62167027.1126,-819855575020000.0,-819855531062000.0,-819855618979000.0,-819855614583000.0,-819855535457000.0,2.0,3864739260010000.0,0.00781248935947,0.125,8.656992832709999e-15,47,0.249999659503,0.25
1280.0,-400.0,-24583.0,-1e+200,-1e+200,-1e+200,-1e+200,10.0,1e+200,-1e+200,ref,south_texas_project,west_south_central,covid,-856121943333000.0,17223981.5103,-856121943333000.0,-856121931154000.0,-856121955512000.0,-856121954294000.0,-856121932372000.0,2.0,296665539069000.0,0.00390583784555,0.25,8.656992832709999e-15,16,0.124999523304,0.124987287705
1280.0,-200.0,-19667.0,-1e+200,-1e+200,-1e+200,-1e+200,10.0,1e+200,-1e+200,ref,south_texas_project,west_south_central,covid,-862602941770000.0,65989895.9803,-862602941770000.0,-862602895108000.0,-862602988432000.0,-862602983766000.0,-862602899774000.0,2.0,4354666371500000.0,0.00390623510326,0.125,8.656992832709999e-15,22,0.124999523304,0.25
1280.0,-200.0,-24583.0,-1e+200,-1e+200,-1e+200,-1e+200,7342222.0,1e+200,-1e+200,ref,south_texas_project,west_south_central,covid,-981249332313000.0,57857188.1235,-981249332313000.0,-981249291402000.0,-981249373225000.0,-981249369134000.0,-981249295493000.0,2.0,3347454217560000.0,0.00195292849827,0.125,8.656992832709999e-15,121,0.125000136199,0.124987287705
1280.0,-200.0,-24583.0,-1e+200,-1e+200,-1e+200,-1e+200,5506667.0,1e+200,-1e+200,ref,south_texas_project,west_south_central,covid,-1023996867590000.0,21692195.3595,-1023996867590000.0,-1023996852250000.0,-1023996882930000.0,-1023996881400000.0,-1023996853790000.0,2.0,470551339513000.0,0.00390585806049,0.125,8.656992832709999e-15,96,0.250000340497,0.124987287705
1280.0,-200.0,-24583.0,-1e+200,-1e+200,-1e+200,-1e+200,3671111.0,1e+200,-1e+200,ref,south_texas_project,west_south_central,covid,-1066744423600000.0,142931089.408,-1066744423600000.0,-1066744322530000.0,-1066744524670000.0,-1066744514560000.0,-1066744332640000.0,2.0,2.04292963192e+16,0.00390585806049,0.125,8.656992832709999e-15,71,0.250000340497,0.124987287705
1280.0,-200.0,-24583.0,-1e+200,-1e+200,-1e+200,-1e+200,1835556.0,1e+200,-1e+200,ref,south_texas_project,west_south_central,covid,-1109491987170000.0,21448334.7367,-1109491987170000.0,-1109491972010000.0,-1109492002340000.0,-1109492000820000.0,-1109491973520000.0,2.0,460031062979000.0,0.00390584742105,0.125,8.656992832709999e-15,46,0.249999659503,0.124987287705
1280.0,-200.0,-24583.0,-1e+200,-1e+200,-1e+200,-1e+200,10.0,1e+200,-1e+200,ref,south_texas_project,west_south_central,covid,-1152239363700000.0,42164387.3928,-1152239363700000.0,-1152239333880000.0,-1152239393510000.0,-1152239390530000.0,-1152239336860000.0,2.0,1777835564210000.0,0.00195291892277,0.125,8.656992832709999e-15,21,0.124999523304,0.124987287705
