npp_capacity,htse_capacity,meoh_capacity,electricity_market_capacity,naphtha_market_capacity,jet_fuel_market_capacity,diesel_market_capacity,h2_storage_capacity,h2_import_capacity,h2_export_capacity,scenario_label,location_label,fuel_region_label,elec_data_label,mean_NPV,std_NPV,med_NPV,max_NPV,min_NPV,perc_5_NPV,perc_95_NPV,samp_NPV,var_NPV,PointProbability,ProbabilityWeight-h2_storage_capacity,prefix,ProbabilityWeight-htse_capacity,ProbabilityWeight-meoh_capacity,ProbabilityWeight
522.0,-522.0,-12833.0,-1e+200,-1e+200,-1e+200,-1e+200,10.0,1e+200,-1e+200,ref,prairie_island,minnesota,covid,864307107.817,7153.53549002,864307107.817,864312166.131,864302049.504,864302555.335,864311660.3,2.0,51173070.0069,1.0563053673200001e-12,0.12498630137,1,0.125333333333,0.125027109087,0.00195854338395
522.0,-522.0,-12833.0,-1e+200,-1e+200,-1e+200,-1e+200,68440.0,1e+200,-1e+200,ref,prairie_island,minnesota,covid,836884920.225,12371.4174957,836884920.225,836893668.138,836876172.312,836877047.103,836892793.347,2.0,153051970.852,1.0563053673200001e-12,0.24999086758,26,0.125333333333,0.125027109087,0.00391737297911
522.0,-522.0,-12833.0,-1e+200,-1e+200,-1e+200,-1e+200,136880.0,1e+200,-1e+200,ref,prairie_island,minnesota,covid,808160099.284,28898.5430374,808160099.284,808180533.64,808139664.928,808141708.364,808178490.204,2.0,835125789.686,1.0563053673200001e-12,0.25000913242,51,0.125333333333,0.125027109087,0.00391765919034
522.0,-522.0,-12833.0,-1e+200,-1e+200,-1e+200,-1e+200,205320.0,1e+200,-1e+200,ref,prairie_island,minnesota,covid,779571685.57,12356.5897267,779571685.57,779580422.998,779562948.142,779563821.884,779579549.256,2.0,152685309.673,1.0563053673200001e-12,0.25000913242,76,0.125333333333,0.125027109087,0.00391765919034
522.0,-522.0,-12833.0,-1e+200,-1e+200,-1e+200,-1e+200,273760.0,1e+200,-1e+200,ref,prairie_island,minnesota,covid,750900942.565,8634.29595644,750900942.565,750907047.935,750894837.196,750895447.733,750906437.398,2.0,74551066.6633,1.0563053673200001e-12,0.12500456621,101,0.125333333333,0.125027109087,0.00195882959517
522.0,-428.0,-10527.0,-1e+200,-1e+200,-1e+200,-1e+200,10.0,1e+200,-1e+200,ref,prairie_island,minnesota,covid,675307810.427,189188.399159,675307810.427,675441586.827,675174034.027,675187411.667,675428209.187,2.0,35792250376.2,1.0563053673200001e-12,0.12498630137,7,0.250666666667,0.25,0.00783247488584
522.0,-428.0,-10527.0,-1e+200,-1e+200,-1e+200,-1e+200,68440.0,1e+200,-1e+200,ref,prairie_island,minnesota,covid,648494439.69,79438.3120557,648494439.69,648550611.059,648438268.321,648443885.457,648544993.922,2.0,6310445422.25,1.0563053673200001e-12,0.24999086758,32,0.250666666667,0.25,0.0156660943683
522.0,-428.0,-10527.0,-1e+200,-1e+200,-1e+200,-1e+200,136880.0,1e+200,-1e+200,ref,prairie_island,minnesota,covid,619943866.959,97955.7696304,619943866.959,620013132.148,619874601.77,619881528.289,620006205.629,2.0,9595332803.88,1.0563053673200001e-12,0.25000913242,57,0.250666666667,0.25,0.015667238965
522.0,-428.0,-10527.0,-1e+200,-1e+200,-1e+200,-1e+200,205320.0,1e+200,-1e+200,ref,prairie_island,minnesota,covid,591069798.733,145824.835738,591069798.733,591172912.463,590966685.003,590976996.376,591162601.09,2.0,21264882718.1,1.0563053673200001e-12,0.25000913242,82,0.250666666667,0.25,0.015667238965
522.0,-522.0,-10527.0,-1e+200,-1e+200,-1e+200,-1e+200,10.0,1e+200,-1e+200,ref,prairie_island,minnesota,covid,577152867.226,99902.4835508,577152867.226,577223508.949,577082225.502,577089289.674,577216444.777,2.0,9980506219.61,1.0563053673200001e-12,0.12498630137,2,0.125333333333,0.25,0.00391623744292
522.0,-522.0,-10527.0,-1e+200,-1e+200,-1e+200,-1e+200,68440.0,1e+200,-1e+200,ref,prairie_island,minnesota,covid,564433707.714,24812.9454687,564433707.714,564451253.116,564416162.312,564417916.852,564449498.576,2.0,615682262.83,1.0563053673200001e-12,0.24999086758,27,0.125333333333,0.25,0.00783304718417
522.0,-428.0,-10527.0,-1e+200,-1e+200,-1e+200,-1e+200,273760.0,1e+200,-1e+200,ref,prairie_island,minnesota,covid,562605846.954,224911.029445,562605846.954,562764883.069,562446810.84,562462714.452,562748979.457,2.0,50584971166.0,1.0563053673200001e-12,0.12500456621,107,0.250666666667,0.25,0.0078336194825
522.0,-522.0,-10527.0,-1e+200,-1e+200,-1e+200,-1e+200,136880.0,1e+200,-1e+200,ref,prairie_island,minnesota,covid,535930701.594,35514.4084143,535930701.594,535955814.073,535905589.115,535908100.363,535953302.825,2.0,1261273205.02,1.0563053673200001e-12,0.25000913242,52,0.125333333333,0.25,0.0078336194825
522.0,-522.0,-10527.0,-1e+200,-1e+200,-1e+200,-1e+200,205320.0,1e+200,-1e+200,ref,prairie_island,minnesota,covid,507334736.067,337241.931876,507334736.067,507573202.124,507096270.01,507120116.616,507549355.519,2.0,113732120615.0,1.0563053673200001e-12,0.25000913242,77,0.125333333333,0.25,0.0078336194825
522.0,-334.0,-8222.0,-1e+200,-1e+200,-1e+200,-1e+200,10.0,1e+200,-1e+200,ref,prairie_island,minnesota,covid,492009552.349,45501.6691984,492009552.349,492041726.888,491977377.81,491980595.264,492038509.434,2.0,2070401899.84,1.0563053673200001e-12,0.12498630137,13,0.249333333333,0.25,0.00779081278539
522.0,-522.0,-10527.0,-1e+200,-1e+200,-1e+200,-1e+200,273760.0,1e+200,-1e+200,ref,prairie_island,minnesota,covid,478008716.886,137509.346871,478008716.886,478105950.678,477911483.094,477921206.474,478096227.299,2.0,18908820477.0,1.0563053673200001e-12,0.12500456621,102,0.125333333333,0.25,0.00391680974125
522.0,-334.0,-8222.0,-1e+200,-1e+200,-1e+200,-1e+200,68440.0,1e+200,-1e+200,ref,prairie_island,minnesota,covid,464256538.545,115034.80734,464256538.545,464337880.437,464175196.653,464183330.842,464329746.248,2.0,13233006899.9,1.0563053673200001e-12,0.24999086758,38,0.249333333333,0.25,0.0155827640791
522.0,-334.0,-8222.0,-1e+200,-1e+200,-1e+200,-1e+200,136880.0,1e+200,-1e+200,ref,prairie_island,minnesota,covid,436081445.234,151795.10344,436081445.234,436188780.581,435974109.887,435984843.422,436178047.046,2.0,23041753428.5,1.0563053673200001e-12,0.25000913242,63,0.249333333333,0.25,0.0155839025875
522.0,-334.0,-8222.0,-1e+200,-1e+200,-1e+200,-1e+200,205320.0,1e+200,-1e+200,ref,prairie_island,minnesota,covid,407351043.518,16221.6187704,407351043.518,407362513.934,407339573.101,407340720.143,407361366.893,2.0,263140915.531,1.0563053673200001e-12,0.25000913242,88,0.249333333333,0.25,0.0155839025875
522.0,-428.0,-8222.0,-1e+200,-1e+200,-1e+200,-1e+200,10.0,1e+200,-1e+200,ref,prairie_island,minnesota,covid,392628799.458,56949.6753539,392628799.458,392669068.959,392588529.956,392592556.906,392665042.009,2.0,3243265522.92,1.0563053673200001e-12,0.12498630137,8,0.250666666667,0.25,0.00783247488584
522.0,-428.0,-8222.0,-1e+200,-1e+200,-1e+200,-1e+200,68440.0,1e+200,-1e+200,ref,prairie_island,minnesota,covid,379887236.623,478619.555822,379887236.623,380225671.757,379548801.49,379582645.003,380191828.243,2.0,229076679215.0,1.0563053673200001e-12,0.24999086758,33,0.250666666667,0.25,0.0156660943683
522.0,-334.0,-8222.0,-1e+200,-1e+200,-1e+200,-1e+200,273760.0,1e+200,-1e+200,ref,prairie_island,minnesota,covid,378569772.674,27750.6614937,378569772.674,378589395.355,378550149.993,378552112.261,378587433.087,2.0,770099213.337,1.0563053673200001e-12,0.12500456621,113,0.249333333333,0.25,0.00779195129376
522.0,-428.0,-8222.0,-1e+200,-1e+200,-1e+200,-1e+200,136880.0,1e+200,-1e+200,ref,prairie_island,minnesota,covid,350476030.552,129654.667158,350476030.552,350567710.246,350384350.857,350393518.827,350558542.276,2.0,16810332716.0,1.0563053673200001e-12,0.25000913242,58,0.250666666667,0.25,0.015667238965
522.0,-428.0,-8222.0,-1e+200,-1e+200,-1e+200,-1e+200,205320.0,1e+200,-1e+200,ref,prairie_island,minnesota,covid,321556794.474,414217.154139,321556794.474,321849690.232,321263898.715,321293188.291,321820400.656,2.0,171575850783.0,1.0563053673200001e-12,0.25000913242,83,0.250666666667,0.25,0.015667238965
522.0,-241.0,-5916.0,-1e+200,-1e+200,-1e+200,-1e+200,10.0,1e+200,-1e+200,ref,prairie_island,minnesota,covid,314545443.459,170425.96957,314545443.459,314665952.818,314424934.1,314436985.036,314653901.882,2.0,29045011103.7,1.0563053673200001e-12,0.12498630137,19,0.249333333333,0.25,0.00779081278539
522.0,-522.0,-8222.0,-1e+200,-1e+200,-1e+200,-1e+200,10.0,1e+200,-1e+200,ref,prairie_island,minnesota,covid,294166740.155,18431.9117699,294166740.155,294179773.485,294153706.826,294155010.159,294178470.152,2.0,339735371.493,1.0563053673200001e-12,0.12498630137,3,0.125333333333,0.25,0.00391623744292
522.0,-428.0,-8222.0,-1e+200,-1e+200,-1e+200,-1e+200,273760.0,1e+200,-1e+200,ref,prairie_island,minnesota,covid,293358195.576,392072.086271,293358195.576,293635432.407,293080958.745,293108682.428,293607708.724,2.0,153720520833.0,1.0563053673200001e-12,0.12500456621,108,0.250666666667,0.25,0.0078336194825
522.0,-522.0,-8222.0,-1e+200,-1e+200,-1e+200,-1e+200,68440.0,1e+200,-1e+200,ref,prairie_island,minnesota,covid,290211898.815,288614.204829,290211898.815,290415979.877,290007817.754,290028225.86,290395571.771,2.0,83298159229.1,1.0563053673200001e-12,0.24999086758,28,0.125333333333,0.25,0.00783304718417
522.0,-241.0,-5916.0,-1e+200,-1e+200,-1e+200,-1e+200,68440.0,1e+200,-1e+200,ref,prairie_island,minnesota,covid,286886705.809,526109.902549,286886705.809,287258721.689,286514689.929,286551891.517,287221520.101,2.0,276791629560.0,1.0563053673200001e-12,0.24999086758,44,0.249333333333,0.25,0.0155827640791
522.0,-522.0,-8222.0,-1e+200,-1e+200,-1e+200,-1e+200,136880.0,1e+200,-1e+200,ref,prairie_island,minnesota,covid,261702763.84,148117.310811,261702763.84,261807498.595,261598029.085,261608502.56,261797025.119,2.0,21938737761.8,1.0563053673200001e-12,0.25000913242,53,0.125333333333,0.25,0.0078336194825
522.0,-241.0,-5916.0,-1e+200,-1e+200,-1e+200,-1e+200,136880.0,1e+200,-1e+200,ref,prairie_island,minnesota,covid,258394982.586,320010.929288,258394982.586,258621264.484,258168700.688,258191328.878,258598636.294,2.0,102406994864.0,1.0563053673200001e-12,0.25000913242,69,0.249333333333,0.25,0.0155839025875
522.0,-522.0,-8222.0,-1e+200,-1e+200,-1e+200,-1e+200,205320.0,1e+200,-1e+200,ref,prairie_island,minnesota,covid,232616367.709,174199.993483,232616367.709,232739545.706,232493189.712,232505507.512,232727227.906,2.0,30345637729.4,1.0563053673200001e-12,0.25000913242,78,0.125333333333,0.25,0.0078336194825
522.0,-241.0,-5916.0,-1e+200,-1e+200,-1e+200,-1e+200,205320.0,1e+200,-1e+200,ref,prairie_island,minnesota,covid,229744053.42,204701.755236,229744053.42,229888799.419,229599307.42,229613782.02,229874324.819,2.0,41902808596.7,1.0563053673200001e-12,0.25000913242,94,0.249333333333,0.25,0.0155839025875
522.0,-334.0,-5916.0,-1e+200,-1e+200,-1e+200,-1e+200,10.0,1e+200,-1e+200,ref,prairie_island,minnesota,covid,214904098.566,65025.2496396,214904098.566,214950078.361,214858118.771,214862716.75,214945480.381,2.0,4228283090.69,1.0563053673200001e-12,0.12498630137,14,0.249333333333,0.25,0.00779081278539
522.0,-522.0,-8222.0,-1e+200,-1e+200,-1e+200,-1e+200,273760.0,1e+200,-1e+200,ref,prairie_island,minnesota,covid,203786147.101,146417.716752,203786147.101,203889680.062,203682614.141,203692967.437,203879326.766,2.0,21438147778.8,1.0563053673200001e-12,0.12500456621,103,0.125333333333,0.25,0.00391680974125
522.0,-241.0,-5916.0,-1e+200,-1e+200,-1e+200,-1e+200,273760.0,1e+200,-1e+200,ref,prairie_island,minnesota,covid,200613149.647,67449.1571288,200613149.647,200660843.404,200565455.891,200570225.266,200656074.028,2.0,4549388797.39,1.0563053673200001e-12,0.12500456621,119,0.249333333333,0.25,0.00779195129376
522.0,-334.0,-5916.0,-1e+200,-1e+200,-1e+200,-1e+200,68440.0,1e+200,-1e+200,ref,prairie_island,minnesota,covid,200357188.209,363610.375535,200357188.209,200614299.571,200100076.847,200125787.983,200588588.435,2.0,132212505196.0,1.0563053673200001e-12,0.24999086758,39,0.249333333333,0.25,0.0155827640791
522.0,-334.0,-5916.0,-1e+200,-1e+200,-1e+200,-1e+200,136880.0,1e+200,-1e+200,ref,prairie_island,minnesota,covid,171225205.064,337879.408249,171225205.064,171464121.884,170986288.243,171010179.925,171440230.202,2.0,114162494519.0,1.0563053673200001e-12,0.25000913242,64,0.249333333333,0.25,0.0155839025875
522.0,-147.0,-3611.0,-1e+200,-1e+200,-1e+200,-1e+200,10.0,1e+200,-1e+200,ref,prairie_island,minnesota,covid,149568180.872,76173.1844782,149568180.872,149622043.448,149514318.297,149519704.555,149616657.19,2.0,5802354033.55,1.0563053673200001e-12,0.12498630137,25,0.125333333333,0.124972890913,0.00195769405898
522.0,-334.0,-5916.0,-1e+200,-1e+200,-1e+200,-1e+200,205320.0,1e+200,-1e+200,ref,prairie_island,minnesota,covid,142467718.992,451347.439151,142467718.992,142786869.827,142148568.157,142180483.241,142754954.744,2.0,203714510828.0,1.0563053673200001e-12,0.25000913242,89,0.249333333333,0.25,0.0155839025875
522.0,-147.0,-3611.0,-1e+200,-1e+200,-1e+200,-1e+200,68440.0,1e+200,-1e+200,ref,prairie_island,minnesota,covid,121437746.713,206197.018717,121437746.713,121583550.023,121291943.403,121306523.734,121568969.692,2.0,42517210527.7,1.0563053673200001e-12,0.24999086758,50,0.125333333333,0.124972890913,0.00391567420506
522.0,-428.0,-5916.0,-1e+200,-1e+200,-1e+200,-1e+200,10.0,1e+200,-1e+200,ref,prairie_island,minnesota,covid,115381779.344,142254.733339,115381779.344,115482368.63,115281190.057,115291248.986,115472309.702,2.0,20236409157.4,1.0563053673200001e-12,0.12498630137,9,0.250666666667,0.25,0.00783247488584
522.0,-334.0,-5916.0,-1e+200,-1e+200,-1e+200,-1e+200,273760.0,1e+200,-1e+200,ref,prairie_island,minnesota,covid,113986535.682,527342.084315,113986535.682,114359422.846,113613648.519,113650937.235,114322134.13,2.0,278089673889.0,1.0563053673200001e-12,0.12500456621,114,0.249333333333,0.25,0.00779195129376
522.0,-428.0,-5916.0,-1e+200,-1e+200,-1e+200,-1e+200,68440.0,1e+200,-1e+200,ref,prairie_island,minnesota,covid,108608537.085,1081019.37926,108608537.085,109372933.218,107844140.951,107920580.564,109296493.605,2.0,1168602898330.0,1.0563053673200001e-12,0.24999086758,34,0.250666666667,0.25,0.0156660943683
522.0,-147.0,-3611.0,-1e+200,-1e+200,-1e+200,-1e+200,136880.0,1e+200,-1e+200,ref,prairie_island,minnesota,covid,93181539.4721,51486.7642216,93181539.4721,93217946.1122,93145132.832,93148773.496,93214305.4482,2.0,2650886890.01,1.0563053673200001e-12,0.25000913242,75,0.125333333333,0.124972890913,0.00391596029216
522.0,-428.0,-5916.0,-1e+200,-1e+200,-1e+200,-1e+200,136880.0,1e+200,-1e+200,ref,prairie_island,minnesota,covid,79992247.5659,7537.78410192,79992247.5659,79997577.5841,79986917.5476,79987450.5495,79997044.5823,2.0,56818189.1671,1.0563053673200001e-12,0.25000913242,59,0.250666666667,0.25,0.015667238965
522.0,-147.0,-3611.0,-1e+200,-1e+200,-1e+200,-1e+200,205320.0,1e+200,-1e+200,ref,prairie_island,minnesota,covid,64626169.3191,512866.419482,64626169.3191,64988820.6422,64263517.9961,64299783.1284,64952555.5099,2.0,263031964232.0,1.0563053673200001e-12,0.25000913242,100,0.125333333333,0.124972890913,0.00391596029216
522.0,-428.0,-5916.0,-1e+200,-1e+200,-1e+200,-1e+200,205320.0,1e+200,-1e+200,ref,prairie_island,minnesota,covid,50805987.8765,42376.1471476,50805987.8765,50835952.3375,50776023.4155,50779019.8616,50832955.8914,2.0,1795737847.07,1.0563053673200001e-12,0.25000913242,84,0.250666666667,0.25,0.015667238965
522.0,-241.0,-3611.0,-1e+200,-1e+200,-1e+200,-1e+200,10.0,1e+200,-1e+200,ref,prairie_island,minnesota,covid,47380232.5273,220582.049071,47380232.5273,47536207.59,47224257.4646,47239854.9709,47520610.0838,2.0,48656440372.6,1.0563053673200001e-12,0.12498630137,20,0.249333333333,0.124972890913,0.00389456158541
522.0,-147.0,-3611.0,-1e+200,-1e+200,-1e+200,-1e+200,273760.0,1e+200,-1e+200,ref,prairie_island,minnesota,covid,36069613.0451,439416.555461,36069613.0451,36380327.4712,35758898.619,35789970.0616,36349256.0286,2.0,193086909213.0,1.0563053673200001e-12,0.12500456621,125,0.125333333333,0.124972890913,0.00195798014608
522.0,-241.0,-3611.0,-1e+200,-1e+200,-1e+200,-1e+200,68440.0,1e+200,-1e+200,ref,prairie_island,minnesota,covid,30225404.8586,81620.4643494,30225404.8586,30283119.2424,30167690.4747,30173461.9131,30277347.804,2.0,6661900200.62,1.0563053673200001e-12,0.24999086758,45,0.249333333333,0.124972890913,0.00778969230155
522.0,-428.0,-5916.0,-1e+200,-1e+200,-1e+200,-1e+200,273760.0,1e+200,-1e+200,ref,prairie_island,minnesota,covid,21711375.8205,170809.415315,21711375.8205,21832156.3164,21590595.3247,21602673.3742,21820078.2668,2.0,29175856360.3,1.0563053673200001e-12,0.12500456621,109,0.250666666667,0.25,0.0078336194825
522.0,-522.0,-5916.0,-1e+200,-1e+200,-1e+200,-1e+200,10.0,1e+200,-1e+200,ref,prairie_island,minnesota,covid,16879805.9304,2326.75329624,16879805.9304,16881451.1934,16878160.6673,16878325.1936,16881286.6671,2.0,5413780.90159,1.0563053673200001e-12,0.12498630137,4,0.125333333333,0.25,0.00391623744292
522.0,-522.0,-5916.0,-1e+200,-1e+200,-1e+200,-1e+200,68440.0,1e+200,-1e+200,ref,prairie_island,minnesota,covid,15000159.6135,819207.695384,15000159.6135,15579426.9301,14420892.2969,14478819.0286,15521500.1985,2.0,671101248177.0,1.0563053673200001e-12,0.24999086758,29,0.125333333333,0.25,0.00783304718417
522.0,-241.0,-3611.0,-1e+200,-1e+200,-1e+200,-1e+200,136880.0,1e+200,-1e+200,ref,prairie_island,minnesota,covid,953389.370121,196935.549878,953389.370121,1092643.8329,814134.907345,828060.353622,1078718.38662,2.0,38783610805.9,1.0563053673200001e-12,0.25000913242,70,0.249333333333,0.124972890913,0.00779026143228
522.0,-522.0,-5916.0,-1e+200,-1e+200,-1e+200,-1e+200,136880.0,1e+200,-1e+200,ref,prairie_island,minnesota,covid,-13616445.7135,1148882.72641,-13616445.7135,-12804062.9469,-14428828.4801,-14347590.2035,-12885301.2235,2.0,1319931519040.0,1.0563053673200001e-12,0.25000913242,54,0.125333333333,0.25,0.0078336194825
522.0,-241.0,-3611.0,-1e+200,-1e+200,-1e+200,-1e+200,205320.0,1e+200,-1e+200,ref,prairie_island,minnesota,covid,-27421821.7996,87358.7217718,-27421821.7996,-27360049.855,-27483593.7442,-27477416.5497,-27366227.0495,2.0,7631546269.6,1.0563053673200001e-12,0.25000913242,95,0.249333333333,0.124972890913,0.00779026143228
522.0,-522.0,-5916.0,-1e+200,-1e+200,-1e+200,-1e+200,205320.0,1e+200,-1e+200,ref,prairie_island,minnesota,covid,-42116913.9511,955784.872973,-42116913.9511,-41441071.9861,-42792755.9161,-42725171.7196,-41508656.1826,2.0,913524723404.0,1.0563053673200001e-12,0.25000913242,79,0.125333333333,0.25,0.0078336194825
522.0,-334.0,-3611.0,-1e+200,-1e+200,-1e+200,-1e+200,10.0,1e+200,-1e+200,ref,prairie_island,minnesota,covid,-52673703.8577,635229.838443,-52673703.8577,-52224528.5313,-53122879.184,-53077961.6514,-52269446.0639,2.0,403516947648.0,1.0563053673200001e-12,0.12498630137,15,0.249333333333,0.124972890913,0.00389456158541
522.0,-241.0,-3611.0,-1e+200,-1e+200,-1e+200,-1e+200,273760.0,1e+200,-1e+200,ref,prairie_island,minnesota,covid,-56199269.8148,143682.622261,-56199269.8148,-56097670.8582,-56300868.7713,-56290708.8757,-56107830.7539,2.0,20644695939.8,1.0563053673200001e-12,0.12500456621,120,0.249333333333,0.124972890913,0.00389513071614
522.0,-334.0,-3611.0,-1e+200,-1e+200,-1e+200,-1e+200,68440.0,1e+200,-1e+200,ref,prairie_island,minnesota,covid,-63942679.8277,172138.723573,-63942679.8277,-63820959.3689,-64064400.2864,-64052228.2406,-63833131.4148,2.0,29631740153.5,1.0563053673200001e-12,0.24999086758,40,0.249333333333,0.124972890913,0.00778969230155
522.0,-522.0,-5916.0,-1e+200,-1e+200,-1e+200,-1e+200,273760.0,1e+200,-1e+200,ref,prairie_island,minnesota,covid,-71233367.064,527864.517042,-71233367.064,-70860110.4845,-71606623.6436,-71569297.9856,-70897436.1424,2.0,278640948352.0,1.0563053673200001e-12,0.12500456621,104,0.125333333333,0.25,0.00391680974125
522.0,-334.0,-3611.0,-1e+200,-1e+200,-1e+200,-1e+200,136880.0,1e+200,-1e+200,ref,prairie_island,minnesota,covid,-92842139.2054,524664.594979,-92842139.2054,-92471145.3125,-93213133.0984,-93176033.7091,-92508244.7018,2.0,275272937224.0,1.0563053673200001e-12,0.25000913242,65,0.249333333333,0.124972890913,0.00779026143228
522.0,-334.0,-3611.0,-1e+200,-1e+200,-1e+200,-1e+200,205320.0,1e+200,-1e+200,ref,prairie_island,minnesota,covid,-121853792.821,107164.512522,-121853792.821,-121778016.067,-121929569.574,-121921991.899,-121785593.743,2.0,11484232744.2,1.0563053673200001e-12,0.25000913242,90,0.249333333333,0.124972890913,0.00779026143228
522.0,-334.0,-3611.0,-1e+200,-1e+200,-1e+200,-1e+200,273760.0,1e+200,-1e+200,ref,prairie_island,minnesota,covid,-150242404.681,52240.5742665,-150242404.681,-150205465.017,-150279344.345,-150275650.379,-150209158.983,2.0,2729077599.69,1.0563053673200001e-12,0.12500456621,115,0.249333333333,0.124972890913,0.00389513071614
522.0,-428.0,-3611.0,-1e+200,-1e+200,-1e+200,-1e+200,10.0,1e+200,-1e+200,ref,prairie_island,minnesota,covid,-151989912.845,321357.167154,-151989912.845,-151762679.013,-152217146.677,-152194423.294,-151785402.396,2.0,103270428881.0,1.0563053673200001e-12,0.12498630137,10,0.250666666667,0.124972890913,0.00391538811795
522.0,-428.0,-3611.0,-1e+200,-1e+200,-1e+200,-1e+200,68440.0,1e+200,-1e+200,ref,prairie_island,minnesota,covid,-160183259.966,515703.560689,-160183259.966,-159818602.482,-160547917.451,-160511451.703,-159855068.23,2.0,265950162507.0,1.0563053673200001e-12,0.24999086758,35,0.250666666667,0.124972890913,0.00783134841011
522.0,-428.0,-3611.0,-1e+200,-1e+200,-1e+200,-1e+200,136880.0,1e+200,-1e+200,ref,prairie_island,minnesota,covid,-188301179.829,495986.544651,-188301179.829,-187950464.379,-188651895.278,-188616823.733,-187985535.924,2.0,246002652475.0,1.0563053673200001e-12,0.25000913242,60,0.250666666667,0.124972890913,0.00783192058432
522.0,-428.0,-3611.0,-1e+200,-1e+200,-1e+200,-1e+200,205320.0,1e+200,-1e+200,ref,prairie_island,minnesota,covid,-218167383.445,85820.3633166,-218167383.445,-218106699.284,-218228067.606,-218221999.19,-218112767.7,2.0,7365134759.8,1.0563053673200001e-12,0.25000913242,85,0.250666666667,0.124972890913,0.00783192058432
522.0,-428.0,-3611.0,-1e+200,-1e+200,-1e+200,-1e+200,273760.0,1e+200,-1e+200,ref,prairie_island,minnesota,covid,-246459778.661,472084.850335,-246459778.661,-246125964.262,-246793593.06,-246760211.62,-246159345.702,2.0,222864105916.0,1.0563053673200001e-12,0.12500456621,110,0.250666666667,0.124972890913,0.00391596029216
522.0,-522.0,-3611.0,-1e+200,-1e+200,-1e+200,-1e+200,10.0,1e+200,-1e+200,ref,prairie_island,minnesota,covid,-250194782.653,489339.038338,-250194782.653,-249848767.701,-250540797.606,-250506196.11,-249883369.196,2.0,239452694442.0,1.0563053673200001e-12,0.12498630137,5,0.125333333333,0.124972890913,0.00195769405898
522.0,-522.0,-3611.0,-1e+200,-1e+200,-1e+200,-1e+200,68440.0,1e+200,-1e+200,ref,prairie_island,minnesota,covid,-255238253.76,333394.556205,-255238253.76,-255002508.208,-255473999.311,-255450424.756,-255026082.763,2.0,111151930107.0,1.0563053673200001e-12,0.24999086758,30,0.125333333333,0.124972890913,0.00391567420506
522.0,-522.0,-3611.0,-1e+200,-1e+200,-1e+200,-1e+200,136880.0,1e+200,-1e+200,ref,prairie_island,minnesota,covid,-285114322.357,33970.656382,-285114322.357,-285090301.475,-285138343.238,-285135941.15,-285092703.563,2.0,1154005495.02,1.0563053673200001e-12,0.25000913242,55,0.125333333333,0.124972890913,0.00391596029216
522.0,-522.0,-3611.0,-1e+200,-1e+200,-1e+200,-1e+200,205320.0,1e+200,-1e+200,ref,prairie_island,minnesota,covid,-314333398.837,38458.2006384,-314333398.837,-314306204.782,-314360592.891,-314357873.486,-314308924.188,2.0,1479033196.34,1.0563053673200001e-12,0.25000913242,80,0.125333333333,0.124972890913,0.00391596029216
522.0,-522.0,-3611.0,-1e+200,-1e+200,-1e+200,-1e+200,273760.0,1e+200,-1e+200,ref,prairie_island,minnesota,covid,-342527286.705,495623.626655,-342527286.705,-342176827.878,-342877745.533,-342842699.65,-342211873.761,2.0,245642779299.0,1.0563053673200001e-12,0.12500456621,105,0.125333333333,0.124972890913,0.00195798014608
522.0,-428.0,-12833.0,-1e+200,-1e+200,-1e+200,-1e+200,273760.0,1e+200,-1e+200,ref,prairie_island,minnesota,covid,-104649145813000.0,8296.36232969,-104649145813000.0,-104649145807000.0,-104649145819000.0,-104649145818000.0,-104649145808000.0,2.0,68829627.9055,1.0563053673200001e-12,0.12500456621,106,0.250666666667,0.125027109087,0.00391765919034
522.0,-428.0,-12833.0,-1e+200,-1e+200,-1e+200,-1e+200,205320.0,1e+200,-1e+200,ref,prairie_island,minnesota,covid,-106086859256000.0,65426.7895506,-106086859256000.0,-106086859210000.0,-106086859302000.0,-106086859298000.0,-106086859214000.0,2.0,4280664790.9,1.0563053673200001e-12,0.25000913242,81,0.250666666667,0.125027109087,0.00783531838067
522.0,-428.0,-12833.0,-1e+200,-1e+200,-1e+200,-1e+200,136880.0,1e+200,-1e+200,ref,prairie_island,minnesota,covid,-107524572844000.0,19102.5007423,-107524572844000.0,-107524572830000.0,-107524572857000.0,-107524572856000.0,-107524572832000.0,2.0,364905534.61,1.0563053673200001e-12,0.25000913242,56,0.250666666667,0.125027109087,0.00783531838067
522.0,-334.0,-10527.0,-1e+200,-1e+200,-1e+200,-1e+200,273760.0,1e+200,-1e+200,ref,prairie_island,minnesota,covid,-107637136593000.0,32152.9187386,-107637136593000.0,-107637136570000.0,-107637136616000.0,-107637136614000.0,-107637136573000.0,2.0,1033810183.41,1.0563053673200001e-12,0.12500456621,112,0.249333333333,0.25,0.00779195129376
522.0,-428.0,-12833.0,-1e+200,-1e+200,-1e+200,-1e+200,68440.0,1e+200,-1e+200,ref,prairie_island,minnesota,covid,-108962286391000.0,132206.252277,-108962286391000.0,-108962286298000.0,-108962286485000.0,-108962286475000.0,-108962286307000.0,2.0,17478493141.0,1.0563053673200001e-12,0.24999086758,31,0.250666666667,0.125027109087,0.00783474595823
522.0,-334.0,-10527.0,-1e+200,-1e+200,-1e+200,-1e+200,205320.0,1e+200,-1e+200,ref,prairie_island,minnesota,covid,-109074850096000.0,8131.80532346,-109074850096000.0,-109074850091000.0,-109074850102000.0,-109074850102000.0,-109074850091000.0,2.0,66126257.8186,1.0563053673200001e-12,0.25000913242,87,0.249333333333,0.25,0.0155839025875
522.0,-241.0,-8222.0,-1e+200,-1e+200,-1e+200,-1e+200,273760.0,1e+200,-1e+200,ref,prairie_island,minnesota,covid,-109342737347000.0,39207.1375217,-109342737347000.0,-109342737320000.0,-109342737375000.0,-109342737372000.0,-109342737322000.0,2.0,1537199632.64,1.0563053673200001e-12,0.12500456621,118,0.249333333333,0.25,0.00779195129376
522.0,-428.0,-12833.0,-1e+200,-1e+200,-1e+200,-1e+200,10.0,1e+200,-1e+200,ref,prairie_island,minnesota,covid,-110399789692000.0,58978.8595897,-110399789692000.0,-110399789650000.0,-110399789734000.0,-110399789730000.0,-110399789655000.0,2.0,3478505878.5,1.0563053673200001e-12,0.12498630137,6,0.250666666667,0.125027109087,0.00391708676789
522.0,-334.0,-10527.0,-1e+200,-1e+200,-1e+200,-1e+200,136880.0,1e+200,-1e+200,ref,prairie_island,minnesota,covid,-110512563686000.0,172792.468992,-110512563686000.0,-110512563564000.0,-110512563808000.0,-110512563796000.0,-110512563576000.0,2.0,29857237340.5,1.0563053673200001e-12,0.25000913242,62,0.249333333333,0.25,0.0155839025875
522.0,-241.0,-8222.0,-1e+200,-1e+200,-1e+200,-1e+200,205320.0,1e+200,-1e+200,ref,prairie_island,minnesota,covid,-110780451229000.0,67776.9362777,-110780451229000.0,-110780451182000.0,-110780451277000.0,-110780451273000.0,-110780451186000.0,2.0,4593713091.19,1.0563053673200001e-12,0.25000913242,93,0.249333333333,0.25,0.0155839025875
522.0,-334.0,-10527.0,-1e+200,-1e+200,-1e+200,-1e+200,68440.0,1e+200,-1e+200,ref,prairie_island,minnesota,covid,-111950277282000.0,117583.781226,-111950277282000.0,-111950277199000.0,-111950277365000.0,-111950277357000.0,-111950277207000.0,2.0,13825945607.4,1.0563053673200001e-12,0.24999086758,37,0.249333333333,0.25,0.0155827640791
522.0,-241.0,-8222.0,-1e+200,-1e+200,-1e+200,-1e+200,136880.0,1e+200,-1e+200,ref,prairie_island,minnesota,covid,-112218164846000.0,356120.464423,-112218164846000.0,-112218164594000.0,-112218165098000.0,-112218165072000.0,-112218164619000.0,2.0,126821785181.0,1.0563053673200001e-12,0.25000913242,68,0.249333333333,0.25,0.0155839025875
522.0,-147.0,-5916.0,-1e+200,-1e+200,-1e+200,-1e+200,273760.0,1e+200,-1e+200,ref,prairie_island,minnesota,covid,-112330715088000.0,175449.268043,-112330715088000.0,-112330714964000.0,-112330715212000.0,-112330715199000.0,-112330714976000.0,2.0,30782445656.9,1.0563053673200001e-12,0.12500456621,124,0.125333333333,0.25,0.00391680974125
522.0,-334.0,-10527.0,-1e+200,-1e+200,-1e+200,-1e+200,10.0,1e+200,-1e+200,ref,prairie_island,minnesota,covid,-113387780481000.0,52803.2872735,-113387780481000.0,-113387780444000.0,-113387780518000.0,-113387780515000.0,-113387780448000.0,2.0,2788187146.88,1.0563053673200001e-12,0.12498630137,12,0.249333333333,0.25,0.00779081278539
522.0,-241.0,-8222.0,-1e+200,-1e+200,-1e+200,-1e+200,68440.0,1e+200,-1e+200,ref,prairie_island,minnesota,covid,-113655878285000.0,194084.271766,-113655878285000.0,-113655878147000.0,-113655878422000.0,-113655878408000.0,-113655878161000.0,2.0,37668704547.0,1.0563053673200001e-12,0.24999086758,43,0.249333333333,0.25,0.0155827640791
522.0,-147.0,-5916.0,-1e+200,-1e+200,-1e+200,-1e+200,205320.0,1e+200,-1e+200,ref,prairie_island,minnesota,covid,-113768428386000.0,200946.687835,-113768428386000.0,-113768428244000.0,-113768428528000.0,-113768428514000.0,-113768428258000.0,2.0,40379571351.8,1.0563053673200001e-12,0.25000913242,99,0.125333333333,0.25,0.0078336194825
522.0,-241.0,-8222.0,-1e+200,-1e+200,-1e+200,-1e+200,10.0,1e+200,-1e+200,ref,prairie_island,minnesota,covid,-115093381347000.0,40468.8038446,-115093381347000.0,-115093381318000.0,-115093381375000.0,-115093381372000.0,-115093381321000.0,2.0,1637724084.61,1.0563053673200001e-12,0.12498630137,18,0.249333333333,0.25,0.00779081278539
522.0,-147.0,-5916.0,-1e+200,-1e+200,-1e+200,-1e+200,136880.0,1e+200,-1e+200,ref,prairie_island,minnesota,covid,-115206141587000.0,215189.16633,-115206141587000.0,-115206141435000.0,-115206141739000.0,-115206141724000.0,-115206141450000.0,2.0,46306377305.9,1.0563053673200001e-12,0.25000913242,74,0.125333333333,0.25,0.0078336194825
522.0,-147.0,-5916.0,-1e+200,-1e+200,-1e+200,-1e+200,68440.0,1e+200,-1e+200,ref,prairie_island,minnesota,covid,-116643855515000.0,421456.180829,-116643855515000.0,-116643855217000.0,-116643855813000.0,-116643855783000.0,-116643855247000.0,2.0,177625312359.0,1.0563053673200001e-12,0.24999086758,49,0.125333333333,0.25,0.00783304718417
522.0,-147.0,-5916.0,-1e+200,-1e+200,-1e+200,-1e+200,10.0,1e+200,-1e+200,ref,prairie_island,minnesota,covid,-118081358658000.0,339147.548334,-118081358658000.0,-118081358418000.0,-118081358898000.0,-118081358874000.0,-118081358442000.0,2.0,115021059541.0,1.0563053673200001e-12,0.12498630137,24,0.125333333333,0.25,0.00391623744292
522.0,-334.0,-12833.0,-1e+200,-1e+200,-1e+200,-1e+200,273760.0,1e+200,-1e+200,ref,prairie_island,minnesota,covid,-230188847888000.0,43054.604955,-230188847888000.0,-230188847857000.0,-230188847918000.0,-230188847915000.0,-230188847860000.0,2.0,1853699007.83,1.0563053673200001e-12,0.12500456621,111,0.249333333333,0.125027109087,0.00389682057762
522.0,-334.0,-12833.0,-1e+200,-1e+200,-1e+200,-1e+200,205320.0,1e+200,-1e+200,ref,prairie_island,minnesota,covid,-231626561414000.0,238262.259474,-231626561414000.0,-231626561245000.0,-231626561582000.0,-231626561565000.0,-231626561262000.0,2.0,56768904289.7,1.0563053673200001e-12,0.25000913242,86,0.249333333333,0.125027109087,0.00779364115524
522.0,-241.0,-10527.0,-1e+200,-1e+200,-1e+200,-1e+200,273760.0,1e+200,-1e+200,ref,prairie_island,minnesota,covid,-231841308086000.0,144414.93699,-231841308086000.0,-231841307984000.0,-231841308188000.0,-231841308178000.0,-231841307994000.0,2.0,20855674025.7,1.0563053673200001e-12,0.12500456621,117,0.249333333333,0.25,0.00779195129376
522.0,-334.0,-12833.0,-1e+200,-1e+200,-1e+200,-1e+200,136880.0,1e+200,-1e+200,ref,prairie_island,minnesota,covid,-233064274830000.0,138457.032028,-233064274830000.0,-233064274732000.0,-233064274928000.0,-233064274918000.0,-233064274742000.0,2.0,19170349718.0,1.0563053673200001e-12,0.25000913242,61,0.249333333333,0.125027109087,0.00779364115524
522.0,-241.0,-10527.0,-1e+200,-1e+200,-1e+200,-1e+200,205320.0,1e+200,-1e+200,ref,prairie_island,minnesota,covid,-233279021708000.0,92848.6225444,-233279021708000.0,-233279021642000.0,-233279021773000.0,-233279021767000.0,-233279021649000.0,2.0,8620866708.4,1.0563053673200001e-12,0.25000913242,92,0.249333333333,0.25,0.0155839025875
522.0,-334.0,-12833.0,-1e+200,-1e+200,-1e+200,-1e+200,68440.0,1e+200,-1e+200,ref,prairie_island,minnesota,covid,-234501988280000.0,155014.799096,-234501988280000.0,-234501988171000.0,-234501988390000.0,-234501988379000.0,-234501988182000.0,2.0,24029587938.8,1.0563053673200001e-12,0.24999086758,36,0.249333333333,0.125027109087,0.0077930717776
522.0,-241.0,-10527.0,-1e+200,-1e+200,-1e+200,-1e+200,136880.0,1e+200,-1e+200,ref,prairie_island,minnesota,covid,-234716735209000.0,182018.787225,-234716735209000.0,-234716735080000.0,-234716735338000.0,-234716735325000.0,-234716735093000.0,2.0,33130838902.8,1.0563053673200001e-12,0.25000913242,67,0.249333333333,0.25,0.0155839025875
522.0,-147.0,-8222.0,-1e+200,-1e+200,-1e+200,-1e+200,273760.0,1e+200,-1e+200,ref,prairie_island,minnesota,covid,-234882436212000.0,118760.130696,-234882436212000.0,-234882436128000.0,-234882436296000.0,-234882436288000.0,-234882436137000.0,2.0,14103968643.0,1.0563053673200001e-12,0.12500456621,123,0.125333333333,0.25,0.00391680974125
522.0,-334.0,-12833.0,-1e+200,-1e+200,-1e+200,-1e+200,10.0,1e+200,-1e+200,ref,prairie_island,minnesota,covid,-235939491536000.0,351693.324108,-235939491536000.0,-235939491288000.0,-235939491785000.0,-235939491760000.0,-235939491312000.0,2.0,123688194222.0,1.0563053673200001e-12,0.12498630137,11,0.249333333333,0.125027109087,0.00389625119998
522.0,-241.0,-10527.0,-1e+200,-1e+200,-1e+200,-1e+200,68440.0,1e+200,-1e+200,ref,prairie_island,minnesota,covid,-236154449078000.0,138786.587982,-236154449078000.0,-236154448980000.0,-236154449176000.0,-236154449166000.0,-236154448990000.0,2.0,19261717003.8,1.0563053673200001e-12,0.24999086758,42,0.249333333333,0.25,0.0155827640791
522.0,-147.0,-8222.0,-1e+200,-1e+200,-1e+200,-1e+200,205320.0,1e+200,-1e+200,ref,prairie_island,minnesota,covid,-236320149375000.0,563013.356811,-236320149375000.0,-236320148977000.0,-236320149773000.0,-236320149733000.0,-236320149016000.0,2.0,316984039948.0,1.0563053673200001e-12,0.25000913242,98,0.125333333333,0.25,0.0078336194825
522.0,-241.0,-10527.0,-1e+200,-1e+200,-1e+200,-1e+200,10.0,1e+200,-1e+200,ref,prairie_island,minnesota,covid,-237591952311000.0,89110.9223903,-237591952311000.0,-237591952248000.0,-237591952374000.0,-237591952368000.0,-237591952254000.0,2.0,7940756489.26,1.0563053673200001e-12,0.12498630137,17,0.249333333333,0.25,0.00779081278539
522.0,-147.0,-8222.0,-1e+200,-1e+200,-1e+200,-1e+200,136880.0,1e+200,-1e+200,ref,prairie_island,minnesota,covid,-237757862347000.0,646785.711392,-237757862347000.0,-237757861890000.0,-237757862805000.0,-237757862759000.0,-237757861936000.0,2.0,418331756461.0,1.0563053673200001e-12,0.25000913242,73,0.125333333333,0.25,0.0078336194825
522.0,-147.0,-8222.0,-1e+200,-1e+200,-1e+200,-1e+200,68440.0,1e+200,-1e+200,ref,prairie_island,minnesota,covid,-239195576971000.0,613741.1531,-239195576971000.0,-239195576537000.0,-239195577405000.0,-239195577362000.0,-239195576581000.0,2.0,376678203008.0,1.0563053673200001e-12,0.24999086758,48,0.125333333333,0.25,0.00783304718417
522.0,-147.0,-8222.0,-1e+200,-1e+200,-1e+200,-1e+200,10.0,1e+200,-1e+200,ref,prairie_island,minnesota,covid,-240633080194000.0,193734.485929,-240633080194000.0,-240633080057000.0,-240633080331000.0,-240633080317000.0,-240633080071000.0,2.0,37533051038.1,1.0563053673200001e-12,0.12498630137,23,0.125333333333,0.25,0.00391623744292
522.0,-241.0,-12833.0,-1e+200,-1e+200,-1e+200,-1e+200,273760.0,1e+200,-1e+200,ref,prairie_island,minnesota,covid,-354393019618000.0,106185.208865,-354393019618000.0,-354393019542000.0,-354393019693000.0,-354393019685000.0,-354393019550000.0,2.0,11275298581.7,1.0563053673200001e-12,0.12500456621,116,0.249333333333,0.125027109087,0.00389682057762
522.0,-241.0,-12833.0,-1e+200,-1e+200,-1e+200,-1e+200,205320.0,1e+200,-1e+200,ref,prairie_island,minnesota,covid,-355830732852000.0,384499.034988,-355830732852000.0,-355830732580000.0,-355830733124000.0,-355830733097000.0,-355830732608000.0,2.0,147839507907.0,1.0563053673200001e-12,0.25000913242,91,0.249333333333,0.125027109087,0.00779364115524
522.0,-241.0,-12833.0,-1e+200,-1e+200,-1e+200,-1e+200,136880.0,1e+200,-1e+200,ref,prairie_island,minnesota,covid,-357268446479000.0,332023.93365,-357268446479000.0,-357268446244000.0,-357268446714000.0,-357268446690000.0,-357268446268000.0,2.0,110239892516.0,1.0563053673200001e-12,0.25000913242,66,0.249333333333,0.125027109087,0.00779364115524
522.0,-147.0,-10527.0,-1e+200,-1e+200,-1e+200,-1e+200,273760.0,1e+200,-1e+200,ref,prairie_island,minnesota,covid,-357381006563000.0,91450.4293701,-357381006563000.0,-357381006498000.0,-357381006628000.0,-357381006621000.0,-357381006505000.0,2.0,8363181031.97,1.0563053673200001e-12,0.12500456621,122,0.125333333333,0.25,0.00391680974125
522.0,-241.0,-12833.0,-1e+200,-1e+200,-1e+200,-1e+200,68440.0,1e+200,-1e+200,ref,prairie_island,minnesota,covid,-358706159926000.0,2823.69834849,-358706159926000.0,-358706159924000.0,-358706159928000.0,-358706159928000.0,-358706159924000.0,2.0,7973272.36328,1.0563053673200001e-12,0.24999086758,41,0.249333333333,0.125027109087,0.0077930717776
522.0,-147.0,-10527.0,-1e+200,-1e+200,-1e+200,-1e+200,205320.0,1e+200,-1e+200,ref,prairie_island,minnesota,covid,-358818720553000.0,169074.357906,-358818720553000.0,-358818720434000.0,-358818720673000.0,-358818720661000.0,-358818720446000.0,2.0,28586138501.3,1.0563053673200001e-12,0.25000913242,97,0.125333333333,0.25,0.0078336194825
522.0,-241.0,-12833.0,-1e+200,-1e+200,-1e+200,-1e+200,10.0,1e+200,-1e+200,ref,prairie_island,minnesota,covid,-360143663258000.0,450632.920272,-360143663258000.0,-360143662940000.0,-360143663577000.0,-360143663545000.0,-360143662972000.0,2.0,203070028833.0,1.0563053673200001e-12,0.12498630137,16,0.249333333333,0.125027109087,0.00389625119998
522.0,-147.0,-10527.0,-1e+200,-1e+200,-1e+200,-1e+200,136880.0,1e+200,-1e+200,ref,prairie_island,minnesota,covid,-360256433721000.0,567831.935972,-360256433721000.0,-360256433319000.0,-360256434122000.0,-360256434082000.0,-360256433359000.0,2.0,322433107510.0,1.0563053673200001e-12,0.25000913242,72,0.125333333333,0.25,0.0078336194825
522.0,-147.0,-10527.0,-1e+200,-1e+200,-1e+200,-1e+200,68440.0,1e+200,-1e+200,ref,prairie_island,minnesota,covid,-361694147389000.0,69070.6765222,-361694147389000.0,-361694147341000.0,-361694147438000.0,-361694147433000.0,-361694147345000.0,2.0,4770758355.24,1.0563053673200001e-12,0.24999086758,47,0.125333333333,0.25,0.00783304718417
522.0,-147.0,-10527.0,-1e+200,-1e+200,-1e+200,-1e+200,10.0,1e+200,-1e+200,ref,prairie_island,minnesota,covid,-363131650657000.0,127772.118234,-363131650657000.0,-363131650567000.0,-363131650748000.0,-363131650739000.0,-363131650576000.0,2.0,16325714198.1,1.0563053673200001e-12,0.12498630137,22,0.125333333333,0.25,0.00391623744292
522.0,-147.0,-12833.0,-1e+200,-1e+200,-1e+200,-1e+200,273760.0,1e+200,-1e+200,ref,prairie_island,minnesota,covid,-479932717872000.0,246146.654764,-479932717872000.0,-479932717697000.0,-479932718046000.0,-479932718028000.0,-479932717715000.0,2.0,60588175651.5,1.0563053673200001e-12,0.12500456621,121,0.125333333333,0.125027109087,0.00195882959517
522.0,-147.0,-12833.0,-1e+200,-1e+200,-1e+200,-1e+200,205320.0,1e+200,-1e+200,ref,prairie_island,minnesota,covid,-481370431644000.0,292893.528262,-481370431644000.0,-481370431437000.0,-481370431851000.0,-481370431831000.0,-481370431458000.0,2.0,85786618898.0,1.0563053673200001e-12,0.25000913242,96,0.125333333333,0.125027109087,0.00391765919034
522.0,-147.0,-12833.0,-1e+200,-1e+200,-1e+200,-1e+200,136880.0,1e+200,-1e+200,ref,prairie_island,minnesota,covid,-482808145178000.0,6775.85073072,-482808145178000.0,-482808145173000.0,-482808145182000.0,-482808145182000.0,-482808145173000.0,2.0,45912153.125,1.0563053673200001e-12,0.25000913242,71,0.125333333333,0.125027109087,0.00391765919034
522.0,-147.0,-12833.0,-1e+200,-1e+200,-1e+200,-1e+200,68440.0,1e+200,-1e+200,ref,prairie_island,minnesota,covid,-484245858185000.0,306076.429343,-484245858185000.0,-484245857968000.0,-484245858401000.0,-484245858379000.0,-484245857990000.0,2.0,93682780599.5,1.0563053673200001e-12,0.24999086758,46,0.125333333333,0.125027109087,0.00391737297911
522.0,-147.0,-12833.0,-1e+200,-1e+200,-1e+200,-1e+200,10.0,1e+200,-1e+200,ref,prairie_island,minnesota,covid,-485683361660000.0,39097.5249221,-485683361660000.0,-485683361633000.0,-485683361688000.0,-485683361685000.0,-485683361636000.0,2.0,1528616455.03,1.0563053673200001e-12,0.12498630137,21,0.125333333333,0.125027109087,0.00195854338395
