smr_capacity,htse_capacity,meoh_capacity,electricity_market_capacity,naphtha_market_capacity,jet_fuel_market_capacity,diesel_market_capacity,h2_storage_capacity,h2_import_capacity,h2_export_capacity,scenario_label,location_label,fuel_region_label,co2_location_label,mean_NPV,std_NPV,med_NPV,max_NPV,min_NPV,perc_5_NPV,perc_95_NPV,samp_NPV,var_NPV,ProbabilityWeight-meoh_capacity,ProbabilityWeight-htse_capacity,prefix,ProbabilityWeight,PointProbability,ProbabilityWeight-h2_storage_capacity
1200.0,-947.0,-23798.0,-1e+200,-1e+200,-1e+200,-1e+200,10.0,1e+200,-1e+200,ref,cooper,nebraska,nebraska,1258830110.19,1899407.8003,1258830110.19,1260173194.33,1257487026.06,1257621334.47,1260038885.92,2.0,3607749991830.0,0.125,0.125,1,0.00195310906214,1.7495628323699997e-14,0.124998979977
1200.0,-947.0,-23798.0,-1e+200,-1e+200,-1e+200,-1e+200,888463.0,1e+200,-1e+200,ref,cooper,nebraska,nebraska,882638891.949,1837124.18257,882638891.949,883937934.916,881339848.981,881469753.278,883808030.619,2.0,3375025262200.0,0.125,0.125,26,0.00390624010753,1.7495628323699997e-14,0.249999366882
1200.0,-747.0,-18772.0,-1e+200,-1e+200,-1e+200,-1e+200,10.0,1e+200,-1e+200,ref,cooper,nebraska,nebraska,787723753.354,19150811.5998,787723753.354,801265422.101,774182084.606,775536251.481,799911255.227,2.0,366753584931000.0,0.25,0.25,7,0.00781243624855,1.7495628323699997e-14,0.124998979977
1200.0,-947.0,-18772.0,-1e+200,-1e+200,-1e+200,-1e+200,10.0,1e+200,-1e+200,ref,cooper,nebraska,nebraska,557046102.543,29124513.0637,557046102.543,577640243.229,536451961.857,538511375.926,575580829.161,2.0,848237261195000.0,0.25,0.125,2,0.00390621812428,1.7495628323699997e-14,0.124998979977
1200.0,-947.0,-23798.0,-1e+200,-1e+200,-1e+200,-1e+200,1776926.0,1e+200,-1e+200,ref,cooper,nebraska,nebraska,511281197.868,5620408.66655,511281197.868,515255426.949,507306968.787,507704391.695,514858004.041,2.0,31588993579100.0,0.125,0.125,51,0.00390625989247,1.7495628323699997e-14,0.250000633118
1200.0,-747.0,-18772.0,-1e+200,-1e+200,-1e+200,-1e+200,888463.0,1e+200,-1e+200,ref,cooper,nebraska,nebraska,405217648.324,15053615.2728,405217648.324,415862161.764,394573134.883,395637586.227,414797710.42,2.0,226611332781000.0,0.25,0.25,32,0.0156249604301,1.7495628323699997e-14,0.249999366882
1200.0,-547.0,-13746.0,-1e+200,-1e+200,-1e+200,-1e+200,10.0,1e+200,-1e+200,ref,cooper,nebraska,nebraska,311705832.976,38750745.349,311705832.976,339106747.788,284304918.163,287045009.645,336366656.307,2.0,1501620265110000.0,0.25,0.25,13,0.00781243624855,1.7495628323699997e-14,0.124998979977
1200.0,-947.0,-18772.0,-1e+200,-1e+200,-1e+200,-1e+200,888463.0,1e+200,-1e+200,ref,cooper,nebraska,nebraska,251919099.57,14046688.5689,251919099.57,261851608.311,241986590.83,242979841.704,260858357.437,2.0,197309459753000.0,0.25,0.125,27,0.00781248021507,1.7495628323699997e-14,0.249999366882
1200.0,-947.0,-23798.0,-1e+200,-1e+200,-1e+200,-1e+200,2665388.0,1e+200,-1e+200,ref,cooper,nebraska,nebraska,123276438.671,10295279.5741,123276438.671,130556300.672,115996576.67,116724562.87,129828314.472,2.0,105992781510000.0,0.125,0.125,76,0.00390625989247,1.7495628323699997e-14,0.250000633118
1200.0,-747.0,-13746.0,-1e+200,-1e+200,-1e+200,-1e+200,10.0,1e+200,-1e+200,ref,cooper,nebraska,nebraska,104897125.822,660595.709967,104897125.822,105364237.529,104430014.116,104476725.287,105317526.358,2.0,436386692027.0,0.25,0.25,8,0.00781243624855,1.7495628323699997e-14,0.124998979977
1200.0,-747.0,-18772.0,-1e+200,-1e+200,-1e+200,-1e+200,1776926.0,1e+200,-1e+200,ref,cooper,nebraska,nebraska,32476255.0067,21729120.9368,32476255.0067,47841063.7703,17111446.2431,18647927.1194,46304582.894,2.0,472154696686000.0,0.25,0.25,57,0.0156250395699,1.7495628323699997e-14,0.250000633118
1200.0,-547.0,-13746.0,-1e+200,-1e+200,-1e+200,-1e+200,888463.0,1e+200,-1e+200,ref,cooper,nebraska,nebraska,-11933592.5079,9496428.40774,-11933592.5079,-5218603.58369,-18648581.432,-17977082.5396,-5890102.47611,2.0,90182152503300.0,0.25,0.25,38,0.0156249604301,1.7495628323699997e-14,0.249999366882
1200.0,-947.0,-18772.0,-1e+200,-1e+200,-1e+200,-1e+200,1776926.0,1e+200,-1e+200,ref,cooper,nebraska,nebraska,-92021882.8742,10285307.7259,-92021882.8742,-84749072.0346,-99294693.7138,-98567412.6298,-85476353.1186,2.0,105787555017000.0,0.25,0.125,52,0.00781251978493,1.7495628323699997e-14,0.250000633118
1200.0,-947.0,-13746.0,-1e+200,-1e+200,-1e+200,-1e+200,10.0,1e+200,-1e+200,ref,cooper,nebraska,nebraska,-115829064.847,4726216.20241,-115829064.847,-112487125.321,-119171004.373,-118836810.421,-112821319.274,2.0,22337119592000.0,0.25,0.125,3,0.00390621812428,1.7495628323699997e-14,0.124998979977
1200.0,-347.0,-8720.0,-1e+200,-1e+200,-1e+200,-1e+200,10.0,1e+200,-1e+200,ref,cooper,nebraska,nebraska,-142190674.271,30286570.8269,-142190674.271,-120774834.66,-163606513.882,-161464929.92,-122916418.621,2.0,917276372455000.0,0.25,0.25,19,0.00781243624855,1.7495628323699997e-14,0.124998979977
1200.0,-747.0,-13746.0,-1e+200,-1e+200,-1e+200,-1e+200,888463.0,1e+200,-1e+200,ref,cooper,nebraska,nebraska,-192143165.863,41573322.5858,-192143165.863,-162746387.546,-221539944.18,-218600266.348,-165686065.378,2.0,1728341150830000.0,0.25,0.25,33,0.0156249604301,1.7495628323699997e-14,0.249999366882
1200.0,-947.0,-23798.0,-1e+200,-1e+200,-1e+200,-1e+200,3553851.0,1e+200,-1e+200,ref,cooper,nebraska,nebraska,-244464320.792,18543482.1566,-244464320.792,-231352098.812,-257576542.771,-256265320.573,-232663321.01,2.0,343860730492000.0,0.125,0.125,101,0.0019531310454,1.7495628323699997e-14,0.125000386905
1200.0,-747.0,-18772.0,-1e+200,-1e+200,-1e+200,-1e+200,2665388.0,1e+200,-1e+200,ref,cooper,nebraska,nebraska,-318787964.327,952918.684364,-318787964.327,-318114149.063,-319461779.591,-319394398.064,-318181530.59,2.0,908054019011.0,0.25,0.25,82,0.0156250395699,1.7495628323699997e-14,0.250000633118
1200.0,-547.0,-8720.0,-1e+200,-1e+200,-1e+200,-1e+200,10.0,1e+200,-1e+200,ref,cooper,nebraska,nebraska,-334828899.107,12168845.2121,-334828899.107,-326224226.138,-343433572.075,-342573104.779,-327084693.435,2.0,148080793796000.0,0.25,0.25,14,0.00781243624855,1.7495628323699997e-14,0.124998979977
1200.0,-947.0,-13746.0,-1e+200,-1e+200,-1e+200,-1e+200,888463.0,1e+200,-1e+200,ref,cooper,nebraska,nebraska,-343509813.126,1841141.37484,-343509813.126,-342207929.575,-344811696.677,-344681508.322,-342338117.93,2.0,3389801562150.0,0.25,0.125,28,0.00781248021507,1.7495628323699997e-14,0.249999366882
1200.0,-547.0,-13746.0,-1e+200,-1e+200,-1e+200,-1e+200,1776926.0,1e+200,-1e+200,ref,cooper,nebraska,nebraska,-404116714.292,17370524.0892,-404116714.292,-391833898.916,-416399529.668,-415171248.131,-393062180.453,2.0,301735107135000.0,0.25,0.25,63,0.0156250395699,1.7495628323699997e-14,0.250000633118
1200.0,-947.0,-18772.0,-1e+200,-1e+200,-1e+200,-1e+200,2665388.0,1e+200,-1e+200,ref,cooper,nebraska,nebraska,-463128842.604,12454788.1892,-463128842.604,-454321977.418,-471935707.791,-471055021.273,-455202663.936,2.0,155121748839000.0,0.25,0.125,77,0.00781251978493,1.7495628323699997e-14,0.250000633118
1200.0,-347.0,-8720.0,-1e+200,-1e+200,-1e+200,-1e+200,888463.0,1e+200,-1e+200,ref,cooper,nebraska,nebraska,-476911620.128,47546862.9327,-476911620.128,-443290910.925,-510532329.332,-507170258.412,-446652981.845,2.0,2260704174740000.0,0.25,0.25,44,0.0156249604301,1.7495628323699997e-14,0.249999366882
1200.0,-147.0,-3694.0,-1e+200,-1e+200,-1e+200,-1e+200,10.0,1e+200,-1e+200,ref,cooper,nebraska,nebraska,-532861349.562,80401732.8158,-532861349.562,-476008739.068,-589713960.055,-584028699.006,-481694000.118,2.0,6464438639780000.0,0.125,0.125,25,0.00195310906214,1.7495628323699997e-14,0.124998979977
1200.0,-747.0,-8720.0,-1e+200,-1e+200,-1e+200,-1e+200,10.0,1e+200,-1e+200,ref,cooper,nebraska,nebraska,-558819381.467,7615387.56686,-558819381.467,-553434489.277,-564204273.657,-563665784.438,-553972978.496,2.0,57994127793600.0,0.25,0.25,9,0.00781243624855,1.7495628323699997e-14,0.124998979977
1200.0,-747.0,-13746.0,-1e+200,-1e+200,-1e+200,-1e+200,1776926.0,1e+200,-1e+200,ref,cooper,nebraska,nebraska,-597020034.879,46487183.7359,-597020034.879,-564148632.021,-629891437.737,-626604297.451,-567435772.307,2.0,2161058251690000.0,0.25,0.25,58,0.0156250395699,1.7495628323699997e-14,0.250000633118
1200.0,-547.0,-8720.0,-1e+200,-1e+200,-1e+200,-1e+200,888463.0,1e+200,-1e+200,ref,cooper,nebraska,nebraska,-630801287.332,16929301.7071,-630801287.332,-618830463.294,-642772111.37,-641575028.966,-620027545.698,2.0,286601256291000.0,0.25,0.25,39,0.0156249604301,1.7495628323699997e-14,0.249999366882
1200.0,-747.0,-18772.0,-1e+200,-1e+200,-1e+200,-1e+200,3553851.0,1e+200,-1e+200,ref,cooper,nebraska,nebraska,-709947217.923,20809886.2941,-709947217.923,-695232406.209,-724662029.637,-723190548.466,-696703887.38,2.0,433051367573000.0,0.25,0.25,107,0.00781252418158,1.7495628323699997e-14,0.125000386905
1200.0,-347.0,-3694.0,-1e+200,-1e+200,-1e+200,-1e+200,10.0,1e+200,-1e+200,ref,cooper,nebraska,nebraska,-742681919.863,37456071.4371,-742681919.863,-716196477.753,-769167361.972,-766518817.761,-718845021.964,2.0,1402957287500000.0,0.125,0.25,20,0.00390621812428,1.7495628323699997e-14,0.124998979977
1200.0,-947.0,-13746.0,-1e+200,-1e+200,-1e+200,-1e+200,1776926.0,1e+200,-1e+200,ref,cooper,nebraska,nebraska,-758197459.432,4491118.06746,-758197459.432,-755021759.392,-761373159.473,-761055589.469,-755339329.396,2.0,20170141495900.0,0.25,0.125,53,0.00781251978493,1.7495628323699997e-14,0.250000633118
1200.0,-947.0,-8720.0,-1e+200,-1e+200,-1e+200,-1e+200,10.0,1e+200,-1e+200,ref,cooper,nebraska,nebraska,-791762671.358,327533.463621,-791762671.358,-791531070.224,-791994272.491,-791971112.377,-791554230.338,2.0,107278169791.0,0.25,0.125,4,0.00390621812428,1.7495628323699997e-14,0.124998979977
1200.0,-547.0,-13746.0,-1e+200,-1e+200,-1e+200,-1e+200,2665388.0,1e+200,-1e+200,ref,cooper,nebraska,nebraska,-824910610.02,13014428.0379,-824910610.02,-815708019.701,-834113200.339,-833192941.307,-816628278.733,2.0,169375337155000.0,0.25,0.25,88,0.0156250395699,1.7495628323699997e-14,0.250000633118
1200.0,-347.0,-8720.0,-1e+200,-1e+200,-1e+200,-1e+200,1776926.0,1e+200,-1e+200,ref,cooper,nebraska,nebraska,-829109706.727,13138583.1146,-829109706.727,-819819325.511,-838400087.942,-837471049.82,-820748363.633,2.0,172622366259000.0,0.25,0.25,69,0.0156250395699,1.7495628323699997e-14,0.250000633118
1200.0,-947.0,-18772.0,-1e+200,-1e+200,-1e+200,-1e+200,3553851.0,1e+200,-1e+200,ref,cooper,nebraska,nebraska,-835667207.985,1362531.85911,-835667207.985,-834703752.467,-836630663.502,-836534317.95,-834800098.019,2.0,1856493067100.0,0.25,0.125,102,0.00390626209079,1.7495628323699997e-14,0.125000386905
1200.0,-747.0,-8720.0,-1e+200,-1e+200,-1e+200,-1e+200,888463.0,1e+200,-1e+200,ref,cooper,nebraska,nebraska,-844504146.544,54412944.3167,-844504146.544,-806028384.633,-882979908.455,-879132332.263,-809875960.824,2.0,2960768509210000.0,0.25,0.25,34,0.0156249604301,1.7495628323699997e-14,0.249999366882
1200.0,-147.0,-3694.0,-1e+200,-1e+200,-1e+200,-1e+200,888463.0,1e+200,-1e+200,ref,cooper,nebraska,nebraska,-884687277.784,18009826.2823,-884687277.784,-871952407.492,-897422148.077,-896148661.047,-873225894.521,2.0,324353842718000.0,0.125,0.125,50,0.00390624010753,1.7495628323699997e-14,0.249999366882
1200.0,-747.0,-13746.0,-1e+200,-1e+200,-1e+200,-1e+200,2665388.0,1e+200,-1e+200,ref,cooper,nebraska,nebraska,-930033437.035,7957200.6533,-930033437.035,-924406846.494,-935660027.576,-935097368.522,-924969505.548,2.0,63317042236800.0,0.25,0.25,83,0.0156250395699,1.7495628323699997e-14,0.250000633118
1200.0,-547.0,-3694.0,-1e+200,-1e+200,-1e+200,-1e+200,10.0,1e+200,-1e+200,ref,cooper,nebraska,nebraska,-981086927.467,19608401.717,-981086927.467,-967221693.644,-994952161.289,-993565637.907,-968608217.027,2.0,384489417895000.0,0.125,0.25,15,0.00390621812428,1.7495628323699997e-14,0.124998979977
1200.0,-547.0,-8720.0,-1e+200,-1e+200,-1e+200,-1e+200,1776926.0,1e+200,-1e+200,ref,cooper,nebraska,nebraska,-1038970027.32,71362963.7025,-1038970027.32,-988508791.758,-1089431262.88,-1084385139.32,-993554915.314,2.0,5092672588400000.0,0.25,0.25,64,0.0156250395699,1.7495628323699997e-14,0.250000633118
1200.0,-347.0,-3694.0,-1e+200,-1e+200,-1e+200,-1e+200,888463.0,1e+200,-1e+200,ref,cooper,nebraska,nebraska,-1050381159.85,6541113.67112,-1050381159.85,-1045755894.01,-1055006425.68,-1054543899.1,-1046218420.6,2.0,42786168058500.0,0.125,0.25,45,0.00781248021507,1.7495628323699997e-14,0.249999366882
1200.0,-947.0,-8720.0,-1e+200,-1e+200,-1e+200,-1e+200,888463.0,1e+200,-1e+200,ref,cooper,nebraska,nebraska,-1052303581.76,24308705.2301,-1052303581.76,-1035114731.45,-1069492432.07,-1067773547.04,-1036833616.48,2.0,590913149963000.0,0.25,0.125,29,0.00781248021507,1.7495628323699997e-14,0.249999366882
1200.0,-947.0,-13746.0,-1e+200,-1e+200,-1e+200,-1e+200,2665388.0,1e+200,-1e+200,ref,cooper,nebraska,nebraska,-1128233255.36,6335124.06103,-1128233255.36,-1123753646.18,-1132712864.55,-1132264903.63,-1124201607.1,2.0,40133796868600.0,0.25,0.125,78,0.00781251978493,1.7495628323699997e-14,0.250000633118
1200.0,-747.0,-3694.0,-1e+200,-1e+200,-1e+200,-1e+200,10.0,1e+200,-1e+200,ref,cooper,nebraska,nebraska,-1191701546.24,18816844.4553,-1191701546.24,-1178396027.93,-1205007064.56,-1203676512.72,-1179726579.76,2.0,354073635255000.0,0.125,0.25,10,0.00390621812428,1.7495628323699997e-14,0.124998979977
1200.0,-547.0,-13746.0,-1e+200,-1e+200,-1e+200,-1e+200,3553851.0,1e+200,-1e+200,ref,cooper,nebraska,nebraska,-1202171091.87,72377982.3463,-1202171091.87,-1150992129.74,-1253350053.99,-1248232157.78,-1156110025.95,2.0,5238572328520000.0,0.25,0.25,113,0.00781252418158,1.7495628323699997e-14,0.125000386905
1200.0,-747.0,-8720.0,-1e+200,-1e+200,-1e+200,-1e+200,1776926.0,1e+200,-1e+200,ref,cooper,nebraska,nebraska,-1219201729.58,7012401.68011,-1219201729.58,-1214243212.8,-1224160246.36,-1223664394.68,-1214739064.48,2.0,49173777323200.0,0.25,0.25,59,0.0156250395699,1.7495628323699997e-14,0.250000633118
1200.0,-147.0,-3694.0,-1e+200,-1e+200,-1e+200,-1e+200,1776926.0,1e+200,-1e+200,ref,cooper,nebraska,nebraska,-1232411858.99,20036114.514,-1232411858.99,-1218244186.55,-1246579531.43,-1245162764.19,-1219660953.8,2.0,401445884818000.0,0.125,0.125,75,0.00390625989247,1.7495628323699997e-14,0.250000633118
1200.0,-347.0,-8720.0,-1e+200,-1e+200,-1e+200,-1e+200,2665388.0,1e+200,-1e+200,ref,cooper,nebraska,nebraska,-1291322144.34,17040912.2083,-1291322144.34,-1279272399.76,-1303371888.92,-1302166914.46,-1280477374.22,2.0,290392688890000.0,0.25,0.25,94,0.0156250395699,1.7495628323699997e-14,0.250000633118
1200.0,-747.0,-13746.0,-1e+200,-1e+200,-1e+200,-1e+200,3553851.0,1e+200,-1e+200,ref,cooper,nebraska,nebraska,-1303954564.48,5940692.3183,-1303954564.48,-1299753860.65,-1308155268.3,-1307735197.92,-1300173931.04,2.0,35291825220700.0,0.25,0.25,108,0.00781252418158,1.7495628323699997e-14,0.125000386905
1200.0,-547.0,-3694.0,-1e+200,-1e+200,-1e+200,-1e+200,888463.0,1e+200,-1e+200,ref,cooper,nebraska,nebraska,-1333781849.93,96159939.8868,-1333781849.93,-1265786504.35,-1401777195.5,-1394977660.94,-1272586038.91,2.0,9246734039040000.0,0.125,0.25,40,0.00781248021507,1.7495628323699997e-14,0.249999366882
1200.0,-547.0,-8720.0,-1e+200,-1e+200,-1e+200,-1e+200,2665388.0,1e+200,-1e+200,ref,cooper,nebraska,nebraska,-1383763192.75,15340117.8949,-1383763192.75,-1372916091.37,-1394610294.14,-1393525584.0,-1374000801.5,2.0,235319217030000.0,0.25,0.25,89,0.0156250395699,1.7495628323699997e-14,0.250000633118
1200.0,-947.0,-8720.0,-1e+200,-1e+200,-1e+200,-1e+200,1776926.0,1e+200,-1e+200,ref,cooper,nebraska,nebraska,-1431221997.36,27415236.0313,-1431221997.36,-1411836498.06,-1450607496.67,-1448668946.74,-1413775047.99,2.0,751595166651000.0,0.25,0.125,54,0.00781251978493,1.7495628323699997e-14,0.250000633118
1200.0,-947.0,-3694.0,-1e+200,-1e+200,-1e+200,-1e+200,10.0,1e+200,-1e+200,ref,cooper,nebraska,nebraska,-1445396712.29,49793826.2679,-1445396712.29,-1410187160.07,-1480606264.5,-1477085309.28,-1413708115.29,2.0,2479425134400000.0,0.125,0.125,5,0.00195310906214,1.7495628323699997e-14,0.124998979977
1200.0,-347.0,-3694.0,-1e+200,-1e+200,-1e+200,-1e+200,1776926.0,1e+200,-1e+200,ref,cooper,nebraska,nebraska,-1495477978.6,95286236.0153,-1495477978.6,-1428100434.96,-1562855522.24,-1556117767.87,-1434838189.32,2.0,9079466773960000.0,0.125,0.25,70,0.00781251978493,1.7495628323699997e-14,0.250000633118
1200.0,-947.0,-13746.0,-1e+200,-1e+200,-1e+200,-1e+200,3553851.0,1e+200,-1e+200,ref,cooper,nebraska,nebraska,-1535566685.11,49171012.1699,-1535566685.11,-1500797528.97,-1570335841.25,-1566858925.64,-1504274444.58,2.0,2417788437810000.0,0.25,0.125,103,0.00390626209079,1.7495628323699997e-14,0.125000386905
1200.0,-747.0,-3694.0,-1e+200,-1e+200,-1e+200,-1e+200,888463.0,1e+200,-1e+200,ref,cooper,nebraska,nebraska,-1568536989.41,98778670.725,-1568536989.41,-1498689921.5,-1638384057.32,-1631399350.53,-1505674628.3,2.0,9757225790210000.0,0.125,0.25,35,0.00781248021507,1.7495628323699997e-14,0.249999366882
1200.0,-747.0,-8720.0,-1e+200,-1e+200,-1e+200,-1e+200,2665388.0,1e+200,-1e+200,ref,cooper,nebraska,nebraska,-1654162849.44,812262.705948,-1654162849.44,-1653588492.97,-1654737205.91,-1654679770.26,-1653645928.62,2.0,659770703475.0,0.25,0.25,84,0.0156250395699,1.7495628323699997e-14,0.250000633118
1200.0,-347.0,-8720.0,-1e+200,-1e+200,-1e+200,-1e+200,3553851.0,1e+200,-1e+200,ref,cooper,nebraska,nebraska,-1658226034.18,475952.242798,-1658226034.18,-1657889485.12,-1658562583.24,-1658528928.33,-1657923140.03,2.0,226530537425.0,0.25,0.25,119,0.00781252418158,1.7495628323699997e-14,0.125000386905
1200.0,-147.0,-3694.0,-1e+200,-1e+200,-1e+200,-1e+200,2665388.0,1e+200,-1e+200,ref,cooper,nebraska,nebraska,-1673151914.16,56144147.416,-1673151914.16,-1633452006.8,-1712851821.52,-1708881830.78,-1637421997.53,2.0,3152165289070000.0,0.125,0.125,100,0.00390625989247,1.7495628323699997e-14,0.250000633118
1200.0,-547.0,-3694.0,-1e+200,-1e+200,-1e+200,-1e+200,1776926.0,1e+200,-1e+200,ref,cooper,nebraska,nebraska,-1682672831.22,66465659.5828,-1682672831.22,-1635674512.62,-1729671149.83,-1724971317.97,-1640374344.48,2.0,4417683903780000.0,0.125,0.25,65,0.00781251978493,1.7495628323699997e-14,0.250000633118
1200.0,-947.0,-3694.0,-1e+200,-1e+200,-1e+200,-1e+200,888463.0,1e+200,-1e+200,ref,cooper,nebraska,nebraska,-1743036412.1,17875316.1612,-1743036412.1,-1730396654.83,-1755676169.37,-1754412193.65,-1731660630.56,2.0,319526927863000.0,0.125,0.125,30,0.00390624010753,1.7495628323699997e-14,0.249999366882
1200.0,-547.0,-8720.0,-1e+200,-1e+200,-1e+200,-1e+200,3553851.0,1e+200,-1e+200,ref,cooper,nebraska,nebraska,-1780346140.24,11691083.2738,-1780346140.24,-1772079295.97,-1788612984.5,-1787786300.07,-1772905980.4,2.0,136681428116000.0,0.25,0.25,114,0.00781252418158,1.7495628323699997e-14,0.125000386905
1200.0,-347.0,-3694.0,-1e+200,-1e+200,-1e+200,-1e+200,2665388.0,1e+200,-1e+200,ref,cooper,nebraska,nebraska,-1842214943.68,27434850.4538,-1842214943.68,-1822815574.89,-1861614312.48,-1859674375.6,-1824755511.77,2.0,752671019423000.0,0.125,0.25,95,0.00781251978493,1.7495628323699997e-14,0.250000633118
1200.0,-947.0,-8720.0,-1e+200,-1e+200,-1e+200,-1e+200,2665388.0,1e+200,-1e+200,ref,cooper,nebraska,nebraska,-1866710163.19,52500090.96,-1866710163.19,-1829586992.86,-1903833333.52,-1900121016.49,-1833299309.9,2.0,2756259550810000.0,0.25,0.125,79,0.00781251978493,1.7495628323699997e-14,0.250000633118
1200.0,-747.0,-8720.0,-1e+200,-1e+200,-1e+200,-1e+200,3553851.0,1e+200,-1e+200,ref,cooper,nebraska,nebraska,-1992953962.45,33167342.0285,-1992953962.45,-1969501109.98,-2016406814.91,-2014061529.66,-1971846395.23,2.0,1100072577240000.0,0.25,0.25,109,0.00781252418158,1.7495628323699997e-14,0.125000386905
1200.0,-747.0,-3694.0,-1e+200,-1e+200,-1e+200,-1e+200,1776926.0,1e+200,-1e+200,ref,cooper,nebraska,nebraska,-1994426027.31,98625781.413,-1994426027.31,-1924687068.47,-2064164986.15,-2057191090.26,-1931660964.36,2.0,9727044759330000.0,0.125,0.25,60,0.00781251978493,1.7495628323699997e-14,0.250000633118
1200.0,-147.0,-3694.0,-1e+200,-1e+200,-1e+200,-1e+200,3553851.0,1e+200,-1e+200,ref,cooper,nebraska,nebraska,-2003795965.66,42587838.1838,-2003795965.66,-1973681816.49,-2033910114.84,-2030898699.92,-1976693231.4,2.0,1813723961170000.0,0.125,0.125,125,0.0019531310454,1.7495628323699997e-14,0.125000386905
1200.0,-547.0,-3694.0,-1e+200,-1e+200,-1e+200,-1e+200,2665388.0,1e+200,-1e+200,ref,cooper,nebraska,nebraska,-2063609341.16,37333415.1892,-2063609341.16,-2037210630.12,-2090008052.21,-2087368181.11,-2039850501.22,2.0,1393783889690000.0,0.125,0.25,90,0.00781251978493,1.7495628323699997e-14,0.250000633118
1200.0,-947.0,-3694.0,-1e+200,-1e+200,-1e+200,-1e+200,1776926.0,1e+200,-1e+200,ref,cooper,nebraska,nebraska,-2142599635.3,18461888.4391,-2142599635.3,-2129545108.79,-2155654161.81,-2154348709.16,-2130850561.44,2.0,340841324739000.0,0.125,0.125,55,0.00390625989247,1.7495628323699997e-14,0.250000633118
1200.0,-947.0,-8720.0,-1e+200,-1e+200,-1e+200,-1e+200,3553851.0,1e+200,-1e+200,ref,cooper,nebraska,nebraska,-2207309563.38,40205759.5969,-2207309563.38,-2178879798.12,-2235739328.63,-2232896352.11,-2181722774.65,2.0,1616503104770000.0,0.25,0.125,104,0.00390626209079,1.7495628323699997e-14,0.125000386905
1200.0,-347.0,-3694.0,-1e+200,-1e+200,-1e+200,-1e+200,3553851.0,1e+200,-1e+200,ref,cooper,nebraska,nebraska,-2219135820.2,22795396.7098,-2219135820.2,-2203017040.61,-2235254599.79,-2233642721.83,-2204628918.56,2.0,519630111156000.0,0.125,0.25,120,0.00390626209079,1.7495628323699997e-14,0.125000386905
1200.0,-747.0,-3694.0,-1e+200,-1e+200,-1e+200,-1e+200,2665388.0,1e+200,-1e+200,ref,cooper,nebraska,nebraska,-2291192779.35,29698373.291,-2291192779.35,-2270192858.21,-2312192700.5,-2310092708.38,-2272292850.32,2.0,881993376134000.0,0.125,0.25,85,0.00781251978493,1.7495628323699997e-14,0.250000633118
1200.0,-547.0,-3694.0,-1e+200,-1e+200,-1e+200,-1e+200,3553851.0,1e+200,-1e+200,ref,cooper,nebraska,nebraska,-2455744854.49,2043083.68974,-2455744854.49,-2454300176.16,-2457189532.82,-2457045064.99,-2454444643.99,2.0,4174190963270.0,0.125,0.25,115,0.00390626209079,1.7495628323699997e-14,0.125000386905
1200.0,-947.0,-3694.0,-1e+200,-1e+200,-1e+200,-1e+200,2665388.0,1e+200,-1e+200,ref,cooper,nebraska,nebraska,-2521199346.55,848354.888343,-2521199346.55,-2520599469.06,-2521799224.05,-2521739236.3,-2520659456.81,2.0,719706016576.0,0.125,0.125,80,0.00390625989247,1.7495628323699997e-14,0.250000633118
1200.0,-747.0,-3694.0,-1e+200,-1e+200,-1e+200,-1e+200,3553851.0,1e+200,-1e+200,ref,cooper,nebraska,nebraska,-2676951252.53,23586195.0621,-2676951252.53,-2660273294.06,-2693629211.0,-2691961415.15,-2661941089.9,2.0,556308597509000.0,0.125,0.25,110,0.00390626209079,1.7495628323699997e-14,0.125000386905
1200.0,-947.0,-3694.0,-1e+200,-1e+200,-1e+200,-1e+200,3553851.0,1e+200,-1e+200,ref,cooper,nebraska,nebraska,-2893112832.8,26995576.7342,-2893112832.8,-2874024077.43,-2912201588.17,-2910292712.63,-2875932952.96,2.0,728761163214000.0,0.125,0.125,105,0.0019531310454,1.7495628323699997e-14,0.125000386905
1200.0,-747.0,-23798.0,-1e+200,-1e+200,-1e+200,-1e+200,3553851.0,1e+200,-1e+200,ref,cooper,nebraska,nebraska,-230264367976000.0,20888117.5011,-230264367976000.0,-230264353206000.0,-230264382746000.0,-230264381269000.0,-230264354683000.0,2.0,436313452740000.0,0.125,0.25,106,0.00390626209079,1.7495628323699997e-14,0.125000386905
1200.0,-547.0,-18772.0,-1e+200,-1e+200,-1e+200,-1e+200,3553851.0,1e+200,-1e+200,ref,cooper,nebraska,nebraska,-230264814063000.0,28124461.3363,-230264814063000.0,-230264794176000.0,-230264833950000.0,-230264831961000.0,-230264796164000.0,2.0,790985325458000.0,0.25,0.25,112,0.00781252418158,1.7495628323699997e-14,0.125000386905
1200.0,-347.0,-13746.0,-1e+200,-1e+200,-1e+200,-1e+200,3553851.0,1e+200,-1e+200,ref,cooper,nebraska,nebraska,-230265238254000.0,6073019.47069,-230265238254000.0,-230265233960000.0,-230265242548000.0,-230265242119000.0,-230265234389000.0,2.0,36881565491300.0,0.25,0.25,118,0.00781252418158,1.7495628323699997e-14,0.125000386905
1200.0,-147.0,-8720.0,-1e+200,-1e+200,-1e+200,-1e+200,3553851.0,1e+200,-1e+200,ref,cooper,nebraska,nebraska,-230265723217000.0,85219882.1754,-230265723217000.0,-230265662958000.0,-230265783477000.0,-230265777451000.0,-230265668984000.0,2.0,7262428317980000.0,0.25,0.125,124,0.00390626209079,1.7495628323699997e-14,0.125000386905
1200.0,-747.0,-23798.0,-1e+200,-1e+200,-1e+200,-1e+200,2665388.0,1e+200,-1e+200,ref,cooper,nebraska,nebraska,-252596325569000.0,21158511.6871,-252596325569000.0,-252596310608000.0,-252596340531000.0,-252596339034000.0,-252596312104000.0,2.0,447682616812000.0,0.125,0.25,81,0.00781251978493,1.7495628323699997e-14,0.250000633118
1200.0,-547.0,-18772.0,-1e+200,-1e+200,-1e+200,-1e+200,2665388.0,1e+200,-1e+200,ref,cooper,nebraska,nebraska,-252596777634000.0,27067610.1941,-252596777634000.0,-252596758495000.0,-252596796774000.0,-252596794860000.0,-252596760409000.0,2.0,732655521619000.0,0.25,0.25,87,0.0156250395699,1.7495628323699997e-14,0.250000633118
1200.0,-347.0,-13746.0,-1e+200,-1e+200,-1e+200,-1e+200,2665388.0,1e+200,-1e+200,ref,cooper,nebraska,nebraska,-252597227999000.0,3513507.08776,-252597227999000.0,-252597225514000.0,-252597230483000.0,-252597230235000.0,-252597225763000.0,2.0,12344732055700.0,0.25,0.25,93,0.0156250395699,1.7495628323699997e-14,0.250000633118
1200.0,-147.0,-8720.0,-1e+200,-1e+200,-1e+200,-1e+200,2665388.0,1e+200,-1e+200,ref,cooper,nebraska,nebraska,-252597676316000.0,56516099.0587,-252597676316000.0,-252597636353000.0,-252597716279000.0,-252597712282000.0,-252597640349000.0,2.0,3194069452810000.0,0.25,0.125,99,0.00781251978493,1.7495628323699997e-14,0.250000633118
1200.0,-747.0,-23798.0,-1e+200,-1e+200,-1e+200,-1e+200,1776926.0,1e+200,-1e+200,ref,cooper,nebraska,nebraska,-274928288015000.0,22009715.1188,-274928288015000.0,-274928272452000.0,-274928303578000.0,-274928302022000.0,-274928274008000.0,2.0,484427559612000.0,0.125,0.25,56,0.00781251978493,1.7495628323699997e-14,0.250000633118
1200.0,-547.0,-18772.0,-1e+200,-1e+200,-1e+200,-1e+200,1776926.0,1e+200,-1e+200,ref,cooper,nebraska,nebraska,-274928728442000.0,5487120.42612,-274928728442000.0,-274928724562000.0,-274928732322000.0,-274928731934000.0,-274928724950000.0,2.0,30108490570800.0,0.25,0.25,62,0.0156250395699,1.7495628323699997e-14,0.250000633118
1200.0,-347.0,-13746.0,-1e+200,-1e+200,-1e+200,-1e+200,1776926.0,1e+200,-1e+200,ref,cooper,nebraska,nebraska,-274929215326000.0,31528985.4809,-274929215326000.0,-274929193032000.0,-274929237620000.0,-274929235391000.0,-274929195261000.0,2.0,994076925457000.0,0.25,0.25,68,0.0156250395699,1.7495628323699997e-14,0.250000633118
1200.0,-147.0,-8720.0,-1e+200,-1e+200,-1e+200,-1e+200,1776926.0,1e+200,-1e+200,ref,cooper,nebraska,nebraska,-274929605577000.0,13265406.1454,-274929605577000.0,-274929596197000.0,-274929614957000.0,-274929614019000.0,-274929597135000.0,2.0,175971000203000.0,0.25,0.125,74,0.00781251978493,1.7495628323699997e-14,0.250000633118
1200.0,-747.0,-23798.0,-1e+200,-1e+200,-1e+200,-1e+200,888463.0,1e+200,-1e+200,ref,cooper,nebraska,nebraska,-297260235301000.0,2215162.11968,-297260235301000.0,-297260233735000.0,-297260236868000.0,-297260236711000.0,-297260233892000.0,2.0,4906943216440.0,0.125,0.25,31,0.00781248021507,1.7495628323699997e-14,0.249999366882
1200.0,-547.0,-18772.0,-1e+200,-1e+200,-1e+200,-1e+200,888463.0,1e+200,-1e+200,ref,cooper,nebraska,nebraska,-297260721590000.0,23577629.3886,-297260721590000.0,-297260704918000.0,-297260738262000.0,-297260736595000.0,-297260706586000.0,2.0,555904607587000.0,0.25,0.25,37,0.0156249604301,1.7495628323699997e-14,0.249999366882
1200.0,-347.0,-13746.0,-1e+200,-1e+200,-1e+200,-1e+200,888463.0,1e+200,-1e+200,ref,cooper,nebraska,nebraska,-297261161161000.0,2103905.32001,-297261161161000.0,-297261159674000.0,-297261162649000.0,-297261162500000.0,-297261159823000.0,2.0,4426417595550.0,0.25,0.25,43,0.0156249604301,1.7495628323699997e-14,0.249999366882
1200.0,-147.0,-8720.0,-1e+200,-1e+200,-1e+200,-1e+200,888463.0,1e+200,-1e+200,ref,cooper,nebraska,nebraska,-297261589055000.0,37780092.3577,-297261589055000.0,-297261562340000.0,-297261615769000.0,-297261613098000.0,-297261565012000.0,2.0,1427335378560000.0,0.25,0.125,49,0.00781248021507,1.7495628323699997e-14,0.249999366882
1200.0,-747.0,-23798.0,-1e+200,-1e+200,-1e+200,-1e+200,10.0,1e+200,-1e+200,ref,cooper,nebraska,nebraska,-319591970754000.0,20282146.2141,-319591970754000.0,-319591956413000.0,-319591985096000.0,-319591983662000.0,-319591957847000.0,2.0,411365455050000.0,0.125,0.25,6,0.00390621812428,1.7495628323699997e-14,0.124998979977
1200.0,-547.0,-18772.0,-1e+200,-1e+200,-1e+200,-1e+200,10.0,1e+200,-1e+200,ref,cooper,nebraska,nebraska,-319592434276000.0,30121284.2836,-319592434276000.0,-319592412977000.0,-319592455575000.0,-319592453445000.0,-319592415107000.0,2.0,907291766895000.0,0.25,0.25,12,0.00781243624855,1.7495628323699997e-14,0.124998979977
1200.0,-347.0,-13746.0,-1e+200,-1e+200,-1e+200,-1e+200,10.0,1e+200,-1e+200,ref,cooper,nebraska,nebraska,-319592901280000.0,70274904.9148,-319592901280000.0,-319592851588000.0,-319592950972000.0,-319592946003000.0,-319592856557000.0,2.0,4938562260790000.0,0.25,0.25,18,0.00781243624855,1.7495628323699997e-14,0.124998979977
1200.0,-147.0,-8720.0,-1e+200,-1e+200,-1e+200,-1e+200,10.0,1e+200,-1e+200,ref,cooper,nebraska,nebraska,-319593266128000.0,2931993.1659,-319593266128000.0,-319593264054000.0,-319593268201000.0,-319593267993000.0,-319593264262000.0,2.0,8596583924880.0,0.25,0.125,24,0.00390621812428,1.7495628323699997e-14,0.124998979977
1200.0,-547.0,-23798.0,-1e+200,-1e+200,-1e+200,-1e+200,3553851.0,1e+200,-1e+200,ref,cooper,nebraska,nebraska,-549864826711000.0,30195323.0924,-549864826711000.0,-549864805360000.0,-549864848062000.0,-549864845927000.0,-549864807495000.0,2.0,911757536654000.0,0.125,0.25,111,0.00390626209079,1.7495628323699997e-14,0.125000386905
1200.0,-347.0,-18772.0,-1e+200,-1e+200,-1e+200,-1e+200,3553851.0,1e+200,-1e+200,ref,cooper,nebraska,nebraska,-549865250115000.0,2535313.28853,-549865250115000.0,-549865248322000.0,-549865251908000.0,-549865251729000.0,-549865248502000.0,2.0,6427813470980.0,0.25,0.25,117,0.00781252418158,1.7495628323699997e-14,0.125000386905
1200.0,-147.0,-13746.0,-1e+200,-1e+200,-1e+200,-1e+200,3553851.0,1e+200,-1e+200,ref,cooper,nebraska,nebraska,-549865700942000.0,13071760.8654,-549865700942000.0,-549865691699000.0,-549865710185000.0,-549865709261000.0,-549865692624000.0,2.0,170870932123000.0,0.25,0.125,123,0.00390626209079,1.7495628323699997e-14,0.125000386905
1200.0,-547.0,-23798.0,-1e+200,-1e+200,-1e+200,-1e+200,2665388.0,1e+200,-1e+200,ref,cooper,nebraska,nebraska,-572196816084000.0,13947243.2946,-572196816084000.0,-572196806221000.0,-572196825946000.0,-572196824960000.0,-572196807208000.0,2.0,194525595520000.0,0.125,0.25,86,0.00781251978493,1.7495628323699997e-14,0.250000633118
1200.0,-347.0,-18772.0,-1e+200,-1e+200,-1e+200,-1e+200,2665388.0,1e+200,-1e+200,ref,cooper,nebraska,nebraska,-572197234008000.0,7394029.81856,-572197234008000.0,-572197228780000.0,-572197239237000.0,-572197238714000.0,-572197229303000.0,2.0,54671676957800.0,0.25,0.25,92,0.0156250395699,1.7495628323699997e-14,0.250000633118
1200.0,-147.0,-13746.0,-1e+200,-1e+200,-1e+200,-1e+200,2665388.0,1e+200,-1e+200,ref,cooper,nebraska,nebraska,-572197760617000.0,38249263.8058,-572197760617000.0,-572197733571000.0,-572197787663000.0,-572197784959000.0,-572197736275000.0,2.0,1463006181690000.0,0.25,0.125,98,0.00781251978493,1.7495628323699997e-14,0.250000633118
1200.0,-547.0,-23798.0,-1e+200,-1e+200,-1e+200,-1e+200,1776926.0,1e+200,-1e+200,ref,cooper,nebraska,nebraska,-594528733834000.0,18507438.1242,-594528733834000.0,-594528720748000.0,-594528746921000.0,-594528745612000.0,-594528722056000.0,2.0,342525265920000.0,0.125,0.25,61,0.00781251978493,1.7495628323699997e-14,0.250000633118
1200.0,-347.0,-18772.0,-1e+200,-1e+200,-1e+200,-1e+200,1776926.0,1e+200,-1e+200,ref,cooper,nebraska,nebraska,-594529196216000.0,10437650.75,-594529196216000.0,-594529188836000.0,-594529203597000.0,-594529202859000.0,-594529189574000.0,2.0,108944553180000.0,0.25,0.25,67,0.0156250395699,1.7495628323699997e-14,0.250000633118
1200.0,-147.0,-13746.0,-1e+200,-1e+200,-1e+200,-1e+200,1776926.0,1e+200,-1e+200,ref,cooper,nebraska,nebraska,-594529663338000.0,103301325.83,-594529663338000.0,-594529590293000.0,-594529736383000.0,-594529729078000.0,-594529597597000.0,2.0,1.06711639182e+16,0.25,0.125,73,0.00781251978493,1.7495628323699997e-14,0.250000633118
1200.0,-547.0,-23798.0,-1e+200,-1e+200,-1e+200,-1e+200,888463.0,1e+200,-1e+200,ref,cooper,nebraska,nebraska,-616860727798000.0,19632871.4868,-616860727798000.0,-616860713915000.0,-616860741680000.0,-616860740292000.0,-616860715303000.0,2.0,385449642818000.0,0.125,0.25,36,0.00781248021507,1.7495628323699997e-14,0.249999366882
1200.0,-347.0,-18772.0,-1e+200,-1e+200,-1e+200,-1e+200,888463.0,1e+200,-1e+200,ref,cooper,nebraska,nebraska,-616861141610000.0,16622210.0399,-616861141610000.0,-616861129857000.0,-616861153364000.0,-616861152189000.0,-616861131032000.0,2.0,276297866610000.0,0.25,0.25,42,0.0156249604301,1.7495628323699997e-14,0.249999366882
1200.0,-147.0,-13746.0,-1e+200,-1e+200,-1e+200,-1e+200,888463.0,1e+200,-1e+200,ref,cooper,nebraska,nebraska,-616861577168000.0,6904905.31968,-616861577168000.0,-616861572286000.0,-616861582051000.0,-616861581563000.0,-616861572774000.0,2.0,47677717473800.0,0.25,0.125,48,0.00781248021507,1.7495628323699997e-14,0.249999366882
1200.0,-547.0,-23798.0,-1e+200,-1e+200,-1e+200,-1e+200,10.0,1e+200,-1e+200,ref,cooper,nebraska,nebraska,-639192449783000.0,44624084.1405,-639192449783000.0,-639192418229000.0,-639192481337000.0,-639192478182000.0,-639192421385000.0,2.0,1991308885380000.0,0.125,0.25,11,0.00390621812428,1.7495628323699997e-14,0.124998979977
1200.0,-347.0,-18772.0,-1e+200,-1e+200,-1e+200,-1e+200,10.0,1e+200,-1e+200,ref,cooper,nebraska,nebraska,-639192888439000.0,41978755.776,-639192888439000.0,-639192858756000.0,-639192918123000.0,-639192915154000.0,-639192861724000.0,2.0,1762215936500000.0,0.25,0.25,17,0.00781243624855,1.7495628323699997e-14,0.124998979977
1200.0,-147.0,-13746.0,-1e+200,-1e+200,-1e+200,-1e+200,10.0,1e+200,-1e+200,ref,cooper,nebraska,nebraska,-639193359082000.0,37494062.3614,-639193359082000.0,-639193332570000.0,-639193385594000.0,-639193382943000.0,-639193335221000.0,2.0,1405804712360000.0,0.25,0.125,23,0.00390621812428,1.7495628323699997e-14,0.124998979977
1200.0,-347.0,-23798.0,-1e+200,-1e+200,-1e+200,-1e+200,3553851.0,1e+200,-1e+200,ref,cooper,nebraska,nebraska,-869465253200000.0,9271641.30218,-869465253200000.0,-869465246644000.0,-869465259757000.0,-869465259101000.0,-869465247300000.0,2.0,85963332436300.0,0.125,0.25,116,0.00390626209079,1.7495628323699997e-14,0.125000386905
1200.0,-147.0,-18772.0,-1e+200,-1e+200,-1e+200,-1e+200,3553851.0,1e+200,-1e+200,ref,cooper,nebraska,nebraska,-869465799885000.0,90565103.6609,-869465799885000.0,-869465735846000.0,-869465863924000.0,-869465857521000.0,-869465742250000.0,2.0,8202038001110000.0,0.25,0.125,122,0.00390626209079,1.7495628323699997e-14,0.125000386905
1200.0,-347.0,-23798.0,-1e+200,-1e+200,-1e+200,-1e+200,2665388.0,1e+200,-1e+200,ref,cooper,nebraska,nebraska,-891797254717000.0,71507451.6965,-891797254717000.0,-891797204154000.0,-891797305281000.0,-891797300224000.0,-891797209210000.0,2.0,5113315648130000.0,0.125,0.25,91,0.00781251978493,1.7495628323699997e-14,0.250000633118
1200.0,-147.0,-18772.0,-1e+200,-1e+200,-1e+200,-1e+200,2665388.0,1e+200,-1e+200,ref,cooper,nebraska,nebraska,-891797661509000.0,10675647.9549,-891797661509000.0,-891797653960000.0,-891797669057000.0,-891797668303000.0,-891797654715000.0,2.0,113969459258000.0,0.25,0.125,97,0.00781251978493,1.7495628323699997e-14,0.250000633118
1200.0,-347.0,-23798.0,-1e+200,-1e+200,-1e+200,-1e+200,1776926.0,1e+200,-1e+200,ref,cooper,nebraska,nebraska,-914129162791000.0,5076388.52505,-914129162791000.0,-914129159202000.0,-914129166381000.0,-914129166022000.0,-914129159561000.0,2.0,25769720457300.0,0.125,0.25,66,0.00781251978493,1.7495628323699997e-14,0.250000633118
1200.0,-147.0,-18772.0,-1e+200,-1e+200,-1e+200,-1e+200,1776926.0,1e+200,-1e+200,ref,cooper,nebraska,nebraska,-914129660167000.0,26771050.1846,-914129660167000.0,-914129641237000.0,-914129679097000.0,-914129677204000.0,-914129643130000.0,2.0,716689127985000.0,0.25,0.125,72,0.00781251978493,1.7495628323699997e-14,0.250000633118
1200.0,-347.0,-23798.0,-1e+200,-1e+200,-1e+200,-1e+200,888463.0,1e+200,-1e+200,ref,cooper,nebraska,nebraska,-936461164195000.0,51013636.7798,-936461164195000.0,-936461128123000.0,-936461200267000.0,-936461196660000.0,-936461131730000.0,2.0,2602391137500000.0,0.125,0.25,41,0.00781248021507,1.7495628323699997e-14,0.249999366882
1200.0,-147.0,-18772.0,-1e+200,-1e+200,-1e+200,-1e+200,888463.0,1e+200,-1e+200,ref,cooper,nebraska,nebraska,-936461676223000.0,37223822.0596,-936461676223000.0,-936461649901000.0,-936461702544000.0,-936461699912000.0,-936461652533000.0,2.0,1385612928720000.0,0.25,0.125,47,0.00781248021507,1.7495628323699997e-14,0.249999366882
1200.0,-347.0,-23798.0,-1e+200,-1e+200,-1e+200,-1e+200,10.0,1e+200,-1e+200,ref,cooper,nebraska,nebraska,-958792869741000.0,922635.844908,-958792869741000.0,-958792869089000.0,-958792870393000.0,-958792870328000.0,-958792869154000.0,2.0,851256902309.0,0.125,0.25,16,0.00390621812428,1.7495628323699997e-14,0.124998979977
1200.0,-147.0,-18772.0,-1e+200,-1e+200,-1e+200,-1e+200,10.0,1e+200,-1e+200,ref,cooper,nebraska,nebraska,-958793312002000.0,612870.660458,-958793312002000.0,-958793311568000.0,-958793312435000.0,-958793312392000.0,-958793311612000.0,2.0,375610446450.0,0.25,0.125,22,0.00390621812428,1.7495628323699997e-14,0.124998979977
1200.0,-147.0,-23798.0,-1e+200,-1e+200,-1e+200,-1e+200,3553851.0,1e+200,-1e+200,ref,cooper,nebraska,nebraska,-1189065754410000.0,89514593.3883,-1189065754410000.0,-1189065691120000.0,-1189065817710000.0,-1189065811380000.0,-1189065697450000.0,2.0,8012862429470000.0,0.125,0.125,121,0.0019531310454,1.7495628323699997e-14,0.125000386905
1200.0,-147.0,-23798.0,-1e+200,-1e+200,-1e+200,-1e+200,2665388.0,1e+200,-1e+200,ref,cooper,nebraska,nebraska,-1211397736760000.0,71422352.9864,-1211397736760000.0,-1211397686250000.0,-1211397787260000.0,-1211397782210000.0,-1211397691300000.0,2.0,5101152506120000.0,0.125,0.125,96,0.00390625989247,1.7495628323699997e-14,0.250000633118
1200.0,-147.0,-23798.0,-1e+200,-1e+200,-1e+200,-1e+200,1776926.0,1e+200,-1e+200,ref,cooper,nebraska,nebraska,-1233729612560000.0,1306422.20465,-1233729612560000.0,-1233729611630000.0,-1233729613480000.0,-1233729613390000.0,-1233729611720000.0,2.0,1706738976800.0,0.125,0.125,71,0.00390625989247,1.7495628323699997e-14,0.250000633118
1200.0,-147.0,-23798.0,-1e+200,-1e+200,-1e+200,-1e+200,888463.0,1e+200,-1e+200,ref,cooper,nebraska,nebraska,-1256061612460000.0,12675784.7803,-1256061612460000.0,-1256061603500000.0,-1256061621430000.0,-1256061620530000.0,-1256061604400000.0,2.0,160675519796000.0,0.125,0.125,46,0.00390624010753,1.7495628323699997e-14,0.249999366882
1200.0,-147.0,-23798.0,-1e+200,-1e+200,-1e+200,-1e+200,10.0,1e+200,-1e+200,ref,cooper,nebraska,nebraska,-1278393354410000.0,4075963.06765,-1278393354410000.0,-1278393351520000.0,-1278393357290000.0,-1278393357000000.0,-1278393351810000.0,2.0,16613474928800.0,0.125,0.125,21,0.00195310906214,1.7495628323699997e-14,0.124998979977
