smr_capacity,htse_capacity,ft_capacity,ft_elec_consumption_capacity,electricity_market_capacity,naphtha_market_capacity,jet_fuel_market_capacity,diesel_market_capacity,h2_storage_capacity,h2_import_capacity,h2_export_capacity,scenario_label,location_label,fuel_region_label,co2_location_label,mean_NPV,std_NPV,med_NPV,max_NPV,min_NPV,perc_5_NPV,perc_95_NPV,samp_NPV,var_NPV,PointProbability,ProbabilityWeight-htse_capacity,prefix,ProbabilityWeight,ProbabilityWeight-h2_storage_capacity,ProbabilityWeight-ft_capacity
720.0,-705.0,-17719.0,-14.9,-1e+200,-1e+200,-1e+200,-1e+200,94502.0,1e+200,-1e+200,ref,prairie_island,minnesota,minnesota,349674186.886,5990.71860694,349676287.358,349678450.142,349665722.687,349666988.763,349678444.349,4.0,35888709.4276,3.46688419418e-13,0.125226860254,6,0.00391294293863,0.249992724848,0.124990974078
720.0,-705.0,-17719.0,-14.9,-1e+200,-1e+200,-1e+200,-1e+200,189004.0,1e+200,-1e+200,ref,prairie_island,minnesota,minnesota,307849018.365,8804.89984346,307847246.513,307861223.283,307840357.153,307841228.889,307859288.435,4.0,77526261.2533,3.46688419418e-13,0.125226860254,11,0.00391317068328,0.250007275152,0.124990974078
720.0,-705.0,-17719.0,-14.9,-1e+200,-1e+200,-1e+200,-1e+200,283507.0,1e+200,-1e+200,ref,prairie_island,minnesota,minnesota,265986193.272,15985.8792071,265992322.942,265997546.431,265962580.773,265966803.628,265997001.379,4.0,255548334.025,3.46688419418e-13,0.125226860254,16,0.00391317068328,0.250007275152,0.124990974078
720.0,-705.0,-17719.0,-14.9,-1e+200,-1e+200,-1e+200,-1e+200,378009.0,1e+200,-1e+200,ref,prairie_island,minnesota,minnesota,224169116.012,61293.6028038,224168395.089,224235574.979,224104098.89,224108308.373,224230932.942,4.0,3756905744.67,3.46688419418e-13,0.125226860254,21,0.00195657498961,0.125002976198,0.124990974078
720.0,-567.0,-14257.0,-14.9,-1e+200,-1e+200,-1e+200,-1e+200,94502.0,1e+200,-1e+200,ref,prairie_island,minnesota,minnesota,6100434.13062,83391.0141953,6110673.45924,6190292.0751,5990097.52888,6006052.33406,6180480.8671,4.0,6954061248.52,3.46688419418e-13,0.249546279492,32,0.0155973147564,0.249992724848,0.250018051845
720.0,-567.0,-14257.0,-14.9,-1e+200,-1e+200,-1e+200,-1e+200,189004.0,1e+200,-1e+200,ref,prairie_island,minnesota,minnesota,-35851520.0023,99983.8055531,-35892258.3244,-35703835.802,-35917727.5584,-35916223.6872,-35729782.6664,4.0,9996761372.89,3.46688419418e-13,0.249546279492,37,0.0155982225654,0.250007275152,0.250018051845
720.0,-567.0,-14257.0,-14.9,-1e+200,-1e+200,-1e+200,-1e+200,283507.0,1e+200,-1e+200,ref,prairie_island,minnesota,minnesota,-77723709.184,84055.5082916,-77745006.0986,-77607455.5301,-77797369.0086,-77793409.0679,-77624193.6195,4.0,7065328474.16,3.46688419418e-13,0.249546279492,42,0.0155982225654,0.250007275152,0.250018051845
720.0,-705.0,-14257.0,-14.9,-1e+200,-1e+200,-1e+200,-1e+200,10.0,1e+200,-1e+200,ref,prairie_island,minnesota,minnesota,-110426974.166,82860.8831309,-110439330.552,-110331370.824,-110497864.736,-110497386.905,-110339262.486,4.0,6865925953.24,3.46688419418e-13,0.125226860254,26,0.00391330099566,0.12498974865,0.250018051845
720.0,-567.0,-14257.0,-14.9,-1e+200,-1e+200,-1e+200,-1e+200,378009.0,1e+200,-1e+200,ref,prairie_island,minnesota,minnesota,-119604745.633,108942.603434,-119583392.87,-119508606.01,-119743590.78,-119727894.393,-119511490.739,4.0,11868490843.0,3.46688419418e-13,0.249546279492,47,0.00779907001867,0.125002976198,0.250018051845
720.0,-705.0,-14257.0,-14.9,-1e+200,-1e+200,-1e+200,-1e+200,94502.0,1e+200,-1e+200,ref,prairie_island,minnesota,minnesota,-126837908.671,450317.842062,-126943485.996,-126202077.744,-127262584.949,-127218737.228,-126309271.859,4.0,202786158880.0,3.46688419418e-13,0.125226860254,31,0.0078270161323,0.249992724848,0.250018051845
720.0,-705.0,-14257.0,-14.9,-1e+200,-1e+200,-1e+200,-1e+200,189004.0,1e+200,-1e+200,ref,prairie_island,minnesota,minnesota,-169046014.866,429054.535078,-168995888.618,-168666344.48,-169525937.748,-169490516.413,-168671690.067,4.0,184087794071.0,3.46688419418e-13,0.125226860254,36,0.00782747168739,0.250007275152,0.250018051845
720.0,-705.0,-14257.0,-14.9,-1e+200,-1e+200,-1e+200,-1e+200,283507.0,1e+200,-1e+200,ref,prairie_island,minnesota,minnesota,-211323066.928,350544.691142,-211375216.33,-210914567.757,-211627267.296,-211623631.38,-210949493.313,4.0,122881580488.0,3.46688419418e-13,0.125226860254,41,0.00782747168739,0.250007275152,0.250018051845
720.0,-705.0,-14257.0,-14.9,-1e+200,-1e+200,-1e+200,-1e+200,378009.0,1e+200,-1e+200,ref,prairie_island,minnesota,minnesota,-253143108.733,440217.735925,-253034125.629,-252764261.877,-253739921.797,-253659576.527,-252779217.284,4.0,193791655023.0,3.46688419418e-13,0.125226860254,46,0.00391371513664,0.125002976198,0.250018051845
720.0,-430.0,-10794.0,-14.9,-1e+200,-1e+200,-1e+200,-1e+200,10.0,1e+200,-1e+200,ref,prairie_island,minnesota,minnesota,-292638098.847,138736.441159,-292641030.135,-292491864.494,-292778470.626,-292771535.627,-292500558.265,4.0,19247800105.4,3.46688419418e-13,0.249546279492,53,0.00779824473773,0.12498974865,0.250018051845
720.0,-430.0,-10794.0,-14.9,-1e+200,-1e+200,-1e+200,-1e+200,94502.0,1e+200,-1e+200,ref,prairie_island,minnesota,minnesota,-334535969.588,311663.315643,-334577340.226,-334149949.706,-334839248.196,-334822954.056,-334191066.228,4.0,97134022317.5,3.46688419418e-13,0.249546279492,58,0.0155973147564,0.249992724848,0.250018051845
720.0,-430.0,-10794.0,-14.9,-1e+200,-1e+200,-1e+200,-1e+200,189004.0,1e+200,-1e+200,ref,prairie_island,minnesota,minnesota,-376315498.935,225805.598424,-376264285.308,-376104605.132,-376628819.992,-376581694.008,-376121002.94,4.0,50988168279.7,3.46688419418e-13,0.249546279492,63,0.0155982225654,0.250007275152,0.250018051845
720.0,-430.0,-10794.0,-14.9,-1e+200,-1e+200,-1e+200,-1e+200,283507.0,1e+200,-1e+200,ref,prairie_island,minnesota,minnesota,-418087307.077,218190.752747,-418032502.626,-417887741.82,-418396481.235,-418345852.512,-417905487.872,4.0,47607204584.5,3.46688419418e-13,0.249546279492,68,0.0155982225654,0.250007275152,0.250018051845
720.0,-567.0,-10794.0,-14.9,-1e+200,-1e+200,-1e+200,-1e+200,10.0,1e+200,-1e+200,ref,prairie_island,minnesota,minnesota,-451461534.15,257075.610493,-451368699.284,-451270155.027,-451838583.005,-451773114.998,-451279922.114,4.0,66087869510.5,3.46688419418e-13,0.249546279492,52,0.00779824473773,0.12498974865,0.250018051845
720.0,-430.0,-10794.0,-14.9,-1e+200,-1e+200,-1e+200,-1e+200,378009.0,1e+200,-1e+200,ref,prairie_island,minnesota,minnesota,-460225530.453,286800.069638,-460185247.565,-459920309.447,-460611317.233,-460551550.308,-459955906.639,4.0,82254279944.5,3.46688419418e-13,0.249546279492,73,0.00779907001867,0.125002976198,0.250018051845
720.0,-567.0,-10794.0,-14.9,-1e+200,-1e+200,-1e+200,-1e+200,94502.0,1e+200,-1e+200,ref,prairie_island,minnesota,minnesota,-469950608.283,771050.74657,-470033484.157,-469114634.055,-470620830.764,-470616364.357,-469168825.987,4.0,594519253787.0,3.46688419418e-13,0.249546279492,57,0.0155973147564,0.249992724848,0.250018051845
720.0,-567.0,-10794.0,-14.9,-1e+200,-1e+200,-1e+200,-1e+200,189004.0,1e+200,-1e+200,ref,prairie_island,minnesota,minnesota,-512213634.018,595385.319613,-512172570.159,-511538785.711,-512970610.042,-512869772.372,-511614985.066,4.0,354483678811.0,3.46688419418e-13,0.249546279492,62,0.0155982225654,0.250007275152,0.250018051845
720.0,-567.0,-10794.0,-14.9,-1e+200,-1e+200,-1e+200,-1e+200,283507.0,1e+200,-1e+200,ref,prairie_island,minnesota,minnesota,-554454065.987,289607.820343,-554525721.415,-554057663.414,-554707157.703,-554695001.637,-554112812.737,4.0,83872689604.0,3.46688419418e-13,0.249546279492,67,0.0155982225654,0.250007275152,0.250018051845
720.0,-567.0,-10794.0,-14.9,-1e+200,-1e+200,-1e+200,-1e+200,378009.0,1e+200,-1e+200,ref,prairie_island,minnesota,minnesota,-596136639.722,547763.083671,-596038875.339,-595613470.384,-596855337.824,-596764826.605,-595645322.973,4.0,300044395833.0,3.46688419418e-13,0.249546279492,72,0.00779907001867,0.125002976198,0.250018051845
720.0,-705.0,-10794.0,-14.9,-1e+200,-1e+200,-1e+200,-1e+200,10.0,1e+200,-1e+200,ref,prairie_island,minnesota,minnesota,-609860668.687,227529.710948,-609838472.869,-609655800.358,-610109928.653,-610092980.065,-609659431.456,4.0,51769769363.9,3.46688419418e-13,0.125226860254,51,0.00391330099566,0.12498974865,0.250018051845
720.0,-705.0,-10794.0,-14.9,-1e+200,-1e+200,-1e+200,-1e+200,94502.0,1e+200,-1e+200,ref,prairie_island,minnesota,minnesota,-612694675.638,1005789.16023,-612583545.287,-611591757.553,-614019854.427,-613824977.336,-611719956.433,4.0,1011611834830.0,3.46688419418e-13,0.125226860254,56,0.0078270161323,0.249992724848,0.250018051845
720.0,-292.0,-7332.0,-14.9,-1e+200,-1e+200,-1e+200,-1e+200,10.0,1e+200,-1e+200,ref,prairie_island,minnesota,minnesota,-626013817.15,114496.59661,-625973469.013,-625928538.939,-626179791.633,-626152597.086,-625931524.605,4.0,13109470635.3,3.46688419418e-13,0.250453720508,79,0.00782547179608,0.12498974865,0.249981948155
720.0,-705.0,-10794.0,-14.9,-1e+200,-1e+200,-1e+200,-1e+200,189004.0,1e+200,-1e+200,ref,prairie_island,minnesota,minnesota,-655539328.065,580020.322827,-655364789.36,-655064357.336,-656363376.205,-656235758.431,-655087251.887,4.0,336423574892.0,3.46688419418e-13,0.125226860254,61,0.00782747168739,0.250007275152,0.250018051845
720.0,-292.0,-7332.0,-14.9,-1e+200,-1e+200,-1e+200,-1e+200,94502.0,1e+200,-1e+200,ref,prairie_island,minnesota,minnesota,-667850683.522,451134.166547,-667919788.301,-667278377.595,-668284779.891,-668260961.981,-667343658.373,4.0,203522036226.0,3.46688419418e-13,0.250453720508,84,0.0156517717545,0.249992724848,0.249981948155
720.0,-705.0,-10794.0,-14.9,-1e+200,-1e+200,-1e+200,-1e+200,283507.0,1e+200,-1e+200,ref,prairie_island,minnesota,minnesota,-698346135.945,859805.948055,-698144853.796,-697614130.899,-699480705.288,-699339733.134,-697634333.764,4.0,739266268311.0,3.46688419418e-13,0.125226860254,66,0.00782747168739,0.250007275152,0.250018051845
720.0,-292.0,-7332.0,-14.9,-1e+200,-1e+200,-1e+200,-1e+200,189004.0,1e+200,-1e+200,ref,prairie_island,minnesota,minnesota,-709954367.172,465544.63374,-709894890.739,-709449958.615,-710577728.593,-710476430.772,-709515570.578,4.0,216731806005.0,3.46688419418e-13,0.250453720508,89,0.0156526827331,0.250007275152,0.249981948155
720.0,-705.0,-10794.0,-14.9,-1e+200,-1e+200,-1e+200,-1e+200,378009.0,1e+200,-1e+200,ref,prairie_island,minnesota,minnesota,-739203383.637,647817.57314,-739232809.583,-738382774.426,-739965140.956,-739861652.878,-738503918.071,4.0,419667608069.0,3.46688419418e-13,0.125226860254,71,0.00391371513664,0.125002976198,0.250018051845
720.0,-292.0,-7332.0,-14.9,-1e+200,-1e+200,-1e+200,-1e+200,283507.0,1e+200,-1e+200,ref,prairie_island,minnesota,minnesota,-751246869.779,373708.727395,-751198374.109,-750847641.521,-751743089.377,-751671249.013,-750890384.483,4.0,139658212931.0,3.46688419418e-13,0.250453720508,94,0.0156526827331,0.250007275152,0.249981948155
720.0,-430.0,-7332.0,-14.9,-1e+200,-1e+200,-1e+200,-1e+200,10.0,1e+200,-1e+200,ref,prairie_island,minnesota,minnesota,-788565445.244,90773.681909,-788554985.793,-788483242.26,-788668567.131,-788660473.082,-788485060.639,4.0,8239861327.31,3.46688419418e-13,0.249546279492,78,0.0077971186374,0.12498974865,0.249981948155
720.0,-292.0,-7332.0,-14.9,-1e+200,-1e+200,-1e+200,-1e+200,378009.0,1e+200,-1e+200,ref,prairie_island,minnesota,minnesota,-793096228.227,664590.918246,-793094448.474,-792438452.687,-793757563.273,-793729641.825,-792465306.283,4.0,441681088615.0,3.46688419418e-13,0.250453720508,99,0.00782629995845,0.125002976198,0.249981948155
720.0,-430.0,-7332.0,-14.9,-1e+200,-1e+200,-1e+200,-1e+200,94502.0,1e+200,-1e+200,ref,prairie_island,minnesota,minnesota,-809216521.994,662038.055342,-809003878.772,-808676613.127,-810181717.305,-810008931.859,-808721812.64,4.0,438294386721.0,3.46688419418e-13,0.249546279492,83,0.0155950624366,0.249992724848,0.249981948155
720.0,-430.0,-7332.0,-14.9,-1e+200,-1e+200,-1e+200,-1e+200,189004.0,1e+200,-1e+200,ref,prairie_island,minnesota,minnesota,-850890713.06,306566.150829,-850822641.332,-850620085.706,-851297483.87,-851245809.124,-850630917.415,4.0,93982804834.4,3.46688419418e-13,0.249546279492,88,0.0155959701145,0.250007275152,0.249981948155
720.0,-430.0,-7332.0,-14.9,-1e+200,-1e+200,-1e+200,-1e+200,283507.0,1e+200,-1e+200,ref,prairie_island,minnesota,minnesota,-893853422.043,389139.526472,-893978824.81,-893285712.745,-894170325.807,-894142738.894,-893388541.318,4.0,151429571063.0,3.46688419418e-13,0.249546279492,93,0.0155959701145,0.250007275152,0.249981948155
720.0,-430.0,-7332.0,-14.9,-1e+200,-1e+200,-1e+200,-1e+200,378009.0,1e+200,-1e+200,ref,prairie_island,minnesota,minnesota,-934980632.277,582115.752146,-934889021.138,-934449753.966,-935603121.727,-935531711.668,-934493680.683,3.0,338858748897.0,3.46688419418e-13,0.249546279492,98,0.00779794379918,0.125002976198,0.249981948155
720.0,-567.0,-7332.0,-14.9,-1e+200,-1e+200,-1e+200,-1e+200,10.0,1e+200,-1e+200,ref,prairie_island,minnesota,minnesota,-947382898.794,436822.681776,-947396545.143,-946916280.323,-947822224.566,-947800975.001,-946945717.697,4.0,190814055314.0,3.46688419418e-13,0.249546279492,77,0.0077971186374,0.12498974865,0.249981948155
720.0,-154.0,-3870.0,-14.9,-1e+200,-1e+200,-1e+200,-1e+200,10.0,1e+200,-1e+200,ref,prairie_island,minnesota,minnesota,-949202838.208,454188.720254,-949358441.722,-948536407.506,-949558061.883,-949529297.742,-948658533.755,4.0,206287393606.0,3.46688419418e-13,0.125226860254,105,0.00195636794902,0.12498974865,0.124990974078
720.0,-567.0,-7332.0,-14.9,-1e+200,-1e+200,-1e+200,-1e+200,94502.0,1e+200,-1e+200,ref,prairie_island,minnesota,minnesota,-956674797.583,393617.481511,-956822345.96,-956093818.93,-956960679.48,-956944671.046,-956198356.391,4.0,154934721751.0,3.46688419418e-13,0.249546279492,82,0.0155950624366,0.249992724848,0.249981948155
720.0,-154.0,-3870.0,-14.9,-1e+200,-1e+200,-1e+200,-1e+200,94502.0,1e+200,-1e+200,ref,prairie_island,minnesota,minnesota,-990806858.994,1051743.13516,-991079939.28,-989405219.974,-991662337.441,-991647917.665,-989583487.922,4.0,1106163622360.0,3.46688419418e-13,0.125226860254,110,0.00391294293863,0.249992724848,0.124990974078
720.0,-567.0,-7332.0,-14.9,-1e+200,-1e+200,-1e+200,-1e+200,189004.0,1e+200,-1e+200,ref,prairie_island,minnesota,minnesota,-999061574.735,329173.233231,-998989781.632,-998745678.933,-999521056.743,-999447940.44,-998775719.374,4.0,108355017475.0,3.46688419418e-13,0.249546279492,87,0.0155959701145,0.250007275152,0.249981948155
720.0,-154.0,-3870.0,-14.9,-1e+200,-1e+200,-1e+200,-1e+200,189004.0,1e+200,-1e+200,ref,prairie_island,minnesota,minnesota,-1032694924.8,410095.115768,-1032526743.42,-1032424230.05,-1033301982.31,-1033194027.62,-1032431275.92,4.0,168178003977.0,3.46688419418e-13,0.125226860254,115,0.00391317068328,0.250007275152,0.124990974078
720.0,-567.0,-7332.0,-14.9,-1e+200,-1e+200,-1e+200,-1e+200,283507.0,1e+200,-1e+200,ref,prairie_island,minnesota,minnesota,-1040312440.74,1044726.55601,-1040502841.51,-1038894151.0,-1041349928.95,-1041258666.57,-1039099653.84,4.0,1091453576840.0,3.46688419418e-13,0.249546279492,92,0.0155959701145,0.250007275152,0.249981948155
720.0,-154.0,-3870.0,-14.9,-1e+200,-1e+200,-1e+200,-1e+200,283507.0,1e+200,-1e+200,ref,prairie_island,minnesota,minnesota,-1074034201.09,509576.088522,-1074177526.64,-1073321443.48,-1074460307.6,-1074441207.81,-1073426538.61,4.0,259667789993.0,3.46688419418e-13,0.125226860254,120,0.00391317068328,0.250007275152,0.124990974078
720.0,-567.0,-7332.0,-14.9,-1e+200,-1e+200,-1e+200,-1e+200,378009.0,1e+200,-1e+200,ref,prairie_island,minnesota,minnesota,-1083018588.84,592297.167366,-1082883137.3,-1082492651.76,-1083815429.0,-1083709821.66,-1082516988.18,4.0,350815934470.0,3.46688419418e-13,0.249546279492,97,0.00779794379918,0.125002976198,0.249981948155
720.0,-705.0,-7332.0,-14.9,-1e+200,-1e+200,-1e+200,-1e+200,10.0,1e+200,-1e+200,ref,prairie_island,minnesota,minnesota,-1106007036.43,275321.408444,-1105886778.29,-1105837799.36,-1106416789.78,-1106341962.91,-1105840471.35,4.0,75801877947.3,3.46688419418e-13,0.125226860254,76,0.00391273589804,0.12498974865,0.249981948155
720.0,-705.0,-7332.0,-14.9,-1e+200,-1e+200,-1e+200,-1e+200,94502.0,1e+200,-1e+200,ref,prairie_island,minnesota,minnesota,-1107651409.62,575077.894924,-1107600570.34,-1107002709.96,-1108401787.87,-1108287506.66,-1107086487.59,4.0,330714585230.0,3.46688419418e-13,0.125226860254,81,0.00782588587727,0.249992724848,0.249981948155
720.0,-292.0,-3870.0,-14.9,-1e+200,-1e+200,-1e+200,-1e+200,10.0,1e+200,-1e+200,ref,prairie_island,minnesota,minnesota,-1115593423.3,465071.952582,-1115691634.94,-1114943391.14,-1116047032.17,-1115997520.13,-1115051830.17,4.0,216291921079.0,3.46688419418e-13,0.250453720508,104,0.00391273589804,0.12498974865,0.124990974078
720.0,-154.0,-3870.0,-14.9,-1e+200,-1e+200,-1e+200,-1e+200,378009.0,1e+200,-1e+200,ref,prairie_island,minnesota,minnesota,-1116137591.7,758853.469225,-1115876617.94,-1115553414.07,-1117243716.86,-1117055945.92,-1115584600.75,4.0,575858587754.0,3.46688419418e-13,0.125226860254,125,0.00195657498961,0.125002976198,0.124990974078
720.0,-292.0,-3870.0,-14.9,-1e+200,-1e+200,-1e+200,-1e+200,94502.0,1e+200,-1e+200,ref,prairie_island,minnesota,minnesota,-1140645681.82,504489.688382,-1140607275.61,-1140142375.29,-1141225800.77,-1141176847.16,-1140168285.17,4.0,254509845684.0,3.46688419418e-13,0.250453720508,109,0.00782588587727,0.249992724848,0.124990974078
720.0,-705.0,-7332.0,-14.9,-1e+200,-1e+200,-1e+200,-1e+200,189004.0,1e+200,-1e+200,ref,prairie_island,minnesota,minnesota,-1149363268.1,1071993.09565,-1149643818.74,-1147942131.01,-1150223303.92,-1150213656.48,-1148120108.83,4.0,1149169197130.0,3.46688419418e-13,0.125226860254,86,0.00782634136657,0.250007275152,0.249981948155
720.0,-292.0,-3870.0,-14.9,-1e+200,-1e+200,-1e+200,-1e+200,189004.0,1e+200,-1e+200,ref,prairie_island,minnesota,minnesota,-1182835364.79,927784.215572,-1183167302.45,-1181492939.61,-1183513914.65,-1183495371.5,-1181710645.35,4.0,860783550664.0,3.46688419418e-13,0.250453720508,114,0.00782634136657,0.250007275152,0.124990974078
720.0,-705.0,-7332.0,-14.9,-1e+200,-1e+200,-1e+200,-1e+200,283507.0,1e+200,-1e+200,ref,prairie_island,minnesota,minnesota,-1192021544.86,501724.925264,-1191912870.75,-1191539930.4,-1192720507.55,-1192610517.76,-1191584715.72,4.0,251727900631.0,3.46688419418e-13,0.125226860254,91,0.00782634136657,0.250007275152,0.249981948155
720.0,-292.0,-3870.0,-14.9,-1e+200,-1e+200,-1e+200,-1e+200,283507.0,1e+200,-1e+200,ref,prairie_island,minnesota,minnesota,-1224904059.65,540333.213563,-1224888755.21,-1224281695.79,-1225557032.38,-1225483137.34,-1224346408.17,4.0,291959981679.0,3.46688419418e-13,0.250453720508,119,0.00782634136657,0.250007275152,0.124990974078
720.0,-705.0,-7332.0,-14.9,-1e+200,-1e+200,-1e+200,-1e+200,378009.0,1e+200,-1e+200,ref,prairie_island,minnesota,minnesota,-1234296914.05,718440.501987,-1234399694.11,-1233336371.23,-1235051896.75,-1234973824.66,-1233476111.36,4.0,516156754895.0,3.46688419418e-13,0.125226860254,96,0.00391314997922,0.125002976198,0.249981948155
720.0,-292.0,-3870.0,-14.9,-1e+200,-1e+200,-1e+200,-1e+200,378009.0,1e+200,-1e+200,ref,prairie_island,minnesota,minnesota,-1267560886.4,787355.524886,-1267340201.97,-1266876804.3,-1268686337.36,-1268502093.76,-1266928637.25,4.0,619928722568.0,3.46688419418e-13,0.250453720508,124,0.00391314997922,0.125002976198,0.124990974078
720.0,-430.0,-3870.0,-14.9,-1e+200,-1e+200,-1e+200,-1e+200,10.0,1e+200,-1e+200,ref,prairie_island,minnesota,minnesota,-1277914264.88,760287.44978,-1278232328.56,-1276785694.89,-1278406707.52,-1278393803.43,-1276989437.19,4.0,578037006293.0,3.46688419418e-13,0.249546279492,103,0.0038985593187,0.12498974865,0.124990974078
720.0,-430.0,-3870.0,-14.9,-1e+200,-1e+200,-1e+200,-1e+200,94502.0,1e+200,-1e+200,ref,prairie_island,minnesota,minnesota,-1296246788.01,328492.967582,-1296216621.77,-1295885102.72,-1296668805.78,-1296613065.81,-1295922742.94,4.0,107907629751.0,3.46688419418e-13,0.249546279492,108,0.00779753121829,0.249992724848,0.124990974078
720.0,-430.0,-3870.0,-14.9,-1e+200,-1e+200,-1e+200,-1e+200,189004.0,1e+200,-1e+200,ref,prairie_island,minnesota,minnesota,-1338526326.12,729887.176375,-1338716402.64,-1337539399.6,-1339133099.59,-1339116061.35,-1337670483.76,4.0,532735290237.0,3.46688419418e-13,0.249546279492,113,0.00779798505727,0.250007275152,0.124990974078
720.0,-430.0,-3870.0,-14.9,-1e+200,-1e+200,-1e+200,-1e+200,283507.0,1e+200,-1e+200,ref,prairie_island,minnesota,minnesota,-1380697142.49,485129.046286,-1380564655.75,-1380268059.8,-1381391198.66,-1381274806.08,-1380304960.34,4.0,235350191550.0,3.46688419418e-13,0.249546279492,118,0.00779798505727,0.250007275152,0.124990974078
720.0,-430.0,-3870.0,-14.9,-1e+200,-1e+200,-1e+200,-1e+200,378009.0,1e+200,-1e+200,ref,prairie_island,minnesota,minnesota,-1423165903.23,659602.622525,-1423140153.1,-1422406820.75,-1423976485.98,-1423879228.49,-1422488628.16,4.0,435075619642.0,3.46688419418e-13,0.249546279492,123,0.00389897189959,0.125002976198,0.124990974078
720.0,-567.0,-3870.0,-14.9,-1e+200,-1e+200,-1e+200,-1e+200,10.0,1e+200,-1e+200,ref,prairie_island,minnesota,minnesota,-1437209578.89,396613.300432,-1437094297.69,-1436897552.91,-1437752167.25,-1437678034.74,-1436902516.7,4.0,157302110080.0,3.46688419418e-13,0.249546279492,102,0.0038985593187,0.12498974865,0.124990974078
720.0,-567.0,-3870.0,-14.9,-1e+200,-1e+200,-1e+200,-1e+200,94502.0,1e+200,-1e+200,ref,prairie_island,minnesota,minnesota,-1451381364.14,325468.400694,-1451351206.19,-1451037453.72,-1451785590.46,-1451740075.59,-1451064873.82,4.0,105929679850.0,3.46688419418e-13,0.249546279492,107,0.00779753121829,0.249992724848,0.124990974078
720.0,-567.0,-3870.0,-14.9,-1e+200,-1e+200,-1e+200,-1e+200,189004.0,1e+200,-1e+200,ref,prairie_island,minnesota,minnesota,-1493631115.61,874694.376186,-1493640140.66,-1492730929.01,-1494513252.11,-1494471444.41,-1492778151.74,4.0,765090251732.0,3.46688419418e-13,0.249546279492,112,0.00779798505727,0.250007275152,0.124990974078
720.0,-567.0,-3870.0,-14.9,-1e+200,-1e+200,-1e+200,-1e+200,283507.0,1e+200,-1e+200,ref,prairie_island,minnesota,minnesota,-1535655126.79,478527.225047,-1535791205.62,-1535015509.47,-1536022586.45,-1536022378.2,-1535097365.02,4.0,228988305111.0,3.46688419418e-13,0.249546279492,117,0.00779798505727,0.250007275152,0.124990974078
720.0,-567.0,-3870.0,-14.9,-1e+200,-1e+200,-1e+200,-1e+200,378009.0,1e+200,-1e+200,ref,prairie_island,minnesota,minnesota,-1578025987.44,741095.394463,-1578059529.4,-1577176376.32,-1578808514.66,-1578755338.89,-1577249677.26,4.0,549222383694.0,3.46688419418e-13,0.249546279492,122,0.00389897189959,0.125002976198,0.124990974078
720.0,-705.0,-3870.0,-14.9,-1e+200,-1e+200,-1e+200,-1e+200,10.0,1e+200,-1e+200,ref,prairie_island,minnesota,minnesota,-1595291806.51,847080.973541,-1595350625.02,-1594227879.81,-1596238096.2,-1596141459.01,-1594359808.1,4.0,717546175735.0,3.46688419418e-13,0.125226860254,101,0.00195636794902,0.12498974865,0.124990974078
720.0,-705.0,-3870.0,-14.9,-1e+200,-1e+200,-1e+200,-1e+200,94502.0,1e+200,-1e+200,ref,prairie_island,minnesota,minnesota,-1607594892.08,390728.503656,-1607541660.35,-1607207302.88,-1608088944.75,-1608032401.81,-1607231906.78,4.0,152668763569.0,3.46688419418e-13,0.125226860254,106,0.00391294293863,0.249992724848,0.124990974078
720.0,-705.0,-3870.0,-14.9,-1e+200,-1e+200,-1e+200,-1e+200,189004.0,1e+200,-1e+200,ref,prairie_island,minnesota,minnesota,-1648999248.29,317708.894124,-1649011327.72,-1648667483.71,-1649306853.99,-1649295701.17,-1648685884.19,4.0,100938941405.0,3.46688419418e-13,0.125226860254,111,0.00391317068328,0.250007275152,0.124990974078
720.0,-705.0,-3870.0,-14.9,-1e+200,-1e+200,-1e+200,-1e+200,283507.0,1e+200,-1e+200,ref,prairie_island,minnesota,minnesota,-1691960625.07,307163.16644,-1692052786.54,-1691523222.75,-1692213704.46,-1692200533.3,-1691591690.79,4.0,94349210817.5,3.46688419418e-13,0.125226860254,116,0.00391317068328,0.250007275152,0.124990974078
720.0,-705.0,-3870.0,-14.9,-1e+200,-1e+200,-1e+200,-1e+200,378009.0,1e+200,-1e+200,ref,prairie_island,minnesota,minnesota,-1734291083.28,483607.930236,-1734254442.15,-1733821401.62,-1734834047.2,-1734792546.06,-1733840918.09,4.0,233876630187.0,3.46688419418e-13,0.125226860254,121,0.00195657498961,0.125002976198,0.124990974078
720.0,-705.0,-17719.0,-14.9,-1e+200,-1e+200,-1e+200,-1e+200,10.0,1e+200,-1e+200,ref,prairie_island,minnesota,minnesota,-145576479813.0,95.4454167853,-145576479801.0,-145576479712.0,-145576479938.0,-145576479921.0,-145576479721.0,4.0,9109.82758533,3.46688419418e-13,0.125226860254,1,0.00195636794902,0.12498974865,0.124990974078
720.0,-567.0,-14257.0,-14.9,-1e+200,-1e+200,-1e+200,-1e+200,10.0,1e+200,-1e+200,ref,prairie_island,minnesota,minnesota,-515499203258.0,50221.6688589,-515499204277.0,-515499140746.0,-515499263730.0,-515499254820.0,-515499150268.0,4.0,2522216022.97,3.46688419418e-13,0.249546279492,27,0.00779824473773,0.12498974865,0.250018051845
720.0,-430.0,-14257.0,-14.9,-1e+200,-1e+200,-1e+200,-1e+200,378009.0,1e+200,-1e+200,ref,prairie_island,minnesota,minnesota,-205426166621000.0,133108.103422,-205426166631000.0,-205426166462000.0,-205426166760000.0,-205426166751000.0,-205426166478000.0,4.0,17717767196.5,3.46688419418e-13,0.249546279492,48,0.00779907001867,0.125002976198,0.250018051845
720.0,-292.0,-10794.0,-14.9,-1e+200,-1e+200,-1e+200,-1e+200,378009.0,1e+200,-1e+200,ref,prairie_island,minnesota,minnesota,-205733864217000.0,287894.655569,-205733864299000.0,-205733863806000.0,-205733864466000.0,-205733864448000.0,-205733863873000.0,4.0,82883332705.0,3.46688419418e-13,0.250453720508,74,0.00782743027329,0.125002976198,0.250018051845
720.0,-154.0,-7332.0,-14.9,-1e+200,-1e+200,-1e+200,-1e+200,378009.0,1e+200,-1e+200,ref,prairie_island,minnesota,minnesota,-206103773170000.0,559136.27751,-206103773189000.0,-206103772473000.0,-206103773828000.0,-206103773746000.0,-206103772566000.0,4.0,312633376828.0,3.46688419418e-13,0.125226860254,100,0.00391314997922,0.125002976198,0.249981948155
720.0,-567.0,-17719.0,-14.9,-1e+200,-1e+200,-1e+200,-1e+200,378009.0,1e+200,-1e+200,ref,prairie_island,minnesota,minnesota,-206619800931000.0,33815.9380151,-206619800920000.0,-206619800904000.0,-206619800978000.0,-206619800971000.0,-206619800905000.0,4.0,1143517663.84,3.46688419418e-13,0.249546279492,22,0.00389897189959,0.125002976198,0.124990974078
720.0,-430.0,-14257.0,-14.9,-1e+200,-1e+200,-1e+200,-1e+200,283507.0,1e+200,-1e+200,ref,prairie_island,minnesota,minnesota,-207750316538000.0,364535.059646,-207750316510000.0,-207750316192000.0,-207750316941000.0,-207750316912000.0,-207750316204000.0,4.0,132885809711.0,3.46688419418e-13,0.249546279492,43,0.0155982225654,0.250007275152,0.250018051845
720.0,-292.0,-10794.0,-14.9,-1e+200,-1e+200,-1e+200,-1e+200,283507.0,1e+200,-1e+200,ref,prairie_island,minnesota,minnesota,-208058014185000.0,307301.890317,-208058014114000.0,-208058013896000.0,-208058014617000.0,-208058014547000.0,-208058013922000.0,4.0,94434451792.6,3.46688419418e-13,0.250453720508,69,0.0156549433748,0.250007275152,0.250018051845
720.0,-154.0,-7332.0,-14.9,-1e+200,-1e+200,-1e+200,-1e+200,283507.0,1e+200,-1e+200,ref,prairie_island,minnesota,minnesota,-208427922384000.0,385761.44834,-208427922476000.0,-208427921840000.0,-208427922745000.0,-208427922711000.0,-208427921930000.0,4.0,148811895025.0,3.46688419418e-13,0.125226860254,95,0.00782634136657,0.250007275152,0.249981948155
720.0,-567.0,-17719.0,-14.9,-1e+200,-1e+200,-1e+200,-1e+200,283507.0,1e+200,-1e+200,ref,prairie_island,minnesota,minnesota,-208943950477000.0,70835.7640031,-208943950466000.0,-208943950402000.0,-208943950572000.0,-208943950557000.0,-208943950410000.0,4.0,5017705461.91,3.46688419418e-13,0.249546279492,17,0.00779798505727,0.250007275152,0.124990974078
720.0,-430.0,-14257.0,-14.9,-1e+200,-1e+200,-1e+200,-1e+200,189004.0,1e+200,-1e+200,ref,prairie_island,minnesota,minnesota,-210074490573000.0,169176.441503,-210074490620000.0,-210074490335000.0,-210074490718000.0,-210074490709000.0,-210074490371000.0,4.0,28620668359.5,3.46688419418e-13,0.249546279492,38,0.0155982225654,0.250007275152,0.250018051845
720.0,-292.0,-10794.0,-14.9,-1e+200,-1e+200,-1e+200,-1e+200,189004.0,1e+200,-1e+200,ref,prairie_island,minnesota,minnesota,-210382188195000.0,359600.17594,-210382188150000.0,-210382187860000.0,-210382188620000.0,-210382188582000.0,-210382187872000.0,4.0,129312286536.0,3.46688419418e-13,0.250453720508,64,0.0156549433748,0.250007275152,0.250018051845
720.0,-154.0,-7332.0,-14.9,-1e+200,-1e+200,-1e+200,-1e+200,189004.0,1e+200,-1e+200,ref,prairie_island,minnesota,minnesota,-210752096824000.0,514752.320644,-210752097013000.0,-210752096086000.0,-210752097185000.0,-210752097182000.0,-210752096201000.0,4.0,264969951608.0,3.46688419418e-13,0.125226860254,90,0.00782634136657,0.250007275152,0.249981948155
720.0,-567.0,-17719.0,-14.9,-1e+200,-1e+200,-1e+200,-1e+200,189004.0,1e+200,-1e+200,ref,prairie_island,minnesota,minnesota,-211268124829000.0,133755.865047,-211268124793000.0,-211268124709000.0,-211268125020000.0,-211268124988000.0,-211268124720000.0,4.0,17890631434.5,3.46688419418e-13,0.249546279492,12,0.00779798505727,0.250007275152,0.124990974078
720.0,-430.0,-14257.0,-14.9,-1e+200,-1e+200,-1e+200,-1e+200,94502.0,1e+200,-1e+200,ref,prairie_island,minnesota,minnesota,-212398640535000.0,231300.61955,-212398640553000.0,-212398640293000.0,-212398640740000.0,-212398640738000.0,-212398640306000.0,4.0,53499976604.4,3.46688419418e-13,0.249546279492,33,0.0155973147564,0.249992724848,0.250018051845
720.0,-292.0,-10794.0,-14.9,-1e+200,-1e+200,-1e+200,-1e+200,94502.0,1e+200,-1e+200,ref,prairie_island,minnesota,minnesota,-212706337908000.0,459243.847117,-212706337843000.0,-212706337516000.0,-212706338428000.0,-212706338387000.0,-212706337518000.0,4.0,210904911115.0,3.46688419418e-13,0.250453720508,59,0.0156540322646,0.249992724848,0.250018051845
720.0,-154.0,-7332.0,-14.9,-1e+200,-1e+200,-1e+200,-1e+200,94502.0,1e+200,-1e+200,ref,prairie_island,minnesota,minnesota,-213076246328000.0,610141.888095,-213076246362000.0,-213076245549000.0,-213076247040000.0,-213076246941000.0,-213076245668000.0,4.0,372273123608.0,3.46688419418e-13,0.125226860254,85,0.00782588587727,0.249992724848,0.249981948155
720.0,-567.0,-17719.0,-14.9,-1e+200,-1e+200,-1e+200,-1e+200,94502.0,1e+200,-1e+200,ref,prairie_island,minnesota,minnesota,-213592274657000.0,37557.567583,-213592274674000.0,-213592274601000.0,-213592274679000.0,-213592274679000.0,-213592274611000.0,4.0,1410570882.75,3.46688419418e-13,0.249546279492,7,0.00779753121829,0.249992724848,0.124990974078
720.0,-430.0,-14257.0,-14.9,-1e+200,-1e+200,-1e+200,-1e+200,10.0,1e+200,-1e+200,ref,prairie_island,minnesota,minnesota,-214722544061000.0,220755.497326,-214722544044000.0,-214722543829000.0,-214722544326000.0,-214722544300000.0,-214722543846000.0,4.0,48732989599.9,3.46688419418e-13,0.249546279492,28,0.00779824473773,0.12498974865,0.250018051845
720.0,-292.0,-10794.0,-14.9,-1e+200,-1e+200,-1e+200,-1e+200,10.0,1e+200,-1e+200,ref,prairie_island,minnesota,minnesota,-215030241653000.0,410559.063884,-215030241509000.0,-215030241339000.0,-215030242255000.0,-215030242149000.0,-215030241359000.0,4.0,168558744937.0,3.46688419418e-13,0.250453720508,54,0.00782660199132,0.12498974865,0.250018051845
720.0,-154.0,-7332.0,-14.9,-1e+200,-1e+200,-1e+200,-1e+200,10.0,1e+200,-1e+200,ref,prairie_island,minnesota,minnesota,-215400150429000.0,190883.814336,-215400150386000.0,-215400150249000.0,-215400150694000.0,-215400150654000.0,-215400150264000.0,4.0,36436630575.4,3.46688419418e-13,0.125226860254,80,0.00391273589804,0.12498974865,0.249981948155
720.0,-567.0,-17719.0,-14.9,-1e+200,-1e+200,-1e+200,-1e+200,10.0,1e+200,-1e+200,ref,prairie_island,minnesota,minnesota,-215916178432000.0,105944.998786,-215916178437000.0,-215916178299000.0,-215916178557000.0,-215916178540000.0,-215916178318000.0,4.0,11224342767.8,3.46688419418e-13,0.249546279492,2,0.0038985593187,0.12498974865,0.124990974078
720.0,-430.0,-17719.0,-14.9,-1e+200,-1e+200,-1e+200,-1e+200,378009.0,1e+200,-1e+200,ref,prairie_island,minnesota,minnesota,-420826846292000.0,387963.912344,-420826846364000.0,-420826845813000.0,-420826846627000.0,-420826846621000.0,-420826845862000.0,4.0,150515997281.0,3.46688419418e-13,0.249546279492,23,0.00389897189959,0.125002976198,0.124990974078
720.0,-292.0,-14257.0,-14.9,-1e+200,-1e+200,-1e+200,-1e+200,378009.0,1e+200,-1e+200,ref,prairie_island,minnesota,minnesota,-421196764565000.0,280725.359845,-421196764487000.0,-421196764339000.0,-421196764947000.0,-421196764896000.0,-421196764344000.0,4.0,78806727659.9,3.46688419418e-13,0.250453720508,49,0.00782743027329,0.125002976198,0.250018051845
720.0,-154.0,-10794.0,-14.9,-1e+200,-1e+200,-1e+200,-1e+200,378009.0,1e+200,-1e+200,ref,prairie_island,minnesota,minnesota,-421504458079000.0,357531.728363,-421504458023000.0,-421504457717000.0,-421504458551000.0,-421504458488000.0,-421504457747000.0,4.0,127828936786.0,3.46688419418e-13,0.125226860254,75,0.00391371513664,0.125002976198,0.250018051845
720.0,-430.0,-17719.0,-14.9,-1e+200,-1e+200,-1e+200,-1e+200,283507.0,1e+200,-1e+200,ref,prairie_island,minnesota,minnesota,-423150995687000.0,182072.843085,-423150995729000.0,-423150995439000.0,-423150995850000.0,-423150995841000.0,-423150995473000.0,4.0,33150520189.1,3.46688419418e-13,0.249546279492,18,0.00779798505727,0.250007275152,0.124990974078
720.0,-292.0,-14257.0,-14.9,-1e+200,-1e+200,-1e+200,-1e+200,283507.0,1e+200,-1e+200,ref,prairie_island,minnesota,minnesota,-423520914132000.0,561253.599197,-423520913985000.0,-423520913626000.0,-423520914934000.0,-423520914796000.0,-423520913675000.0,4.0,315005602612.0,3.46688419418e-13,0.250453720508,44,0.0156549433748,0.250007275152,0.250018051845
720.0,-154.0,-10794.0,-14.9,-1e+200,-1e+200,-1e+200,-1e+200,283507.0,1e+200,-1e+200,ref,prairie_island,minnesota,minnesota,-423828607698000.0,584159.803385,-423828607620000.0,-423828607075000.0,-423828608474000.0,-423828608362000.0,-423828607142000.0,4.0,341242675891.0,3.46688419418e-13,0.125226860254,70,0.00782747168739,0.250007275152,0.250018051845
720.0,-430.0,-17719.0,-14.9,-1e+200,-1e+200,-1e+200,-1e+200,189004.0,1e+200,-1e+200,ref,prairie_island,minnesota,minnesota,-425475170110000.0,49047.8715379,-425475170099000.0,-425475170064000.0,-425475170180000.0,-425475170168000.0,-425475170069000.0,4.0,2405693702.4,3.46688419418e-13,0.249546279492,13,0.00779798505727,0.250007275152,0.124990974078
720.0,-292.0,-14257.0,-14.9,-1e+200,-1e+200,-1e+200,-1e+200,189004.0,1e+200,-1e+200,ref,prairie_island,minnesota,minnesota,-425845088482000.0,374412.690914,-425845088486000.0,-425845088023000.0,-425845088933000.0,-425845088874000.0,-425845088084000.0,4.0,140184863117.0,3.46688419418e-13,0.250453720508,39,0.0156549433748,0.250007275152,0.250018051845
720.0,-154.0,-10794.0,-14.9,-1e+200,-1e+200,-1e+200,-1e+200,189004.0,1e+200,-1e+200,ref,prairie_island,minnesota,minnesota,-426152782368000.0,374491.295719,-426152782421000.0,-426152781890000.0,-426152782739000.0,-426152782715000.0,-426152781947000.0,4.0,140243730570.0,3.46688419418e-13,0.125226860254,65,0.00782747168739,0.250007275152,0.250018051845
720.0,-430.0,-17719.0,-14.9,-1e+200,-1e+200,-1e+200,-1e+200,94502.0,1e+200,-1e+200,ref,prairie_island,minnesota,minnesota,-427799319554000.0,279220.424587,-427799319467000.0,-427799319331000.0,-427799319951000.0,-427799319889000.0,-427799319340000.0,4.0,77964045506.5,3.46688419418e-13,0.249546279492,8,0.00779753121829,0.249992724848,0.124990974078
720.0,-292.0,-14257.0,-14.9,-1e+200,-1e+200,-1e+200,-1e+200,94502.0,1e+200,-1e+200,ref,prairie_island,minnesota,minnesota,-428169238374000.0,87845.5295291,-428169238398000.0,-428169238248000.0,-428169238452000.0,-428169238444000.0,-428169238270000.0,4.0,7716837058.25,3.46688419418e-13,0.250453720508,34,0.0156540322646,0.249992724848,0.250018051845
720.0,-154.0,-10794.0,-14.9,-1e+200,-1e+200,-1e+200,-1e+200,94502.0,1e+200,-1e+200,ref,prairie_island,minnesota,minnesota,-428476931680000.0,313938.9962,-428476931673000.0,-428476931366000.0,-428476932009000.0,-428476931990000.0,-428476931381000.0,4.0,98557693335.3,3.46688419418e-13,0.125226860254,60,0.0078270161323,0.249992724848,0.250018051845
720.0,-430.0,-17719.0,-14.9,-1e+200,-1e+200,-1e+200,-1e+200,10.0,1e+200,-1e+200,ref,prairie_island,minnesota,minnesota,-430123223517000.0,222619.461802,-430123223446000.0,-430123223349000.0,-430123223827000.0,-430123223783000.0,-430123223351000.0,4.0,49559424773.2,3.46688419418e-13,0.249546279492,3,0.0038985593187,0.12498974865,0.124990974078
720.0,-292.0,-14257.0,-14.9,-1e+200,-1e+200,-1e+200,-1e+200,10.0,1e+200,-1e+200,ref,prairie_island,minnesota,minnesota,-430493141823000.0,489040.832213,-430493141911000.0,-430493141182000.0,-430493142287000.0,-430493142260000.0,-430493141262000.0,4.0,239160935571.0,3.46688419418e-13,0.250453720508,29,0.00782660199132,0.12498974865,0.250018051845
720.0,-154.0,-10794.0,-14.9,-1e+200,-1e+200,-1e+200,-1e+200,10.0,1e+200,-1e+200,ref,prairie_island,minnesota,minnesota,-430800835590000.0,599103.497124,-430800835523000.0,-430800834930000.0,-430800836385000.0,-430800836256000.0,-430800835018000.0,4.0,358925000267.0,3.46688419418e-13,0.125226860254,55,0.00391330099566,0.12498974865,0.250018051845
720.0,-292.0,-17719.0,-14.9,-1e+200,-1e+200,-1e+200,-1e+200,378009.0,1e+200,-1e+200,ref,prairie_island,minnesota,minnesota,-636597443378000.0,361610.509545,-636597443371000.0,-636597442959000.0,-636597443813000.0,-636597443764000.0,-636597443003000.0,4.0,130762160613.0,3.46688419418e-13,0.250453720508,24,0.00391314997922,0.125002976198,0.124990974078
720.0,-154.0,-14257.0,-14.9,-1e+200,-1e+200,-1e+200,-1e+200,378009.0,1e+200,-1e+200,ref,prairie_island,minnesota,minnesota,-636967357921000.0,651161.740271,-636967357797000.0,-636967357322000.0,-636967358767000.0,-636967358665000.0,-636967357350000.0,4.0,424011611993.0,3.46688419418e-13,0.125226860254,50,0.00391371513664,0.125002976198,0.250018051845
720.0,-292.0,-17719.0,-14.9,-1e+200,-1e+200,-1e+200,-1e+200,283507.0,1e+200,-1e+200,ref,prairie_island,minnesota,minnesota,-638921593422000.0,159700.199495,-638921593406000.0,-638921593258000.0,-638921593618000.0,-638921593597000.0,-638921593270000.0,4.0,25504153718.7,3.46688419418e-13,0.250453720508,19,0.00782634136657,0.250007275152,0.124990974078
720.0,-154.0,-14257.0,-14.9,-1e+200,-1e+200,-1e+200,-1e+200,283507.0,1e+200,-1e+200,ref,prairie_island,minnesota,minnesota,-639291508042000.0,669220.027329,-639291507995000.0,-639291507336000.0,-639291508841000.0,-639291508762000.0,-639291507387000.0,4.0,447855444979.0,3.46688419418e-13,0.125226860254,45,0.00782747168739,0.250007275152,0.250018051845
720.0,-292.0,-17719.0,-14.9,-1e+200,-1e+200,-1e+200,-1e+200,189004.0,1e+200,-1e+200,ref,prairie_island,minnesota,minnesota,-641245767518000.0,770421.812882,-641245767421000.0,-641245766776000.0,-641245768454000.0,-641245768361000.0,-641245766812000.0,4.0,593549769765.0,3.46688419418e-13,0.250453720508,14,0.00782634136657,0.250007275152,0.124990974078
720.0,-154.0,-14257.0,-14.9,-1e+200,-1e+200,-1e+200,-1e+200,189004.0,1e+200,-1e+200,ref,prairie_island,minnesota,minnesota,-641615681996000.0,300671.507106,-641615681944000.0,-641615681704000.0,-641615682394000.0,-641615682342000.0,-641615681724000.0,4.0,90403355185.2,3.46688419418e-13,0.125226860254,40,0.00782747168739,0.250007275152,0.250018051845
720.0,-292.0,-17719.0,-14.9,-1e+200,-1e+200,-1e+200,-1e+200,94502.0,1e+200,-1e+200,ref,prairie_island,minnesota,minnesota,-643569917315000.0,506659.743064,-643569917186000.0,-643569916868000.0,-643569918019000.0,-643569917916000.0,-643569916894000.0,4.0,256704095241.0,3.46688419418e-13,0.250453720508,9,0.00782588587727,0.249992724848,0.124990974078
720.0,-154.0,-14257.0,-14.9,-1e+200,-1e+200,-1e+200,-1e+200,94502.0,1e+200,-1e+200,ref,prairie_island,minnesota,minnesota,-643939831793000.0,518792.904757,-643939831788000.0,-643939831341000.0,-643939832255000.0,-643939832251000.0,-643939831342000.0,4.0,269146078027.0,3.46688419418e-13,0.125226860254,35,0.0078270161323,0.249992724848,0.250018051845
720.0,-292.0,-17719.0,-14.9,-1e+200,-1e+200,-1e+200,-1e+200,10.0,1e+200,-1e+200,ref,prairie_island,minnesota,minnesota,-645893820939000.0,288395.310335,-645893820981000.0,-645893820556000.0,-645893821238000.0,-645893821210000.0,-645893820609000.0,4.0,83171855023.1,3.46688419418e-13,0.250453720508,4,0.00391273589804,0.12498974865,0.124990974078
720.0,-154.0,-14257.0,-14.9,-1e+200,-1e+200,-1e+200,-1e+200,10.0,1e+200,-1e+200,ref,prairie_island,minnesota,minnesota,-646263735671000.0,539758.974117,-646263735735000.0,-646263735019000.0,-646263736193000.0,-646263736168000.0,-646263735083000.0,4.0,291339750140.0,3.46688419418e-13,0.125226860254,30,0.00391330099566,0.12498974865,0.250018051845
720.0,-154.0,-17719.0,-14.9,-1e+200,-1e+200,-1e+200,-1e+200,378009.0,1e+200,-1e+200,ref,prairie_island,minnesota,minnesota,-852368038119000.0,619868.991586,-852368037946000.0,-852368037600000.0,-852368038984000.0,-852368038857000.0,-852368037623000.0,4.0,384237566730.0,3.46688419418e-13,0.125226860254,25,0.00195657498961,0.125002976198,0.124990974078
720.0,-154.0,-17719.0,-14.9,-1e+200,-1e+200,-1e+200,-1e+200,283507.0,1e+200,-1e+200,ref,prairie_island,minnesota,minnesota,-854692186018000.0,853143.077759,-854692185922000.0,-854692185091000.0,-854692187137000.0,-854692186979000.0,-854692185191000.0,4.0,727853111127.0,3.46688419418e-13,0.125226860254,20,0.00391317068328,0.250007275152,0.124990974078
720.0,-154.0,-17719.0,-14.9,-1e+200,-1e+200,-1e+200,-1e+200,189004.0,1e+200,-1e+200,ref,prairie_island,minnesota,minnesota,-857016362725000.0,85256.6570449,-857016362723000.0,-857016362646000.0,-857016362809000.0,-857016362806000.0,-857016362648000.0,4.0,7268697570.46,3.46688419418e-13,0.125226860254,15,0.00391317068328,0.250007275152,0.124990974078
720.0,-154.0,-17719.0,-14.9,-1e+200,-1e+200,-1e+200,-1e+200,94502.0,1e+200,-1e+200,ref,prairie_island,minnesota,minnesota,-859340510420000.0,701700.611884,-859340510306000.0,-859340509801000.0,-859340511267000.0,-859340511186000.0,-859340509814000.0,4.0,492383748718.0,3.46688419418e-13,0.125226860254,10,0.00391294293863,0.249992724848,0.124990974078
720.0,-154.0,-17719.0,-14.9,-1e+200,-1e+200,-1e+200,-1e+200,10.0,1e+200,-1e+200,ref,prairie_island,minnesota,minnesota,-861664415260000.0,351743.744228,-861664415236000.0,-861664414949000.0,-861664415618000.0,-861664415601000.0,-861664414952000.0,4.0,123723661603.0,3.46688419418e-13,0.125226860254,5,0.00195636794902,0.12498974865,0.124990974078
