smr_capacity,htse_capacity,ft_capacity,ft_elec_consumption_capacity,electricity_market_capacity,naphtha_market_capacity,jet_fuel_market_capacity,diesel_market_capacity,h2_storage_capacity,h2_import_capacity,h2_export_capacity,scenario_label,location_label,co2_location_label,fuel_region_label,mean_NPV,std_NPV,med_NPV,max_NPV,min_NPV,perc_5_NPV,perc_95_NPV,samp_NPV,var_NPV,ProbabilityWeight-htse_capacity,PointProbability,ProbabilityWeight-h2_storage_capacity,ProbabilityWeight,ProbabilityWeight-ft_capacity,prefix
720.0,-705.0,-14257.0,-14.9,-1e+200,-1e+200,-1e+200,-1e+200,94502.0,1e+200,-1e+200,ref,braidwood,illinois,illinois,242163260.699,1397546.07326,242028754.848,243767548.232,240827984.87,240879654.402,243635175.189,4.0,1953135026890.0,0.125226860254,3.46688419418e-13,0.249992724848,0.0078270161323,0.250018051845,31
720.0,-705.0,-14257.0,-14.9,-1e+200,-1e+200,-1e+200,-1e+200,10.0,1e+200,-1e+200,ref,braidwood,illinois,illinois,220805686.806,919634.20628,220997994.402,221623587.269,219603171.152,219749805.647,221592337.331,4.0,845727073361.0,0.125226860254,3.46688419418e-13,0.12498974865,0.00391330099566,0.250018051845,26
720.0,-430.0,-10794.0,-14.9,-1e+200,-1e+200,-1e+200,-1e+200,10.0,1e+200,-1e+200,ref,braidwood,illinois,illinois,208913933.727,1196202.20775,208903643.171,210180267.972,207668180.594,207740402.363,210101871.869,4.0,1430899721830.0,0.249546279492,3.46688419418e-13,0.12498974865,0.00779824473773,0.250018051845,53
720.0,-705.0,-14257.0,-14.9,-1e+200,-1e+200,-1e+200,-1e+200,189004.0,1e+200,-1e+200,ref,braidwood,illinois,illinois,197150327.64,859488.207801,197248986.054,198081262.368,196022076.082,196180767.032,197981766.467,4.0,738719979348.0,0.125226860254,3.46688419418e-13,0.250007275152,0.00782747168739,0.250018051845,36
720.0,-430.0,-10794.0,-14.9,-1e+200,-1e+200,-1e+200,-1e+200,94502.0,1e+200,-1e+200,ref,braidwood,illinois,illinois,165971558.628,3546211.08129,166571470.893,169193479.14,161549813.585,162020949.531,169082290.553,4.0,12575613033100.0,0.249546279492,3.46688419418e-13,0.249992724848,0.0155973147564,0.250018051845,58
720.0,-705.0,-14257.0,-14.9,-1e+200,-1e+200,-1e+200,-1e+200,283507.0,1e+200,-1e+200,ref,braidwood,illinois,illinois,154116659.527,1220225.59175,153922545.788,155771794.594,152849751.936,152987685.193,155517393.094,4.0,1488950494750.0,0.125226860254,3.46688419418e-13,0.250007275152,0.00782747168739,0.250018051845,41
720.0,-430.0,-10794.0,-14.9,-1e+200,-1e+200,-1e+200,-1e+200,189004.0,1e+200,-1e+200,ref,braidwood,illinois,illinois,124428837.712,1432072.90398,124173594.16,126398455.668,122969706.858,123137856.172,126077160.223,4.0,2050832802300.0,0.249546279492,3.46688419418e-13,0.250007275152,0.0155982225654,0.250018051845,63
720.0,-705.0,-14257.0,-14.9,-1e+200,-1e+200,-1e+200,-1e+200,378009.0,1e+200,-1e+200,ref,braidwood,illinois,illinois,112034174.748,2333597.85459,111854007.7,115053072.393,109375611.201,109715477.877,114605105.488,4.0,5445678946950.0,0.125226860254,3.46688419418e-13,0.125002976198,0.00391371513664,0.250018051845,46
720.0,-430.0,-10794.0,-14.9,-1e+200,-1e+200,-1e+200,-1e+200,283507.0,1e+200,-1e+200,ref,braidwood,illinois,illinois,79789002.4001,2750515.09085,78901970.9385,83747071.4157,77604996.3078,77711683.1331,83108165.7134,4.0,7565333265020.0,0.249546279492,3.46688419418e-13,0.250007275152,0.0155982225654,0.250018051845,68
720.0,-567.0,-10794.0,-14.9,-1e+200,-1e+200,-1e+200,-1e+200,94502.0,1e+200,-1e+200,ref,braidwood,illinois,illinois,68304409.8846,1320701.69952,68377445.5181,69833660.0084,66629088.4935,66861951.4572,69644618.4249,4.0,1744252979110.0,0.249546279492,3.46688419418e-13,0.249992724848,0.0155973147564,0.250018051845,57
720.0,-292.0,-7332.0,-14.9,-1e+200,-1e+200,-1e+200,-1e+200,10.0,1e+200,-1e+200,ref,braidwood,illinois,illinois,52845028.4982,1485586.69417,52933462.696,54338850.5063,51174338.0944,51304776.2559,54261472.8636,4.0,2206967825900.0,0.250453720508,3.46688419418e-13,0.12498974865,0.00782547179608,0.249981948155,79
720.0,-567.0,-10794.0,-14.9,-1e+200,-1e+200,-1e+200,-1e+200,10.0,1e+200,-1e+200,ref,braidwood,illinois,illinois,50605438.7721,2747537.89132,50148550.913,54361263.8493,47763389.413,48098431.3889,53752089.1579,4.0,7548964464240.0,0.249546279492,3.46688419418e-13,0.12498974865,0.00779824473773,0.250018051845,52
720.0,-430.0,-10794.0,-14.9,-1e+200,-1e+200,-1e+200,-1e+200,378009.0,1e+200,-1e+200,ref,braidwood,illinois,illinois,35334334.2206,1536473.70359,35503962.3596,36721228.3607,33608183.8025,33738056.5464,36693132.5002,4.0,2360751441820.0,0.249546279492,3.46688419418e-13,0.125002976198,0.00779907001867,0.250018051845,73
720.0,-567.0,-10794.0,-14.9,-1e+200,-1e+200,-1e+200,-1e+200,189004.0,1e+200,-1e+200,ref,braidwood,illinois,illinois,24859621.4373,2071796.4949,25283085.5999,26842537.4195,22029777.13,22437107.1604,26689285.8866,4.0,4292340716280.0,0.249546279492,3.46688419418e-13,0.250007275152,0.0155982225654,0.250018051845,62
720.0,-292.0,-7332.0,-14.9,-1e+200,-1e+200,-1e+200,-1e+200,94502.0,1e+200,-1e+200,ref,braidwood,illinois,illinois,5301033.8139,5558497.19124,7518429.7181,9096133.0647,-2928857.2453,-1451957.66244,8949671.02436,4.0,30896891025000.0,0.250453720508,3.46688419418e-13,0.249992724848,0.0156517717545,0.249981948155,84
720.0,-567.0,-10794.0,-14.9,-1e+200,-1e+200,-1e+200,-1e+200,283507.0,1e+200,-1e+200,ref,braidwood,illinois,illinois,-16372861.1676,4152803.13615,-15725864.8575,-12402953.7603,-21636761.1952,-21039267.1603,-12612250.0092,4.0,17245773887600.0,0.249546279492,3.46688419418e-13,0.250007275152,0.0155982225654,0.250018051845,67
720.0,-292.0,-7332.0,-14.9,-1e+200,-1e+200,-1e+200,-1e+200,189004.0,1e+200,-1e+200,ref,braidwood,illinois,illinois,-38729050.1571,2159682.17409,-39000281.808,-35932613.6655,-40983023.347,-40788725.2993,-36289650.7037,4.0,4664227093070.0,0.250453720508,3.46688419418e-13,0.250007275152,0.0156526827331,0.249981948155,89
720.0,-705.0,-10794.0,-14.9,-1e+200,-1e+200,-1e+200,-1e+200,94502.0,1e+200,-1e+200,ref,braidwood,illinois,illinois,-56474858.1497,1165169.51186,-56162775.5845,-55481473.8954,-58092407.5342,-57858563.0529,-55528068.8376,4.0,1357619991370.0,0.125226860254,3.46688419418e-13,0.249992724848,0.0078270161323,0.250018051845,56
720.0,-567.0,-10794.0,-14.9,-1e+200,-1e+200,-1e+200,-1e+200,378009.0,1e+200,-1e+200,ref,braidwood,illinois,illinois,-61522188.3044,2350683.19947,-60925335.4505,-59425238.9675,-64812843.3491,-64314507.6885,-59565462.9158,4.0,5525711504280.0,0.249546279492,3.46688419418e-13,0.125002976198,0.00779907001867,0.250018051845,72
720.0,-292.0,-7332.0,-14.9,-1e+200,-1e+200,-1e+200,-1e+200,283507.0,1e+200,-1e+200,ref,braidwood,illinois,illinois,-80747149.9776,3104820.20429,-81141587.6008,-77251272.721,-83454151.9877,-83426516.2759,-77515571.0067,4.0,9639908500980.0,0.250453720508,3.46688419418e-13,0.250007275152,0.0156526827331,0.249981948155,94
720.0,-705.0,-10794.0,-14.9,-1e+200,-1e+200,-1e+200,-1e+200,189004.0,1e+200,-1e+200,ref,braidwood,illinois,illinois,-96763494.9169,3130932.03661,-97046235.122,-93207176.29,-99754333.1338,-99641593.8593,-93489559.6876,4.0,9802735417860.0,0.125226860254,3.46688419418e-13,0.250007275152,0.00782747168739,0.250018051845,61
720.0,-154.0,-3870.0,-14.9,-1e+200,-1e+200,-1e+200,-1e+200,10.0,1e+200,-1e+200,ref,braidwood,illinois,illinois,-104494152.629,3859971.46266,-104696778.364,-100487412.286,-108095641.501,-108004622.862,-100700006.367,4.0,14899379692500.0,0.125226860254,3.46688419418e-13,0.12498974865,0.00195636794902,0.124990974078,105
720.0,-430.0,-7332.0,-14.9,-1e+200,-1e+200,-1e+200,-1e+200,94502.0,1e+200,-1e+200,ref,braidwood,illinois,illinois,-106081428.807,1271108.95572,-106126183.382,-104848270.894,-107225077.569,-107210787.594,-104889413.615,4.0,1615717977300.0,0.249546279492,3.46688419418e-13,0.249992724848,0.0155950624366,0.249981948155,83
720.0,-705.0,-10794.0,-14.9,-1e+200,-1e+200,-1e+200,-1e+200,10.0,1e+200,-1e+200,ref,braidwood,illinois,illinois,-109430900.328,2929579.20086,-110106850.44,-105669242.607,-111840657.823,-111814809.825,-106100660.673,4.0,8582434294090.0,0.125226860254,3.46688419418e-13,0.12498974865,0.00391330099566,0.250018051845,51
720.0,-430.0,-7332.0,-14.9,-1e+200,-1e+200,-1e+200,-1e+200,10.0,1e+200,-1e+200,ref,braidwood,illinois,illinois,-113679212.665,3244734.63852,-113061291.722,-110631654.664,-117962612.55,-117416739.494,-110806775.154,4.0,10528302874400.0,0.249546279492,3.46688419418e-13,0.12498974865,0.0077971186374,0.249981948155,78
720.0,-292.0,-7332.0,-14.9,-1e+200,-1e+200,-1e+200,-1e+200,378009.0,1e+200,-1e+200,ref,braidwood,illinois,illinois,-129224414.289,2311142.76248,-129891396.337,-125890785.059,-131224079.423,-131040146.152,-126474907.558,4.0,5341380868580.0,0.250453720508,3.46688419418e-13,0.125002976198,0.00782629995845,0.249981948155,99
720.0,-705.0,-10794.0,-14.9,-1e+200,-1e+200,-1e+200,-1e+200,283507.0,1e+200,-1e+200,ref,braidwood,illinois,illinois,-140776429.882,1475500.63523,-141327627.533,-138607995.121,-141842469.339,-141796188.042,-138984995.009,4.0,2177102124570.0,0.125226860254,3.46688419418e-13,0.250007275152,0.00782747168739,0.250018051845,66
720.0,-154.0,-3870.0,-14.9,-1e+200,-1e+200,-1e+200,-1e+200,94502.0,1e+200,-1e+200,ref,braidwood,illinois,illinois,-144660702.686,4444891.37507,-146634942.603,-138016421.182,-147356504.355,-147274703.344,-139282766.143,4.0,19757059336100.0,0.125226860254,3.46688419418e-13,0.249992724848,0.00391294293863,0.124990974078,110
720.0,-430.0,-7332.0,-14.9,-1e+200,-1e+200,-1e+200,-1e+200,189004.0,1e+200,-1e+200,ref,braidwood,illinois,illinois,-147271318.387,1016314.2089,-147432545.242,-146097959.3,-148122223.764,-148121928.154,-146194991.023,4.0,1032894571210.0,0.249546279492,3.46688419418e-13,0.250007275152,0.0155959701145,0.249981948155,88
720.0,-154.0,-3870.0,-14.9,-1e+200,-1e+200,-1e+200,-1e+200,189004.0,1e+200,-1e+200,ref,braidwood,illinois,illinois,-183666720.621,5789777.1284,-183121138.135,-177945217.903,-190479388.312,-189859632.738,-178237623.986,4.0,33521519196500.0,0.125226860254,3.46688419418e-13,0.250007275152,0.00391317068328,0.124990974078,115
720.0,-705.0,-10794.0,-14.9,-1e+200,-1e+200,-1e+200,-1e+200,378009.0,1e+200,-1e+200,ref,braidwood,illinois,illinois,-184099007.764,1737922.93374,-184135493.392,-182135214.552,-185989829.721,-185846961.249,-182299974.401,4.0,3020376123630.0,0.125226860254,3.46688419418e-13,0.125002976198,0.00391371513664,0.250018051845,71
720.0,-430.0,-7332.0,-14.9,-1e+200,-1e+200,-1e+200,-1e+200,283507.0,1e+200,-1e+200,ref,braidwood,illinois,illinois,-188478510.184,4113514.39633,-187517515.99,-184673821.987,-194205186.767,-193338094.726,-184964317.512,4.0,16921000688800.0,0.249546279492,3.46688419418e-13,0.250007275152,0.0155959701145,0.249981948155,93
720.0,-430.0,-7332.0,-14.9,-1e+200,-1e+200,-1e+200,-1e+200,378009.0,1e+200,-1e+200,ref,braidwood,illinois,illinois,-232649531.647,3693103.95869,-233461109.026,-227974184.343,-235701724.193,-235673497.246,-228489357.718,4.0,13639016849700.0,0.249546279492,3.46688419418e-13,0.125002976198,0.00779794379918,0.249981948155,98
720.0,-154.0,-3870.0,-14.9,-1e+200,-1e+200,-1e+200,-1e+200,283507.0,1e+200,-1e+200,ref,braidwood,illinois,illinois,-235285723.674,1484445.6511,-235683233.468,-233277201.557,-236499226.202,-236470978.979,-233543954.657,4.0,2203578891080.0,0.125226860254,3.46688419418e-13,0.250007275152,0.00391317068328,0.124990974078,120
720.0,-567.0,-7332.0,-14.9,-1e+200,-1e+200,-1e+200,-1e+200,94502.0,1e+200,-1e+200,ref,braidwood,illinois,illinois,-237737487.86,1465166.4773,-237724441.638,-236298342.066,-239202726.098,-239139079.953,-236354160.478,4.0,2146712806220.0,0.249546279492,3.46688419418e-13,0.249992724848,0.0155950624366,0.249981948155,82
720.0,-292.0,-3870.0,-14.9,-1e+200,-1e+200,-1e+200,-1e+200,10.0,1e+200,-1e+200,ref,braidwood,illinois,illinois,-269701985.794,4950603.16122,-270791769.663,-262764584.778,-274459819.073,-273975479.157,-263902795.015,4.0,24508471659900.0,0.250453720508,3.46688419418e-13,0.12498974865,0.00391273589804,0.124990974078,104
720.0,-292.0,-3870.0,-14.9,-1e+200,-1e+200,-1e+200,-1e+200,94502.0,1e+200,-1e+200,ref,braidwood,illinois,illinois,-273656624.833,3463589.34669,-273446512.174,-270305114.132,-277428360.853,-277173833.424,-270433573.966,4.0,11996451162500.0,0.250453720508,3.46688419418e-13,0.249992724848,0.00782588587727,0.124990974078,109
720.0,-567.0,-7332.0,-14.9,-1e+200,-1e+200,-1e+200,-1e+200,10.0,1e+200,-1e+200,ref,braidwood,illinois,illinois,-274797547.655,6133483.27218,-273489036.832,-269778326.13,-282433790.828,-281632178.297,-269794832.167,4.0,37619617050100.0,0.249546279492,3.46688419418e-13,0.12498974865,0.0077971186374,0.249981948155,77
720.0,-154.0,-3870.0,-14.9,-1e+200,-1e+200,-1e+200,-1e+200,378009.0,1e+200,-1e+200,ref,braidwood,illinois,illinois,-276977063.268,706792.746655,-276989499.364,-276104092.259,-277825162.084,-277713645.516,-276223070.485,4.0,499555986725.0,0.125226860254,3.46688419418e-13,0.125002976198,0.00195657498961,0.124990974078,125
720.0,-567.0,-7332.0,-14.9,-1e+200,-1e+200,-1e+200,-1e+200,189004.0,1e+200,-1e+200,ref,braidwood,illinois,illinois,-278919151.357,3760069.28815,-280638520.122,-273297615.204,-281101949.98,-281071496.997,-274359689.446,4.0,14138121051700.0,0.249546279492,3.46688419418e-13,0.250007275152,0.0155959701145,0.249981948155,87
720.0,-292.0,-3870.0,-14.9,-1e+200,-1e+200,-1e+200,-1e+200,189004.0,1e+200,-1e+200,ref,braidwood,illinois,illinois,-313082679.566,5422573.59808,-311310129.139,-309068451.6,-320642008.387,-319554564.625,-309092365.105,4.0,29404304426600.0,0.250453720508,3.46688419418e-13,0.250007275152,0.00782634136657,0.124990974078,114
720.0,-567.0,-7332.0,-14.9,-1e+200,-1e+200,-1e+200,-1e+200,283507.0,1e+200,-1e+200,ref,braidwood,illinois,illinois,-320582394.494,1957714.86135,-320412337.487,-318413126.901,-323091776.103,-322760007.223,-318642861.577,4.0,3832647478340.0,0.249546279492,3.46688419418e-13,0.250007275152,0.0155959701145,0.249981948155,92
720.0,-292.0,-3870.0,-14.9,-1e+200,-1e+200,-1e+200,-1e+200,283507.0,1e+200,-1e+200,ref,braidwood,illinois,illinois,-356690410.921,4044368.29453,-356660997.093,-351773635.1,-361666014.399,-360954620.717,-352467380.486,4.0,16356914901800.0,0.250453720508,3.46688419418e-13,0.250007275152,0.00782634136657,0.124990974078,119
720.0,-567.0,-7332.0,-14.9,-1e+200,-1e+200,-1e+200,-1e+200,378009.0,1e+200,-1e+200,ref,braidwood,illinois,illinois,-364225490.819,1530924.15824,-363652198.753,-363173468.203,-366424097.569,-366078126.066,-363175464.466,4.0,2343728778270.0,0.249546279492,3.46688419418e-13,0.125002976198,0.00779794379918,0.249981948155,97
720.0,-705.0,-7332.0,-14.9,-1e+200,-1e+200,-1e+200,-1e+200,94502.0,1e+200,-1e+200,ref,braidwood,illinois,illinois,-376600067.251,2315005.84714,-376465167.258,-374429102.846,-379040831.643,-378900293.108,-374488701.385,4.0,5359252072310.0,0.125226860254,3.46688419418e-13,0.249992724848,0.00782588587727,0.249981948155,81
720.0,-292.0,-3870.0,-14.9,-1e+200,-1e+200,-1e+200,-1e+200,378009.0,1e+200,-1e+200,ref,braidwood,illinois,illinois,-399833473.154,3159206.6371,-399160823.106,-397157489.043,-403854757.359,-403404012.424,-397204643.95,4.0,9980586575880.0,0.250453720508,3.46688419418e-13,0.125002976198,0.00391314997922,0.124990974078,124
720.0,-430.0,-3870.0,-14.9,-1e+200,-1e+200,-1e+200,-1e+200,94502.0,1e+200,-1e+200,ref,braidwood,illinois,illinois,-419213039.776,6309063.96195,-419175100.119,-411872079.373,-426629879.492,-425855532.055,-412623663.016,4.0,39804288075900.0,0.249546279492,3.46688419418e-13,0.249992724848,0.00779753121829,0.124990974078,108
720.0,-705.0,-7332.0,-14.9,-1e+200,-1e+200,-1e+200,-1e+200,189004.0,1e+200,-1e+200,ref,braidwood,illinois,illinois,-421540823.682,2049639.90654,-420918734.691,-419837480.788,-424488344.558,-424004845.707,-419947726.244,4.0,4201023746470.0,0.125226860254,3.46688419418e-13,0.250007275152,0.00782634136657,0.249981948155,86
720.0,-705.0,-7332.0,-14.9,-1e+200,-1e+200,-1e+200,-1e+200,10.0,1e+200,-1e+200,ref,braidwood,illinois,illinois,-434904637.156,4038263.36397,-434285760.321,-430762230.132,-440284797.852,-439536843.825,-431138858.057,4.0,16307570996800.0,0.125226860254,3.46688419418e-13,0.12498974865,0.00391273589804,0.249981948155,76
720.0,-430.0,-3870.0,-14.9,-1e+200,-1e+200,-1e+200,-1e+200,10.0,1e+200,-1e+200,ref,braidwood,illinois,illinois,-435299261.982,3779196.74414,-435548835.047,-430991889.526,-439107488.307,-438903457.829,-431345663.843,4.0,14282328031000.0,0.249546279492,3.46688419418e-13,0.12498974865,0.0038985593187,0.124990974078,103
720.0,-430.0,-3870.0,-14.9,-1e+200,-1e+200,-1e+200,-1e+200,189004.0,1e+200,-1e+200,ref,braidwood,illinois,illinois,-460943763.704,4863724.21246,-458645964.17,-458249427.044,-468233699.434,-466803084.948,-458301361.809,4.0,23655813214900.0,0.249546279492,3.46688419418e-13,0.250007275152,0.00779798505727,0.124990974078,113
720.0,-705.0,-7332.0,-14.9,-1e+200,-1e+200,-1e+200,-1e+200,283507.0,1e+200,-1e+200,ref,braidwood,illinois,illinois,-462404492.71,2669483.04401,-462396259.836,-459157555.481,-465667895.687,-465222879.802,-459597631.641,4.0,7126139722270.0,0.125226860254,3.46688419418e-13,0.250007275152,0.00782634136657,0.249981948155,91
720.0,-705.0,-7332.0,-14.9,-1e+200,-1e+200,-1e+200,-1e+200,378009.0,1e+200,-1e+200,ref,braidwood,illinois,illinois,-505621418.623,5394996.55897,-506348330.805,-499112105.959,-510676906.922,-510481752.133,-499743408.057,4.0,29105987871300.0,0.125226860254,3.46688419418e-13,0.125002976198,0.00391314997922,0.249981948155,96
720.0,-430.0,-3870.0,-14.9,-1e+200,-1e+200,-1e+200,-1e+200,283507.0,1e+200,-1e+200,ref,braidwood,illinois,illinois,-512202154.941,5043698.40162,-512010583.432,-506225575.489,-518561877.412,-517608750.739,-507063759.256,4.0,25438893566500.0,0.249546279492,3.46688419418e-13,0.250007275152,0.00779798505727,0.124990974078,118
720.0,-430.0,-3870.0,-14.9,-1e+200,-1e+200,-1e+200,-1e+200,378009.0,1e+200,-1e+200,ref,braidwood,illinois,illinois,-549583899.453,3485774.32578,-550699072.801,-544697682.2,-552239770.01,-552193472.408,-545413083.811,4.0,12150622650300.0,0.249546279492,3.46688419418e-13,0.125002976198,0.00389897189959,0.124990974078,123
720.0,-567.0,-3870.0,-14.9,-1e+200,-1e+200,-1e+200,-1e+200,94502.0,1e+200,-1e+200,ref,braidwood,illinois,illinois,-565491599.35,1462295.18786,-565555481.921,-563964196.947,-566891236.612,-566845118.968,-564048644.134,4.0,2138307216450.0,0.249546279492,3.46688419418e-13,0.249992724848,0.00779753121829,0.124990974078,107
720.0,-567.0,-3870.0,-14.9,-1e+200,-1e+200,-1e+200,-1e+200,10.0,1e+200,-1e+200,ref,braidwood,illinois,illinois,-592969308.921,3365222.78296,-592427473.197,-589751526.286,-597270763.005,-596770027.48,-589927160.376,4.0,11324724379000.0,0.249546279492,3.46688419418e-13,0.12498974865,0.0038985593187,0.124990974078,102
720.0,-567.0,-3870.0,-14.9,-1e+200,-1e+200,-1e+200,-1e+200,189004.0,1e+200,-1e+200,ref,braidwood,illinois,illinois,-611609252.299,2037085.79708,-611883768.638,-609199922.441,-613469549.477,-613416397.508,-609417784.214,4.0,4149718544670.0,0.249546279492,3.46688419418e-13,0.250007275152,0.00779798505727,0.124990974078,112
720.0,-567.0,-3870.0,-14.9,-1e+200,-1e+200,-1e+200,-1e+200,283507.0,1e+200,-1e+200,ref,braidwood,illinois,illinois,-656442818.579,1665327.11851,-657195175.551,-653959816.541,-657421106.674,-657414365.45,-654417971.948,4.0,2773314411640.0,0.249546279492,3.46688419418e-13,0.250007275152,0.00779798505727,0.124990974078,117
720.0,-567.0,-3870.0,-14.9,-1e+200,-1e+200,-1e+200,-1e+200,378009.0,1e+200,-1e+200,ref,braidwood,illinois,illinois,-699707266.867,4012790.1699,-700076527.224,-694775140.538,-703900872.484,-703589668.195,-695307901.041,4.0,16102484947600.0,0.249546279492,3.46688419418e-13,0.125002976198,0.00389897189959,0.124990974078,122
720.0,-705.0,-3870.0,-14.9,-1e+200,-1e+200,-1e+200,-1e+200,94502.0,1e+200,-1e+200,ref,braidwood,illinois,illinois,-718697130.826,3816306.10933,-720485948.429,-712979753.137,-720836873.31,-720801315.684,-714088601.325,4.0,14564192320100.0,0.125226860254,3.46688419418e-13,0.249992724848,0.00391294293863,0.124990974078,106
720.0,-705.0,-3870.0,-14.9,-1e+200,-1e+200,-1e+200,-1e+200,10.0,1e+200,-1e+200,ref,braidwood,illinois,illinois,-751129379.318,5677416.13559,-749189608.057,-746907476.104,-759230825.054,-757978223.418,-746996214.983,4.0,32233053976700.0,0.125226860254,3.46688419418e-13,0.12498974865,0.00195636794902,0.124990974078,101
720.0,-705.0,-3870.0,-14.9,-1e+200,-1e+200,-1e+200,-1e+200,189004.0,1e+200,-1e+200,ref,braidwood,illinois,illinois,-765148635.163,4129490.00756,-765886923.173,-759682254.834,-769138439.472,-768869837.14,-760393829.972,4.0,17052687722500.0,0.125226860254,3.46688419418e-13,0.250007275152,0.00391317068328,0.124990974078,111
720.0,-705.0,-3870.0,-14.9,-1e+200,-1e+200,-1e+200,-1e+200,283507.0,1e+200,-1e+200,ref,braidwood,illinois,illinois,-816029513.686,4861693.26775,-816860349.257,-809363199.077,-821034157.155,-820429667.755,-810466189.82,4.0,23636061429700.0,0.125226860254,3.46688419418e-13,0.250007275152,0.00391317068328,0.124990974078,116
720.0,-705.0,-3870.0,-14.9,-1e+200,-1e+200,-1e+200,-1e+200,378009.0,1e+200,-1e+200,ref,braidwood,illinois,illinois,-854927521.734,3492456.33043,-854668721.068,-851324133.076,-859048511.723,-858661768.651,-851555595.749,4.0,12197251219900.0,0.125226860254,3.46688419418e-13,0.125002976198,0.00195657498961,0.124990974078,121
720.0,-705.0,-17719.0,-14.9,-1e+200,-1e+200,-1e+200,-1e+200,10.0,1e+200,-1e+200,ref,braidwood,illinois,illinois,-143899113159.0,673.268008466,-143899113312.0,-143899112237.0,-143899113775.0,-143899113736.0,-143899112368.0,4.0,453289.811223,0.125226860254,3.46688419418e-13,0.12498974865,0.00195636794902,0.124990974078,1
720.0,-705.0,-17719.0,-14.9,-1e+200,-1e+200,-1e+200,-1e+200,94502.0,1e+200,-1e+200,ref,braidwood,illinois,illinois,-143942499523.0,783.793516352,-143942499782.0,-143942498392.0,-143942500135.0,-143942500107.0,-143942498576.0,4.0,614332.276275,0.125226860254,3.46688419418e-13,0.249992724848,0.00391294293863,0.124990974078,6
720.0,-705.0,-17719.0,-14.9,-1e+200,-1e+200,-1e+200,-1e+200,189004.0,1e+200,-1e+200,ref,braidwood,illinois,illinois,-143985891292.0,1005.24725644,-143985891508.0,-143985889883.0,-143985892268.0,-143985892158.0,-143985890123.0,4.0,1010522.04658,0.125226860254,3.46688419418e-13,0.250007275152,0.00391317068328,0.124990974078,11
720.0,-705.0,-17719.0,-14.9,-1e+200,-1e+200,-1e+200,-1e+200,283507.0,1e+200,-1e+200,ref,braidwood,illinois,illinois,-144029282655.0,784.959636487,-144029282581.0,-144029281774.0,-144029283684.0,-144029283524.0,-144029281890.0,4.0,616161.630914,0.125226860254,3.46688419418e-13,0.250007275152,0.00391317068328,0.124990974078,16
720.0,-705.0,-17719.0,-14.9,-1e+200,-1e+200,-1e+200,-1e+200,378009.0,1e+200,-1e+200,ref,braidwood,illinois,illinois,-144072673140.0,638.831336004,-144072673377.0,-144072672203.0,-144072673603.0,-144072673584.0,-144072672364.0,4.0,408105.475861,0.125226860254,3.46688419418e-13,0.125002976198,0.00195657498961,0.124990974078,21
720.0,-567.0,-14257.0,-14.9,-1e+200,-1e+200,-1e+200,-1e+200,10.0,1e+200,-1e+200,ref,braidwood,illinois,illinois,-509189267901.0,2505682.18209,-509189874795.0,-509185718703.0,-509191603311.0,-509191367208.0,-509186318942.0,4.0,6278443197630.0,0.249546279492,3.46688419418e-13,0.12498974865,0.00779824473773,0.250018051845,27
720.0,-567.0,-14257.0,-14.9,-1e+200,-1e+200,-1e+200,-1e+200,94502.0,1e+200,-1e+200,ref,braidwood,illinois,illinois,-509232667875.0,348271.158386,-509232760614.0,-509232193974.0,-509232956297.0,-509232947866.0,-509232258048.0,4.0,121292799764.0,0.249546279492,3.46688419418e-13,0.249992724848,0.0155973147564,0.250018051845,32
720.0,-567.0,-14257.0,-14.9,-1e+200,-1e+200,-1e+200,-1e+200,189004.0,1e+200,-1e+200,ref,braidwood,illinois,illinois,-509276231813.0,767647.962578,-509276250345.0,-509275314091.0,-509277112472.0,-509277024148.0,-509275413533.0,4.0,589283394451.0,0.249546279492,3.46688419418e-13,0.250007275152,0.0155982225654,0.250018051845,37
720.0,-567.0,-14257.0,-14.9,-1e+200,-1e+200,-1e+200,-1e+200,283507.0,1e+200,-1e+200,ref,braidwood,illinois,illinois,-509319946869.0,898882.415134,-509319589831.0,-509319326533.0,-509321281282.0,-509321033878.0,-509319359714.0,4.0,807989596237.0,0.249546279492,3.46688419418e-13,0.250007275152,0.0155982225654,0.250018051845,42
720.0,-567.0,-14257.0,-14.9,-1e+200,-1e+200,-1e+200,-1e+200,378009.0,1e+200,-1e+200,ref,braidwood,illinois,illinois,-509362933180.0,312947.516017,-509362974669.0,-509362553798.0,-509363229585.0,-509363217019.0,-509362591257.0,4.0,97936147781.1,0.249546279492,3.46688419418e-13,0.125002976198,0.00779907001867,0.250018051845,47
720.0,-430.0,-14257.0,-14.9,-1e+200,-1e+200,-1e+200,-1e+200,10.0,1e+200,-1e+200,ref,braidwood,illinois,illinois,-212130875867000.0,3157640.91924,-212130875778000.0,-212130872949000.0,-212130878962000.0,-212130878849000.0,-212130873009000.0,4.0,9970696174890.0,0.249546279492,3.46688419418e-13,0.12498974865,0.00779824473773,0.250018051845,28
720.0,-430.0,-14257.0,-14.9,-1e+200,-1e+200,-1e+200,-1e+200,94502.0,1e+200,-1e+200,ref,braidwood,illinois,illinois,-212130920038000.0,2195478.33712,-212130919098000.0,-212130918641000.0,-212130923315000.0,-212130922683000.0,-212130918709000.0,4.0,4820125128760.0,0.249546279492,3.46688419418e-13,0.249992724848,0.0155973147564,0.250018051845,33
720.0,-430.0,-14257.0,-14.9,-1e+200,-1e+200,-1e+200,-1e+200,189004.0,1e+200,-1e+200,ref,braidwood,illinois,illinois,-212130962300000.0,2431013.82086,-212130962162000.0,-212130959484000.0,-212130965390000.0,-212130964955000.0,-212130959837000.0,4.0,5909828197210.0,0.249546279492,3.46688419418e-13,0.250007275152,0.0155982225654,0.250018051845,38
720.0,-430.0,-14257.0,-14.9,-1e+200,-1e+200,-1e+200,-1e+200,283507.0,1e+200,-1e+200,ref,braidwood,illinois,illinois,-212131006438000.0,2672048.75095,-212131005277000.0,-212131004768000.0,-212131010430000.0,-212131009661000.0,-212131004841000.0,4.0,7139844527440.0,0.249546279492,3.46688419418e-13,0.250007275152,0.0155982225654,0.250018051845,43
720.0,-430.0,-14257.0,-14.9,-1e+200,-1e+200,-1e+200,-1e+200,378009.0,1e+200,-1e+200,ref,braidwood,illinois,illinois,-212131048377000.0,2932734.81107,-212131047894000.0,-212131045859000.0,-212131051861000.0,-212131051544000.0,-212131045887000.0,4.0,8600933472050.0,0.249546279492,3.46688419418e-13,0.125002976198,0.00779907001867,0.250018051845,48
720.0,-292.0,-10794.0,-14.9,-1e+200,-1e+200,-1e+200,-1e+200,10.0,1e+200,-1e+200,ref,braidwood,illinois,illinois,-212434692915000.0,1530158.61245,-212434693372000.0,-212434690823000.0,-212434694092000.0,-212434694081000.0,-212434691108000.0,4.0,2341385379270.0,0.250453720508,3.46688419418e-13,0.12498974865,0.00782660199132,0.250018051845,54
720.0,-292.0,-10794.0,-14.9,-1e+200,-1e+200,-1e+200,-1e+200,94502.0,1e+200,-1e+200,ref,braidwood,illinois,illinois,-212434735218000.0,4369927.55246,-212434736885000.0,-212434728791000.0,-212434738311000.0,-212434738196000.0,-212434729907000.0,4.0,19096266813800.0,0.250453720508,3.46688419418e-13,0.249992724848,0.0156540322646,0.250018051845,59
720.0,-292.0,-10794.0,-14.9,-1e+200,-1e+200,-1e+200,-1e+200,189004.0,1e+200,-1e+200,ref,braidwood,illinois,illinois,-212434778169000.0,1938807.5619,-212434777644000.0,-212434776513000.0,-212434780875000.0,-212434780477000.0,-212434776596000.0,4.0,3758974762080.0,0.250453720508,3.46688419418e-13,0.250007275152,0.0156549433748,0.250018051845,64
720.0,-292.0,-10794.0,-14.9,-1e+200,-1e+200,-1e+200,-1e+200,283507.0,1e+200,-1e+200,ref,braidwood,illinois,illinois,-212434823150000.0,3431241.48313,-212434823453000.0,-212434818891000.0,-212434826802000.0,-212434826503000.0,-212434819373000.0,4.0,11773418115600.0,0.250453720508,3.46688419418e-13,0.250007275152,0.0156549433748,0.250018051845,69
720.0,-292.0,-10794.0,-14.9,-1e+200,-1e+200,-1e+200,-1e+200,378009.0,1e+200,-1e+200,ref,braidwood,illinois,illinois,-212434868457000.0,1330065.96521,-212434868732000.0,-212434866630000.0,-212434869736000.0,-212434869631000.0,-212434866900000.0,4.0,1769075471820.0,0.250453720508,3.46688419418e-13,0.125002976198,0.00782743027329,0.250018051845,74
720.0,-154.0,-7332.0,-14.9,-1e+200,-1e+200,-1e+200,-1e+200,10.0,1e+200,-1e+200,ref,braidwood,illinois,illinois,-212799969645000.0,2226497.45586,-212799970183000.0,-212799966568000.0,-212799971646000.0,-212799971523000.0,-212799967014000.0,4.0,4957290920950.0,0.125226860254,3.46688419418e-13,0.12498974865,0.00391273589804,0.249981948155,80
720.0,-154.0,-7332.0,-14.9,-1e+200,-1e+200,-1e+200,-1e+200,94502.0,1e+200,-1e+200,ref,braidwood,illinois,illinois,-212800016268000.0,2837034.0081,-212800016302000.0,-212800013170000.0,-212800019296000.0,-212800019093000.0,-212800013394000.0,4.0,8048761963120.0,0.125226860254,3.46688419418e-13,0.249992724848,0.00782588587727,0.249981948155,85
720.0,-154.0,-7332.0,-14.9,-1e+200,-1e+200,-1e+200,-1e+200,189004.0,1e+200,-1e+200,ref,braidwood,illinois,illinois,-212800055026000.0,4482695.23522,-212800055337000.0,-212800049264000.0,-212800060167000.0,-212800059514000.0,-212800050103000.0,4.0,20094556571900.0,0.125226860254,3.46688419418e-13,0.250007275152,0.00782634136657,0.249981948155,90
720.0,-154.0,-7332.0,-14.9,-1e+200,-1e+200,-1e+200,-1e+200,283507.0,1e+200,-1e+200,ref,braidwood,illinois,illinois,-212800099083000.0,2586963.19522,-212800098516000.0,-212800096725000.0,-212800102578000.0,-212800102105000.0,-212800096857000.0,4.0,6692378573430.0,0.125226860254,3.46688419418e-13,0.250007275152,0.00782634136657,0.249981948155,95
720.0,-154.0,-7332.0,-14.9,-1e+200,-1e+200,-1e+200,-1e+200,378009.0,1e+200,-1e+200,ref,braidwood,illinois,illinois,-212800142107000.0,4330746.39693,-212800141603000.0,-212800138337000.0,-212800146884000.0,-212800146551000.0,-212800138368000.0,4.0,18755364354500.0,0.125226860254,3.46688419418e-13,0.125002976198,0.00391314997922,0.249981948155,100
720.0,-567.0,-17719.0,-14.9,-1e+200,-1e+200,-1e+200,-1e+200,10.0,1e+200,-1e+200,ref,braidwood,illinois,illinois,-213310271936000.0,579205.561157,-213310271989000.0,-213310271306000.0,-213310272460000.0,-213310272450000.0,-213310271348000.0,4.0,335479082075.0,0.249546279492,3.46688419418e-13,0.12498974865,0.0038985593187,0.124990974078,2
720.0,-567.0,-17719.0,-14.9,-1e+200,-1e+200,-1e+200,-1e+200,94502.0,1e+200,-1e+200,ref,braidwood,illinois,illinois,-213310315464000.0,1140010.34042,-213310315896000.0,-213310313791000.0,-213310316272000.0,-213310316245000.0,-213310314078000.0,4.0,1299623576270.0,0.249546279492,3.46688419418e-13,0.249992724848,0.00779753121829,0.124990974078,7
720.0,-567.0,-17719.0,-14.9,-1e+200,-1e+200,-1e+200,-1e+200,189004.0,1e+200,-1e+200,ref,braidwood,illinois,illinois,-213310357521000.0,1535884.19561,-213310357865000.0,-213310355509000.0,-213310358847000.0,-213310358808000.0,-213310355755000.0,4.0,2358940262320.0,0.249546279492,3.46688419418e-13,0.250007275152,0.00779798505727,0.124990974078,12
720.0,-567.0,-17719.0,-14.9,-1e+200,-1e+200,-1e+200,-1e+200,283507.0,1e+200,-1e+200,ref,braidwood,illinois,illinois,-213310401906000.0,993272.75499,-213310402039000.0,-213310400778000.0,-213310402769000.0,-213310402760000.0,-213310400866000.0,4.0,986590765805.0,0.249546279492,3.46688419418e-13,0.250007275152,0.00779798505727,0.124990974078,17
720.0,-567.0,-17719.0,-14.9,-1e+200,-1e+200,-1e+200,-1e+200,378009.0,1e+200,-1e+200,ref,braidwood,illinois,illinois,-213310445199000.0,685462.177541,-213310445491000.0,-213310444177000.0,-213310445638000.0,-213310445618000.0,-213310444372000.0,4.0,469858396839.0,0.249546279492,3.46688419418e-13,0.125002976198,0.00389897189959,0.124990974078,22
720.0,-430.0,-17719.0,-14.9,-1e+200,-1e+200,-1e+200,-1e+200,10.0,1e+200,-1e+200,ref,braidwood,illinois,illinois,-424931958258000.0,4374819.92027,-424931958660000.0,-424931953179000.0,-424931962531000.0,-424931962334000.0,-424931953618000.0,4.0,19139049334800.0,0.249546279492,3.46688419418e-13,0.12498974865,0.0038985593187,0.124990974078,3
720.0,-430.0,-17719.0,-14.9,-1e+200,-1e+200,-1e+200,-1e+200,94502.0,1e+200,-1e+200,ref,braidwood,illinois,illinois,-424932003421000.0,1652501.71644,-424932003387000.0,-424932001734000.0,-424932005176000.0,-424932005067000.0,-424932001822000.0,4.0,2730761922850.0,0.249546279492,3.46688419418e-13,0.249992724848,0.00779753121829,0.124990974078,8
720.0,-430.0,-17719.0,-14.9,-1e+200,-1e+200,-1e+200,-1e+200,189004.0,1e+200,-1e+200,ref,braidwood,illinois,illinois,-424932044225000.0,2221141.24591,-424932043723000.0,-424932042144000.0,-424932047310000.0,-424932046843000.0,-424932042310000.0,4.0,4933468434270.0,0.249546279492,3.46688419418e-13,0.250007275152,0.00779798505727,0.124990974078,13
720.0,-430.0,-17719.0,-14.9,-1e+200,-1e+200,-1e+200,-1e+200,283507.0,1e+200,-1e+200,ref,braidwood,illinois,illinois,-424932089341000.0,2253370.54966,-424932089297000.0,-424932087053000.0,-424932091716000.0,-424932091575000.0,-424932087168000.0,4.0,5077678834060.0,0.249546279492,3.46688419418e-13,0.250007275152,0.00779798505727,0.124990974078,18
720.0,-430.0,-17719.0,-14.9,-1e+200,-1e+200,-1e+200,-1e+200,378009.0,1e+200,-1e+200,ref,braidwood,illinois,illinois,-424932131457000.0,2138475.95626,-424932131420000.0,-424932129373000.0,-424932133617000.0,-424932133517000.0,-424932129450000.0,4.0,4573079415500.0,0.249546279492,3.46688419418e-13,0.125002976198,0.00389897189959,0.124990974078,23
720.0,-292.0,-14257.0,-14.9,-1e+200,-1e+200,-1e+200,-1e+200,10.0,1e+200,-1e+200,ref,braidwood,illinois,illinois,-425297246716000.0,1932470.45589,-425297246806000.0,-425297244865000.0,-425297248386000.0,-425297248385000.0,-425297244920000.0,4.0,3734442062900.0,0.250453720508,3.46688419418e-13,0.12498974865,0.00782660199132,0.250018051845,29
720.0,-292.0,-14257.0,-14.9,-1e+200,-1e+200,-1e+200,-1e+200,94502.0,1e+200,-1e+200,ref,braidwood,illinois,illinois,-425297291604000.0,325576.000685,-425297291595000.0,-425297291267000.0,-425297291958000.0,-425297291933000.0,-425297291286000.0,4.0,105999732222.0,0.250453720508,3.46688419418e-13,0.249992724848,0.0156540322646,0.250018051845,34
720.0,-292.0,-14257.0,-14.9,-1e+200,-1e+200,-1e+200,-1e+200,189004.0,1e+200,-1e+200,ref,braidwood,illinois,illinois,-425297332806000.0,2359682.01191,-425297332389000.0,-425297330796000.0,-425297335648000.0,-425297335378000.0,-425297330817000.0,4.0,5568099197350.0,0.250453720508,3.46688419418e-13,0.250007275152,0.0156549433748,0.250018051845,39
720.0,-292.0,-14257.0,-14.9,-1e+200,-1e+200,-1e+200,-1e+200,283507.0,1e+200,-1e+200,ref,braidwood,illinois,illinois,-425297374308000.0,4374419.73987,-425297375706000.0,-425297368131000.0,-425297377688000.0,-425297377601000.0,-425297369057000.0,4.0,19135548060600.0,0.250453720508,3.46688419418e-13,0.250007275152,0.0156549433748,0.250018051845,44
720.0,-292.0,-14257.0,-14.9,-1e+200,-1e+200,-1e+200,-1e+200,378009.0,1e+200,-1e+200,ref,braidwood,illinois,illinois,-425297418720000.0,4146263.26156,-425297420250000.0,-425297412605000.0,-425297421778000.0,-425297421589000.0,-425297413711000.0,4.0,17191499034100.0,0.250453720508,3.46688419418e-13,0.125002976198,0.00782743027329,0.250018051845,49
720.0,-154.0,-10794.0,-14.9,-1e+200,-1e+200,-1e+200,-1e+200,10.0,1e+200,-1e+200,ref,braidwood,illinois,illinois,-425601053592000.0,4170351.11479,-425601054840000.0,-425601047559000.0,-425601057128000.0,-425601056827000.0,-425601048608000.0,4.0,17391828420600.0,0.125226860254,3.46688419418e-13,0.12498974865,0.00391330099566,0.250018051845,55
720.0,-154.0,-10794.0,-14.9,-1e+200,-1e+200,-1e+200,-1e+200,94502.0,1e+200,-1e+200,ref,braidwood,illinois,illinois,-425601100388000.0,2927291.84325,-425601099535000.0,-425601098102000.0,-425601104379000.0,-425601103839000.0,-425601098131000.0,4.0,8569037535550.0,0.125226860254,3.46688419418e-13,0.249992724848,0.0078270161323,0.250018051845,60
720.0,-154.0,-10794.0,-14.9,-1e+200,-1e+200,-1e+200,-1e+200,189004.0,1e+200,-1e+200,ref,braidwood,illinois,illinois,-425601145318000.0,2378296.54528,-425601145230000.0,-425601142676000.0,-425601148136000.0,-425601147851000.0,-425601142908000.0,4.0,5656294457270.0,0.125226860254,3.46688419418e-13,0.250007275152,0.00782747168739,0.250018051845,65
720.0,-154.0,-10794.0,-14.9,-1e+200,-1e+200,-1e+200,-1e+200,283507.0,1e+200,-1e+200,ref,braidwood,illinois,illinois,-425601186420000.0,3210454.19474,-425601186163000.0,-425601183029000.0,-425601190326000.0,-425601189914000.0,-425601183286000.0,4.0,10307016136500.0,0.125226860254,3.46688419418e-13,0.250007275152,0.00782747168739,0.250018051845,70
720.0,-154.0,-10794.0,-14.9,-1e+200,-1e+200,-1e+200,-1e+200,378009.0,1e+200,-1e+200,ref,braidwood,illinois,illinois,-425601228684000.0,3882287.8959,-425601229947000.0,-425601223057000.0,-425601231784000.0,-425601231600000.0,-425601223998000.0,4.0,15072159306700.0,0.125226860254,3.46688419418e-13,0.125002976198,0.00391371513664,0.250018051845,75
720.0,-292.0,-17719.0,-14.9,-1e+200,-1e+200,-1e+200,-1e+200,10.0,1e+200,-1e+200,ref,braidwood,illinois,illinois,-638098323879000.0,4307489.25164,-638098324165000.0,-638098318470000.0,-638098328715000.0,-638098328212000.0,-638098319145000.0,4.0,18554463653000.0,0.250453720508,3.46688419418e-13,0.12498974865,0.00391273589804,0.124990974078,4
720.0,-292.0,-17719.0,-14.9,-1e+200,-1e+200,-1e+200,-1e+200,94502.0,1e+200,-1e+200,ref,braidwood,illinois,illinois,-638098368861000.0,4666149.8877,-638098368963000.0,-638098364134000.0,-638098373384000.0,-638098373224000.0,-638098364355000.0,4.0,21772954774500.0,0.250453720508,3.46688419418e-13,0.249992724848,0.00782588587727,0.124990974078,9
720.0,-292.0,-17719.0,-14.9,-1e+200,-1e+200,-1e+200,-1e+200,189004.0,1e+200,-1e+200,ref,braidwood,illinois,illinois,-638098412900000.0,4269832.02351,-638098413600000.0,-638098407431000.0,-638098416966000.0,-638098416747000.0,-638098408070000.0,4.0,18231465509000.0,0.250453720508,3.46688419418e-13,0.250007275152,0.00782634136657,0.124990974078,14
720.0,-292.0,-17719.0,-14.9,-1e+200,-1e+200,-1e+200,-1e+200,283507.0,1e+200,-1e+200,ref,braidwood,illinois,illinois,-638098458306000.0,2802794.95002,-638098457802000.0,-638098455772000.0,-638098461846000.0,-638098461455000.0,-638098455862000.0,4.0,7855659531870.0,0.250453720508,3.46688419418e-13,0.250007275152,0.00782634136657,0.124990974078,19
720.0,-292.0,-17719.0,-14.9,-1e+200,-1e+200,-1e+200,-1e+200,378009.0,1e+200,-1e+200,ref,braidwood,illinois,illinois,-638098501498000.0,2491671.73005,-638098500831000.0,-638098499552000.0,-638098504777000.0,-638098504375000.0,-638098499554000.0,4.0,6208428010340.0,0.250453720508,3.46688419418e-13,0.125002976198,0.00391314997922,0.124990974078,24
720.0,-154.0,-14257.0,-14.9,-1e+200,-1e+200,-1e+200,-1e+200,10.0,1e+200,-1e+200,ref,braidwood,illinois,illinois,-638463610089000.0,2988609.00666,-638463610601000.0,-638463606057000.0,-638463613098000.0,-638463612827000.0,-638463606635000.0,4.0,8931783794670.0,0.125226860254,3.46688419418e-13,0.12498974865,0.00391330099566,0.250018051845,30
720.0,-154.0,-14257.0,-14.9,-1e+200,-1e+200,-1e+200,-1e+200,94502.0,1e+200,-1e+200,ref,braidwood,illinois,illinois,-638463650239000.0,4543474.43987,-638463650972000.0,-638463644265000.0,-638463654745000.0,-638463654413000.0,-638463645037000.0,4.0,20643159985800.0,0.125226860254,3.46688419418e-13,0.249992724848,0.0078270161323,0.250018051845,35
720.0,-154.0,-14257.0,-14.9,-1e+200,-1e+200,-1e+200,-1e+200,189004.0,1e+200,-1e+200,ref,braidwood,illinois,illinois,-638463694015000.0,2134740.65308,-638463694567000.0,-638463691133000.0,-638463695791000.0,-638463695742000.0,-638463691514000.0,4.0,4557117655900.0,0.125226860254,3.46688419418e-13,0.250007275152,0.00782747168739,0.250018051845,40
720.0,-154.0,-14257.0,-14.9,-1e+200,-1e+200,-1e+200,-1e+200,283507.0,1e+200,-1e+200,ref,braidwood,illinois,illinois,-638463739173000.0,7226661.20249,-638463741529000.0,-638463728848000.0,-638463744784000.0,-638463744586000.0,-638463730460000.0,4.0,52224632135600.0,0.125226860254,3.46688419418e-13,0.250007275152,0.00782747168739,0.250018051845,45
720.0,-154.0,-14257.0,-14.9,-1e+200,-1e+200,-1e+200,-1e+200,378009.0,1e+200,-1e+200,ref,braidwood,illinois,illinois,-638463782963000.0,3517318.94459,-638463783636000.0,-638463778119000.0,-638463786458000.0,-638463786112000.0,-638463778870000.0,4.0,12371532558000.0,0.125226860254,3.46688419418e-13,0.125002976198,0.00391371513664,0.250018051845,50
720.0,-154.0,-17719.0,-14.9,-1e+200,-1e+200,-1e+200,-1e+200,10.0,1e+200,-1e+200,ref,braidwood,illinois,illinois,-851264689677000.0,5377115.945,-851264690327000.0,-851264682977000.0,-851264695079000.0,-851264694731000.0,-851264683715000.0,4.0,28913375885900.0,0.125226860254,3.46688419418e-13,0.12498974865,0.00195636794902,0.124990974078,5
720.0,-154.0,-17719.0,-14.9,-1e+200,-1e+200,-1e+200,-1e+200,94502.0,1e+200,-1e+200,ref,braidwood,illinois,illinois,-851264734339000.0,4644663.53652,-851264733496000.0,-851264729621000.0,-851264740743000.0,-851264739674000.0,-851264730185000.0,4.0,21572899367500.0,0.125226860254,3.46688419418e-13,0.249992724848,0.00391294293863,0.124990974078,10
720.0,-154.0,-17719.0,-14.9,-1e+200,-1e+200,-1e+200,-1e+200,189004.0,1e+200,-1e+200,ref,braidwood,illinois,illinois,-851264775249000.0,3088883.10624,-851264774602000.0,-851264772591000.0,-851264779203000.0,-851264778752000.0,-851264772653000.0,4.0,9541198844040.0,0.125226860254,3.46688419418e-13,0.250007275152,0.00391317068328,0.124990974078,15
720.0,-154.0,-17719.0,-14.9,-1e+200,-1e+200,-1e+200,-1e+200,283507.0,1e+200,-1e+200,ref,braidwood,illinois,illinois,-851264821275000.0,3316388.92359,-851264822368000.0,-851264816426000.0,-851264823939000.0,-851264823704000.0,-851264817317000.0,4.0,10998435492500.0,0.125226860254,3.46688419418e-13,0.250007275152,0.00391317068328,0.124990974078,20
720.0,-154.0,-17719.0,-14.9,-1e+200,-1e+200,-1e+200,-1e+200,378009.0,1e+200,-1e+200,ref,braidwood,illinois,illinois,-851264868037000.0,2777870.40122,-851264869113000.0,-851264863927000.0,-851264869994000.0,-851264869897000.0,-851264864669000.0,4.0,7716563965950.0,0.125226860254,3.46688419418e-13,0.125002976198,0.00195657498961,0.124990974078,25
