npp_capacity,htse_capacity,meoh_capacity,electricity_market_capacity,naphtha_market_capacity,jet_fuel_market_capacity,diesel_market_capacity,h2_storage_capacity,h2_import_capacity,h2_export_capacity,scenario_label,location_label,fuel_region_label,elec_data_label,mean_NPV,std_NPV,med_NPV,max_NPV,min_NPV,perc_5_NPV,perc_95_NPV,samp_NPV,var_NPV,PointProbability,ProbabilityWeight,ProbabilityWeight-meoh_capacity,ProbabilityWeight-htse_capacity,ProbabilityWeight-h2_storage_capacity,prefix
522.0,-522.0,-12615.0,-1e+200,-1e+200,-1e+200,-1e+200,10.0,1e+200,-1e+200,ref,prairie_island,minnesota,covid,1117399545.67,13411.131512,1117399545.67,1117409028.77,1117390062.57,1117391010.88,1117408080.46,2.0,179858448.432,1.0931281734e-12,0.00195789901284,0.1249862107,0.125333333333,0.124986065178,1
522.0,-522.0,-12615.0,-1e+200,-1e+200,-1e+200,-1e+200,67280.0,1e+200,-1e+200,ref,prairie_island,minnesota,covid,1092096162.43,24893.2537684,1092096162.43,1092113764.62,1092078560.24,1092080320.46,1092112004.4,2.0,619674083.18,1.0931281734e-12,0.00391608907653,0.1249862107,0.125333333333,0.249990710119,26
522.0,-522.0,-12615.0,-1e+200,-1e+200,-1e+200,-1e+200,134560.0,1e+200,-1e+200,ref,prairie_island,minnesota,covid,1063922555.37,35801.4213839,1063922555.37,1063947870.79,1063897239.94,1063899771.48,1063945339.25,2.0,1281741773.11,1.0931281734e-12,0.00391638012737,0.1249862107,0.125333333333,0.250009289881,51
522.0,-522.0,-12615.0,-1e+200,-1e+200,-1e+200,-1e+200,201840.0,1e+200,-1e+200,ref,prairie_island,minnesota,covid,1035766959.24,25184.8943718,1035766959.24,1035784767.65,1035749150.83,1035750931.67,1035782986.81,2.0,634278904.518,1.0931281734e-12,0.00391638012737,0.1249862107,0.125333333333,0.250009289881,76
522.0,-522.0,-12615.0,-1e+200,-1e+200,-1e+200,-1e+200,269120.0,1e+200,-1e+200,ref,prairie_island,minnesota,covid,1007548468.51,63860.8794063,1007548468.51,1007593624.97,1007503312.05,1007507827.7,1007589109.33,2.0,4078211918.54,1.0931281734e-12,0.00195819006368,0.1249862107,0.125333333333,0.125004644941,101
522.0,-428.0,-10349.0,-1e+200,-1e+200,-1e+200,-1e+200,10.0,1e+200,-1e+200,ref,prairie_island,minnesota,covid,883461034.101,82578.5290913,883461034.101,883519425.939,883402642.263,883408481.447,883513586.755,2.0,6819213466.88,1.0931281734e-12,0.00783332411758,0.250027578599,0.250666666667,0.124986065178,7
522.0,-428.0,-10349.0,-1e+200,-1e+200,-1e+200,-1e+200,67280.0,1e+200,-1e+200,ref,prairie_island,minnesota,covid,858248680.978,57956.3962557,858248680.978,858289662.339,858207699.617,858211797.753,858285564.203,2.0,3358943866.95,1.0931281734e-12,0.0156678126954,0.250027578599,0.250666666667,0.249990710119,32
522.0,-428.0,-10349.0,-1e+200,-1e+200,-1e+200,-1e+200,134560.0,1e+200,-1e+200,ref,prairie_island,minnesota,covid,830006502.943,163712.085246,830006502.943,830122264.868,829890741.017,829902317.209,830110688.676,2.0,26801646855.7,1.0931281734e-12,0.0156689771557,0.250027578599,0.250666666667,0.250009289881,57
522.0,-428.0,-10349.0,-1e+200,-1e+200,-1e+200,-1e+200,201840.0,1e+200,-1e+200,ref,prairie_island,minnesota,covid,802119528.879,59093.4498275,802119528.879,802161314.258,802077743.499,802081922.037,802157135.72,2.0,3492035812.52,1.0931281734e-12,0.0156689771557,0.250027578599,0.250666666667,0.250009289881,82
522.0,-522.0,-10349.0,-1e+200,-1e+200,-1e+200,-1e+200,10.0,1e+200,-1e+200,ref,prairie_island,minnesota,covid,785217653.497,78365.9662403,785217653.497,785273066.603,785162240.391,785167781.702,785267525.293,2.0,6141224664.78,1.0931281734e-12,0.00391666205879,0.250027578599,0.125333333333,0.124986065178,2
522.0,-522.0,-10349.0,-1e+200,-1e+200,-1e+200,-1e+200,67280.0,1e+200,-1e+200,ref,prairie_island,minnesota,covid,774523034.308,57806.0426753,774523034.308,774563909.353,774482159.264,774486246.768,774559821.849,2.0,3341538569.78,1.0931281734e-12,0.00783390634771,0.250027578599,0.125333333333,0.249990710119,27
522.0,-428.0,-10349.0,-1e+200,-1e+200,-1e+200,-1e+200,269120.0,1e+200,-1e+200,ref,prairie_island,minnesota,covid,773834110.946,237741.797923,773834110.946,774002219.783,773666002.108,773682812.992,773985408.899,2.0,56521162479.8,1.0931281734e-12,0.00783448857783,0.250027578599,0.250666666667,0.125004644941,107
522.0,-522.0,-10349.0,-1e+200,-1e+200,-1e+200,-1e+200,134560.0,1e+200,-1e+200,ref,prairie_island,minnesota,covid,745932541.3,470891.792826,745932541.3,746265512.08,745599570.52,745632867.598,746232215.002,2.0,221739080551.0,1.0931281734e-12,0.00783448857783,0.250027578599,0.125333333333,0.250009289881,52
522.0,-522.0,-10349.0,-1e+200,-1e+200,-1e+200,-1e+200,201840.0,1e+200,-1e+200,ref,prairie_island,minnesota,covid,717492364.408,456988.799423,717492364.408,717815504.287,717169224.529,717201538.517,717783190.299,2.0,208838762798.0,1.0931281734e-12,0.00783448857783,0.250027578599,0.125333333333,0.250009289881,77
522.0,-522.0,-10349.0,-1e+200,-1e+200,-1e+200,-1e+200,269120.0,1e+200,-1e+200,ref,prairie_island,minnesota,covid,689076990.178,188327.75433,689076990.178,689210158.01,688943822.345,688957139.129,689196841.227,2.0,35467343050.8,1.0931281734e-12,0.00391724428892,0.250027578599,0.125333333333,0.125004644941,102
522.0,-334.0,-8082.0,-1e+200,-1e+200,-1e+200,-1e+200,10.0,1e+200,-1e+200,ref,prairie_island,minnesota,covid,654204287.271,199247.414777,654204287.271,654345176.469,654063398.073,654077486.993,654331087.549,2.0,39699532295.2,1.0931281734e-12,0.00779165749993,0.250027578599,0.249333333333,0.124986065178,13
522.0,-334.0,-8082.0,-1e+200,-1e+200,-1e+200,-1e+200,67280.0,1e+200,-1e+200,ref,prairie_island,minnesota,covid,628644388.249,502177.600571,628644388.249,628999481.436,628289295.062,628324804.381,628963972.117,2.0,252182342515.0,1.0931281734e-12,0.0155844732662,0.250027578599,0.249333333333,0.249990710119,38
522.0,-334.0,-8082.0,-1e+200,-1e+200,-1e+200,-1e+200,134560.0,1e+200,-1e+200,ref,prairie_island,minnesota,covid,600378713.316,86768.2110843,600378713.316,600440067.706,600317358.925,600323494.364,600433932.267,2.0,7528722454.76,1.0931281734e-12,0.0155856315325,0.250027578599,0.249333333333,0.250009289881,63
522.0,-334.0,-8082.0,-1e+200,-1e+200,-1e+200,-1e+200,201840.0,1e+200,-1e+200,ref,prairie_island,minnesota,covid,572493122.912,46437.6955029,572493122.912,572525959.321,572460286.502,572463570.143,572522675.68,2.0,2156459563.62,1.0931281734e-12,0.0155856315325,0.250027578599,0.249333333333,0.250009289881,88
522.0,-428.0,-8082.0,-1e+200,-1e+200,-1e+200,-1e+200,10.0,1e+200,-1e+200,ref,prairie_island,minnesota,covid,555264269.412,68841.0583689,555264269.412,555312947.391,555215591.433,555220459.231,555308079.593,2.0,4739091317.35,1.0931281734e-12,0.00783332411758,0.250027578599,0.250666666667,0.124986065178,8
522.0,-334.0,-8082.0,-1e+200,-1e+200,-1e+200,-1e+200,269120.0,1e+200,-1e+200,ref,prairie_island,minnesota,covid,544365701.237,359753.092901,544365701.237,544620085.088,544111317.385,544136755.77,544594646.703,2.0,129422287852.0,1.0931281734e-12,0.00779281576625,0.250027578599,0.249333333333,0.125004644941,113
522.0,-428.0,-8082.0,-1e+200,-1e+200,-1e+200,-1e+200,67280.0,1e+200,-1e+200,ref,prairie_island,minnesota,covid,543043313.404,114997.825335,543043313.404,543124629.146,542961997.661,542970129.236,543116497.571,2.0,13224499831.7,1.0931281734e-12,0.0156678126954,0.250027578599,0.250666666667,0.249990710119,33
522.0,-428.0,-8082.0,-1e+200,-1e+200,-1e+200,-1e+200,134560.0,1e+200,-1e+200,ref,prairie_island,minnesota,covid,515077745.076,391724.489799,515077745.076,515354736.119,514800754.033,514828453.137,515327037.015,2.0,153448075908.0,1.0931281734e-12,0.0156689771557,0.250027578599,0.250666666667,0.250009289881,58
522.0,-428.0,-8082.0,-1e+200,-1e+200,-1e+200,-1e+200,201840.0,1e+200,-1e+200,ref,prairie_island,minnesota,covid,486509919.148,712109.157546,486509919.148,487013456.363,486006381.934,486056735.656,486963102.641,2.0,507099452261.0,1.0931281734e-12,0.0156689771557,0.250027578599,0.250666666667,0.250009289881,83
522.0,-428.0,-8082.0,-1e+200,-1e+200,-1e+200,-1e+200,269120.0,1e+200,-1e+200,ref,prairie_island,minnesota,covid,457773963.029,541933.709022,457773963.029,458157168.03,457390758.029,457429078.529,458118847.53,2.0,293692144975.0,1.0931281734e-12,0.00783448857783,0.250027578599,0.250666666667,0.125004644941,108
522.0,-522.0,-8082.0,-1e+200,-1e+200,-1e+200,-1e+200,10.0,1e+200,-1e+200,ref,prairie_island,minnesota,covid,456905614.151,127339.686824,456905614.151,456995656.908,456815571.395,456824575.671,456986652.632,2.0,16215395840.4,1.0931281734e-12,0.00391666205879,0.250027578599,0.125333333333,0.124986065178,3
522.0,-522.0,-8082.0,-1e+200,-1e+200,-1e+200,-1e+200,67280.0,1e+200,-1e+200,ref,prairie_island,minnesota,covid,454027164.564,27825.9201634,454027164.564,454046840.461,454007488.668,454009456.257,454044872.872,2.0,774281832.938,1.0931281734e-12,0.00783390634771,0.250027578599,0.125333333333,0.249990710119,28
522.0,-241.0,-5816.0,-1e+200,-1e+200,-1e+200,-1e+200,10.0,1e+200,-1e+200,ref,prairie_island,minnesota,covid,431733176.797,57564.6413481,431733176.797,431773881.145,431692472.448,431696542.883,431769810.71,2.0,3313687933.54,1.0931281734e-12,0.00778993862557,0.249972421401,0.249333333333,0.124986065178,19
522.0,-522.0,-8082.0,-1e+200,-1e+200,-1e+200,-1e+200,134560.0,1e+200,-1e+200,ref,prairie_island,minnesota,covid,425959784.965,656964.435007,425959784.965,426424328.972,425495240.958,425541695.359,426377874.571,2.0,431602268864.0,1.0931281734e-12,0.00783448857783,0.250027578599,0.125333333333,0.250009289881,53
522.0,-241.0,-5816.0,-1e+200,-1e+200,-1e+200,-1e+200,67280.0,1e+200,-1e+200,ref,prairie_island,minnesota,covid,405498241.738,75344.1070474,405498241.738,405551518.067,405444965.409,405450293.042,405546190.434,2.0,5676734466.77,1.0931281734e-12,0.0155810352619,0.249972421401,0.249333333333,0.249990710119,44
522.0,-522.0,-8082.0,-1e+200,-1e+200,-1e+200,-1e+200,201840.0,1e+200,-1e+200,ref,prairie_island,minnesota,covid,397009557.04,298150.038569,397009557.04,397220380.954,396798733.126,396819815.517,397199298.562,2.0,88893445498.9,1.0931281734e-12,0.00783448857783,0.250027578599,0.125333333333,0.250009289881,78
522.0,-241.0,-5816.0,-1e+200,-1e+200,-1e+200,-1e+200,134560.0,1e+200,-1e+200,ref,prairie_island,minnesota,covid,377304924.148,120076.694791,377304924.148,377389831.193,377220017.102,377228507.807,377381340.488,2.0,14418412631.8,1.0931281734e-12,0.0155821932727,0.249972421401,0.249333333333,0.250009289881,69
522.0,-522.0,-8082.0,-1e+200,-1e+200,-1e+200,-1e+200,269120.0,1e+200,-1e+200,ref,prairie_island,minnesota,covid,369572658.245,143313.622486,369572658.245,369673996.279,369471320.211,369481454.014,369663862.476,2.0,20538794390.0,1.0931281734e-12,0.00391724428892,0.250027578599,0.125333333333,0.125004644941,103
522.0,-241.0,-5816.0,-1e+200,-1e+200,-1e+200,-1e+200,201840.0,1e+200,-1e+200,ref,prairie_island,minnesota,covid,349195543.169,260730.303498,349195543.169,349379907.335,349011179.003,349029615.42,349361470.918,2.0,67980291162.0,1.0931281734e-12,0.0155821932727,0.249972421401,0.249333333333,0.250009289881,94
522.0,-334.0,-5816.0,-1e+200,-1e+200,-1e+200,-1e+200,10.0,1e+200,-1e+200,ref,prairie_island,minnesota,covid,332069193.438,60675.5338078,332069193.438,332112097.519,332026289.356,332030579.764,332107807.111,2.0,3681520402.86,1.0931281734e-12,0.00778993862557,0.249972421401,0.249333333333,0.124986065178,14
522.0,-241.0,-5816.0,-1e+200,-1e+200,-1e+200,-1e+200,269120.0,1e+200,-1e+200,ref,prairie_island,minnesota,covid,320997333.933,300310.20855,320997333.933,321209685.318,320784982.549,320806217.687,321188450.18,2.0,90186221359.4,1.0931281734e-12,0.00779109663636,0.249972421401,0.249333333333,0.125004644941,119
522.0,-334.0,-5816.0,-1e+200,-1e+200,-1e+200,-1e+200,67280.0,1e+200,-1e+200,ref,prairie_island,minnesota,covid,318397610.008,317070.425225,318397610.008,318621812.656,318173407.36,318195827.625,318599392.391,2.0,100533654552.0,1.0931281734e-12,0.0155810352619,0.249972421401,0.249333333333,0.249990710119,39
522.0,-334.0,-5816.0,-1e+200,-1e+200,-1e+200,-1e+200,134560.0,1e+200,-1e+200,ref,prairie_island,minnesota,covid,289675030.565,229694.434071,289675030.565,289837449.056,289512612.073,289528853.922,289821207.207,2.0,52759533043.2,1.0931281734e-12,0.0155821932727,0.249972421401,0.249333333333,0.250009289881,64
522.0,-334.0,-5816.0,-1e+200,-1e+200,-1e+200,-1e+200,201840.0,1e+200,-1e+200,ref,prairie_island,minnesota,covid,261438548.405,168356.848534,261438548.405,261557594.674,261319502.135,261331406.762,261545690.047,2.0,28344028448.4,1.0931281734e-12,0.0155821932727,0.249972421401,0.249333333333,0.250009289881,89
522.0,-334.0,-5816.0,-1e+200,-1e+200,-1e+200,-1e+200,269120.0,1e+200,-1e+200,ref,prairie_island,minnesota,covid,233316276.489,138887.985981,233316276.489,233414485.126,233218067.852,233227888.716,233404664.262,2.0,19289872650.0,1.0931281734e-12,0.00779109663636,0.249972421401,0.249333333333,0.125004644941,114
522.0,-428.0,-5816.0,-1e+200,-1e+200,-1e+200,-1e+200,10.0,1e+200,-1e+200,ref,prairie_island,minnesota,covid,233045765.479,161883.81526,233045765.479,233160234.623,232931296.336,232942743.25,233148787.708,2.0,26206369643.1,1.0931281734e-12,0.00783159605137,0.249972421401,0.250666666667,0.124986065178,9
522.0,-428.0,-5816.0,-1e+200,-1e+200,-1e+200,-1e+200,67280.0,1e+200,-1e+200,ref,prairie_island,minnesota,covid,227135988.455,316748.506461,227135988.455,227359963.472,226912013.438,226934410.94,227337565.97,2.0,100329616345.0,1.0931281734e-12,0.0156643563061,0.249972421401,0.250666666667,0.249990710119,34
522.0,-147.0,-3550.0,-1e+200,-1e+200,-1e+200,-1e+200,10.0,1e+200,-1e+200,ref,prairie_island,minnesota,covid,221722856.82,452481.142334,221722856.82,222042809.304,221402904.336,221434899.584,222010814.055,2.0,204739184168.0,1.0931281734e-12,0.00195789901284,0.1249862107,0.125333333333,0.124986065178,25
522.0,-428.0,-5816.0,-1e+200,-1e+200,-1e+200,-1e+200,134560.0,1e+200,-1e+200,ref,prairie_island,minnesota,covid,198263501.107,598913.60476,198263501.107,198686996.978,197840005.235,197882354.822,198644647.391,2.0,358697505967.0,1.0931281734e-12,0.0156655205095,0.249972421401,0.250666666667,0.250009289881,59
522.0,-147.0,-3550.0,-1e+200,-1e+200,-1e+200,-1e+200,67280.0,1e+200,-1e+200,ref,prairie_island,minnesota,covid,194582556.72,44957.7364626,194582556.72,194614346.64,194550766.8,194553945.792,194611167.648,2.0,2021198067.84,1.0931281734e-12,0.00391608907653,0.1249862107,0.125333333333,0.249990710119,50
522.0,-428.0,-5816.0,-1e+200,-1e+200,-1e+200,-1e+200,201840.0,1e+200,-1e+200,ref,prairie_island,minnesota,covid,169733466.606,467715.03125,169733466.606,170064191.076,169402742.136,169435814.583,170031118.629,2.0,218757350457.0,1.0931281734e-12,0.0156655205095,0.249972421401,0.250666666667,0.250009289881,84
522.0,-147.0,-3550.0,-1e+200,-1e+200,-1e+200,-1e+200,134560.0,1e+200,-1e+200,ref,prairie_island,minnesota,covid,166492653.464,335563.555607,166492653.464,166729932.729,166255374.198,166279102.125,166706204.803,2.0,112602899851.0,1.0931281734e-12,0.00391638012737,0.1249862107,0.125333333333,0.250009289881,75
522.0,-428.0,-5816.0,-1e+200,-1e+200,-1e+200,-1e+200,269120.0,1e+200,-1e+200,ref,prairie_island,minnesota,covid,141285706.056,738097.758032,141285706.056,141807619.986,140763792.126,140815983.519,141755428.593,2.0,544788300412.0,1.0931281734e-12,0.00783276025474,0.249972421401,0.250666666667,0.125004644941,109
522.0,-147.0,-3550.0,-1e+200,-1e+200,-1e+200,-1e+200,201840.0,1e+200,-1e+200,ref,prairie_island,minnesota,covid,138880725.247,66073.9033775,138880725.247,138927446.552,138834003.942,138838676.073,138922774.422,2.0,4365760707.53,1.0931281734e-12,0.00391638012737,0.1249862107,0.125333333333,0.250009289881,100
522.0,-522.0,-5816.0,-1e+200,-1e+200,-1e+200,-1e+200,10.0,1e+200,-1e+200,ref,prairie_island,minnesota,covid,134705176.264,299125.760455,134705176.264,134916690.118,134493662.411,134514813.796,134895538.733,2.0,89476220567.8,1.0931281734e-12,0.00391579802569,0.249972421401,0.125333333333,0.124986065178,4
522.0,-522.0,-5816.0,-1e+200,-1e+200,-1e+200,-1e+200,67280.0,1e+200,-1e+200,ref,prairie_island,minnesota,covid,133526142.875,737946.600287,133526142.875,134047949.92,133004335.829,133056516.534,133995769.215,2.0,544565184875.0,1.0931281734e-12,0.00783217815306,0.249972421401,0.125333333333,0.249990710119,29
522.0,-241.0,-3550.0,-1e+200,-1e+200,-1e+200,-1e+200,10.0,1e+200,-1e+200,ref,prairie_island,minnesota,covid,118929897.34,7547.64496012,118929897.34,118935234.331,118924560.349,118925094.048,118934700.632,2.0,56966944.4441,1.0931281734e-12,0.00389496931278,0.1249862107,0.249333333333,0.124986065178,20
522.0,-147.0,-3550.0,-1e+200,-1e+200,-1e+200,-1e+200,269120.0,1e+200,-1e+200,ref,prairie_island,minnesota,covid,110489530.619,567725.438857,110489530.619,110890973.127,110088088.111,110128232.362,110850828.876,2.0,322312173926.0,1.0931281734e-12,0.00195819006368,0.1249862107,0.125333333333,0.125004644941,125
522.0,-522.0,-5816.0,-1e+200,-1e+200,-1e+200,-1e+200,134560.0,1e+200,-1e+200,ref,prairie_island,minnesota,covid,105279105.884,185914.175184,105279105.884,105410567.058,105147644.71,105160790.827,105397420.94,2.0,34564080534.3,1.0931281734e-12,0.00783276025474,0.249972421401,0.125333333333,0.250009289881,54
522.0,-241.0,-3550.0,-1e+200,-1e+200,-1e+200,-1e+200,67280.0,1e+200,-1e+200,ref,prairie_island,minnesota,covid,102383156.175,460033.671633,102383156.175,102708449.104,102057863.246,102090392.539,102675919.811,2.0,211630979037.0,1.0931281734e-12,0.00779051763097,0.1249862107,0.249333333333,0.249990710119,45
522.0,-522.0,-5816.0,-1e+200,-1e+200,-1e+200,-1e+200,201840.0,1e+200,-1e+200,ref,prairie_island,minnesota,covid,76196009.4444,77383.6584407,76196009.4444,76250727.954,76141290.9347,76146762.7857,76245256.103,2.0,5988230593.66,1.0931281734e-12,0.00783276025474,0.249972421401,0.125333333333,0.250009289881,79
522.0,-241.0,-3550.0,-1e+200,-1e+200,-1e+200,-1e+200,134560.0,1e+200,-1e+200,ref,prairie_island,minnesota,covid,74656390.8262,322029.79964,74656390.8262,74884100.2812,74428681.3711,74451452.3166,74861329.3357,2.0,103703191856.0,1.0931281734e-12,0.00779109663636,0.1249862107,0.249333333333,0.250009289881,70
522.0,-522.0,-5816.0,-1e+200,-1e+200,-1e+200,-1e+200,269120.0,1e+200,-1e+200,ref,prairie_island,minnesota,covid,48325526.5783,442709.962973,48325526.5783,48638569.7952,48012483.3614,48043787.6831,48607265.4736,2.0,195992111316.0,1.0931281734e-12,0.00391638012737,0.249972421401,0.125333333333,0.125004644941,104
522.0,-241.0,-3550.0,-1e+200,-1e+200,-1e+200,-1e+200,201840.0,1e+200,-1e+200,ref,prairie_island,minnesota,covid,45845428.2374,29268.3452529,45845428.2374,45866124.0828,45824732.392,45826801.9765,45864054.4983,2.0,856636033.845,1.0931281734e-12,0.00779109663636,0.1249862107,0.249333333333,0.250009289881,95
522.0,-334.0,-3550.0,-1e+200,-1e+200,-1e+200,-1e+200,10.0,1e+200,-1e+200,ref,prairie_island,minnesota,covid,19976842.4654,297287.564355,19976842.4654,20187056.5181,19766628.4126,19787649.8179,20166035.1128,2.0,88379895920.3,1.0931281734e-12,0.00389496931278,0.1249862107,0.249333333333,0.124986065178,15
522.0,-241.0,-3550.0,-1e+200,-1e+200,-1e+200,-1e+200,269120.0,1e+200,-1e+200,ref,prairie_island,minnesota,covid,17582730.2666,91920.82055,17582730.2666,17647728.1021,17517732.4311,17524232.2146,17641228.3186,2.0,8449437250.59,1.0931281734e-12,0.00389554831818,0.1249862107,0.249333333333,0.125004644941,120
522.0,-334.0,-3550.0,-1e+200,-1e+200,-1e+200,-1e+200,67280.0,1e+200,-1e+200,ref,prairie_island,minnesota,covid,9066396.85972,272464.477393,9066396.85972,9259058.33932,8873735.38012,8893001.52808,9239792.19136,2.0,74236891441.3,1.0931281734e-12,0.00779051763097,0.1249862107,0.249333333333,0.249990710119,40
522.0,-334.0,-3550.0,-1e+200,-1e+200,-1e+200,-1e+200,134560.0,1e+200,-1e+200,ref,prairie_island,minnesota,covid,-19899713.7087,1208054.40308,-19899713.7087,-19045490.2483,-20753937.1692,-20668514.8231,-19130912.5943,2.0,1459395440800.0,1.0931281734e-12,0.00779109663636,0.1249862107,0.249333333333,0.250009289881,65
522.0,-334.0,-3550.0,-1e+200,-1e+200,-1e+200,-1e+200,201840.0,1e+200,-1e+200,ref,prairie_island,minnesota,covid,-48640093.5581,297980.939378,-48640093.5581,-48429389.2152,-48850797.9009,-48829727.4667,-48450459.6494,2.0,88792640232.7,1.0931281734e-12,0.00779109663636,0.1249862107,0.249333333333,0.250009289881,90
522.0,-334.0,-3550.0,-1e+200,-1e+200,-1e+200,-1e+200,269120.0,1e+200,-1e+200,ref,prairie_island,minnesota,covid,-76735626.1279,538775.322997,-76735626.1279,-76354654.4434,-77116597.8123,-77078500.6438,-76392751.6119,2.0,290278848670.0,1.0931281734e-12,0.00389554831818,0.1249862107,0.249333333333,0.125004644941,115
522.0,-428.0,-3550.0,-1e+200,-1e+200,-1e+200,-1e+200,10.0,1e+200,-1e+200,ref,prairie_island,minnesota,covid,-79950548.6996,469204.8309,-79950548.6996,-79618770.7819,-80282326.6173,-80249148.8255,-79651948.5737,2.0,220153173340.0,1.0931281734e-12,0.00391579802569,0.1249862107,0.250666666667,0.124986065178,10
522.0,-428.0,-3550.0,-1e+200,-1e+200,-1e+200,-1e+200,67280.0,1e+200,-1e+200,ref,prairie_island,minnesota,covid,-87056371.2852,792641.489692,-87056371.2852,-86495889.1128,-87616853.4577,-87560805.2404,-86551937.3301,2.0,628280531181.0,1.0931281734e-12,0.00783217815306,0.1249862107,0.250666666667,0.249990710119,35
522.0,-428.0,-3550.0,-1e+200,-1e+200,-1e+200,-1e+200,134560.0,1e+200,-1e+200,ref,prairie_island,minnesota,covid,-115887451.749,115404.559619,-115887451.749,-115805848.403,-115969055.096,-115960894.761,-115814008.737,2.0,13318212380.8,1.0931281734e-12,0.00783276025474,0.1249862107,0.250666666667,0.250009289881,60
522.0,-428.0,-3550.0,-1e+200,-1e+200,-1e+200,-1e+200,201840.0,1e+200,-1e+200,ref,prairie_island,minnesota,covid,-144723771.229,2745.010632,-144723771.229,-144721830.214,-144725712.245,-144725518.143,-144722024.315,2.0,7535083.36979,1.0931281734e-12,0.00783276025474,0.1249862107,0.250666666667,0.250009289881,85
522.0,-428.0,-3550.0,-1e+200,-1e+200,-1e+200,-1e+200,269120.0,1e+200,-1e+200,ref,prairie_island,minnesota,covid,-172772675.328,7085.28579685,-172772675.328,-172767665.275,-172777685.382,-172777184.377,-172768166.28,2.0,50201274.8231,1.0931281734e-12,0.00391638012737,0.1249862107,0.250666666667,0.125004644941,110
522.0,-522.0,-3550.0,-1e+200,-1e+200,-1e+200,-1e+200,10.0,1e+200,-1e+200,ref,prairie_island,minnesota,covid,-178312495.586,130274.945643,-178312495.586,-178220377.289,-178404613.884,-178395402.054,-178229589.119,2.0,16971561462.4,1.0931281734e-12,0.00195789901284,0.1249862107,0.125333333333,0.124986065178,5
522.0,-522.0,-3550.0,-1e+200,-1e+200,-1e+200,-1e+200,67280.0,1e+200,-1e+200,ref,prairie_island,minnesota,covid,-183439468.231,353891.656143,-183439468.231,-183189229.041,-183689707.421,-183664683.502,-183214252.96,2.0,125239304288.0,1.0931281734e-12,0.00391608907653,0.1249862107,0.125333333333,0.249990710119,30
522.0,-522.0,-3550.0,-1e+200,-1e+200,-1e+200,-1e+200,134560.0,1e+200,-1e+200,ref,prairie_island,minnesota,covid,-211828621.658,127535.689296,-211828621.658,-211738440.308,-211918803.009,-211909784.874,-211747458.443,2.0,16265352044.1,1.0931281734e-12,0.00391638012737,0.1249862107,0.125333333333,0.250009289881,55
522.0,-522.0,-3550.0,-1e+200,-1e+200,-1e+200,-1e+200,201840.0,1e+200,-1e+200,ref,prairie_island,minnesota,covid,-240382928.305,26164.2364941,-240382928.305,-240364427.396,-240401429.214,-240399579.123,-240366277.487,2.0,684567271.321,1.0931281734e-12,0.00391638012737,0.1249862107,0.125333333333,0.250009289881,80
522.0,-522.0,-3550.0,-1e+200,-1e+200,-1e+200,-1e+200,269120.0,1e+200,-1e+200,ref,prairie_island,minnesota,covid,-268933842.432,141257.048752,-268933842.432,-268833958.615,-269033726.249,-269023737.867,-268843946.997,2.0,19953553822.0,1.0931281734e-12,0.00195819006368,0.1249862107,0.125333333333,0.125004644941,105
522.0,-428.0,-12615.0,-1e+200,-1e+200,-1e+200,-1e+200,269120.0,1e+200,-1e+200,ref,prairie_island,minnesota,covid,-93160789934300.0,36146.7904213,-93160789934300.0,-93160789908700.0,-93160789959800.0,-93160789957300.0,-93160789911300.0,2.0,1306590457.76,1.0931281734e-12,0.00391638012737,0.1249862107,0.250666666667,0.125004644941,106
522.0,-428.0,-12615.0,-1e+200,-1e+200,-1e+200,-1e+200,201840.0,1e+200,-1e+200,ref,prairie_island,minnesota,covid,-94574135541800.0,118950.342421,-94574135541800.0,-94574135457700.0,-94574135625900.0,-94574135617500.0,-94574135466100.0,2.0,14149183962.0,1.0931281734e-12,0.00783276025474,0.1249862107,0.250666666667,0.250009289881,81
522.0,-428.0,-12615.0,-1e+200,-1e+200,-1e+200,-1e+200,134560.0,1e+200,-1e+200,ref,prairie_island,minnesota,covid,-95987481020900.0,165795.603198,-95987481020900.0,-95987480903700.0,-95987481138100.0,-95987481126400.0,-95987480915400.0,2.0,27488182039.9,1.0931281734e-12,0.00783276025474,0.1249862107,0.250666666667,0.250009289881,56
522.0,-428.0,-12615.0,-1e+200,-1e+200,-1e+200,-1e+200,67280.0,1e+200,-1e+200,ref,prairie_island,minnesota,covid,-97400826406600.0,74767.3607709,-97400826406600.0,-97400826353700.0,-97400826459400.0,-97400826454200.0,-97400826359000.0,2.0,5590158236.64,1.0931281734e-12,0.00783217815306,0.1249862107,0.250666666667,0.249990710119,31
522.0,-334.0,-10349.0,-1e+200,-1e+200,-1e+200,-1e+200,269120.0,1e+200,-1e+200,ref,prairie_island,minnesota,covid,-98274619277400.0,98189.7204705,-98274619277400.0,-98274619208000.0,-98274619346800.0,-98274619339900.0,-98274619214900.0,2.0,9641221206.07,1.0931281734e-12,0.00779281576625,0.250027578599,0.249333333333,0.125004644941,112
522.0,-428.0,-12615.0,-1e+200,-1e+200,-1e+200,-1e+200,10.0,1e+200,-1e+200,ref,prairie_island,minnesota,covid,-98813961705400.0,72355.9498703,-98813961705400.0,-98813961654300.0,-98813961756600.0,-98813961751500.0,-98813961659400.0,2.0,5235383481.64,1.0931281734e-12,0.00391579802569,0.1249862107,0.250666666667,0.124986065178,6
522.0,-334.0,-10349.0,-1e+200,-1e+200,-1e+200,-1e+200,201840.0,1e+200,-1e+200,ref,prairie_island,minnesota,covid,-99687964867400.0,267241.252086,-99687964867400.0,-99687964678400.0,-99687965056400.0,-99687965037500.0,-99687964697300.0,2.0,71417886816.3,1.0931281734e-12,0.0155856315325,0.250027578599,0.249333333333,0.250009289881,87
522.0,-334.0,-10349.0,-1e+200,-1e+200,-1e+200,-1e+200,134560.0,1e+200,-1e+200,ref,prairie_island,minnesota,covid,-101101310041000.0,326496.015902,-101101310041000.0,-101101309810000.0,-101101310272000.0,-101101310249000.0,-101101309833000.0,2.0,106599648400.0,1.0931281734e-12,0.0155856315325,0.250027578599,0.249333333333,0.250009289881,62
522.0,-241.0,-8082.0,-1e+200,-1e+200,-1e+200,-1e+200,269120.0,1e+200,-1e+200,ref,prairie_island,minnesota,covid,-101999769469000.0,356739.271244,-101999769469000.0,-101999769217000.0,-101999769721000.0,-101999769696000.0,-101999769242000.0,2.0,127262907648.0,1.0931281734e-12,0.00779281576625,0.250027578599,0.249333333333,0.125004644941,118
522.0,-334.0,-10349.0,-1e+200,-1e+200,-1e+200,-1e+200,67280.0,1e+200,-1e+200,ref,prairie_island,minnesota,covid,-102514655761000.0,49260.7817366,-102514655761000.0,-102514655726000.0,-102514655796000.0,-102514655792000.0,-102514655729000.0,2.0,2426624617.3,1.0931281734e-12,0.0155844732662,0.250027578599,0.249333333333,0.249990710119,37
522.0,-241.0,-8082.0,-1e+200,-1e+200,-1e+200,-1e+200,201840.0,1e+200,-1e+200,ref,prairie_island,minnesota,covid,-103413115626000.0,161728.943711,-103413115626000.0,-103413115512000.0,-103413115740000.0,-103413115729000.0,-103413115523000.0,2.0,26156251234.0,1.0931281734e-12,0.0155856315325,0.250027578599,0.249333333333,0.250009289881,93
522.0,-334.0,-10349.0,-1e+200,-1e+200,-1e+200,-1e+200,10.0,1e+200,-1e+200,ref,prairie_island,minnesota,covid,-103927790920000.0,305918.512512,-103927790920000.0,-103927790704000.0,-103927791136000.0,-103927791115000.0,-103927790725000.0,2.0,93586136297.3,1.0931281734e-12,0.00779165749993,0.250027578599,0.249333333333,0.124986065178,12
522.0,-241.0,-8082.0,-1e+200,-1e+200,-1e+200,-1e+200,134560.0,1e+200,-1e+200,ref,prairie_island,minnesota,covid,-104826460647000.0,146874.033404,-104826460647000.0,-104826460543000.0,-104826460750000.0,-104826460740000.0,-104826460553000.0,2.0,21571981688.3,1.0931281734e-12,0.0155856315325,0.250027578599,0.249333333333,0.250009289881,68
522.0,-241.0,-8082.0,-1e+200,-1e+200,-1e+200,-1e+200,67280.0,1e+200,-1e+200,ref,prairie_island,minnesota,covid,-106239806393000.0,466039.804762,-106239806393000.0,-106239806063000.0,-106239806722000.0,-106239806689000.0,-106239806096000.0,2.0,217193099623.0,1.0931281734e-12,0.0155844732662,0.250027578599,0.249333333333,0.249990710119,43
522.0,-147.0,-5816.0,-1e+200,-1e+200,-1e+200,-1e+200,269120.0,1e+200,-1e+200,ref,prairie_island,minnesota,covid,-107113585303000.0,194593.885833,-107113585303000.0,-107113585165000.0,-107113585440000.0,-107113585426000.0,-107113585179000.0,2.0,37866780403.6,1.0931281734e-12,0.00391638012737,0.249972421401,0.125333333333,0.125004644941,124
522.0,-241.0,-8082.0,-1e+200,-1e+200,-1e+200,-1e+200,10.0,1e+200,-1e+200,ref,prairie_island,minnesota,covid,-107652941694000.0,95085.9084001,-107652941694000.0,-107652941626000.0,-107652941761000.0,-107652941754000.0,-107652941633000.0,2.0,9041329976.27,1.0931281734e-12,0.00779165749993,0.250027578599,0.249333333333,0.124986065178,18
522.0,-147.0,-5816.0,-1e+200,-1e+200,-1e+200,-1e+200,201840.0,1e+200,-1e+200,ref,prairie_island,minnesota,covid,-108526931236000.0,265619.778897,-108526931236000.0,-108526931048000.0,-108526931423000.0,-108526931405000.0,-108526931066000.0,2.0,70553866941.0,1.0931281734e-12,0.00783276025474,0.249972421401,0.125333333333,0.250009289881,99
522.0,-147.0,-5816.0,-1e+200,-1e+200,-1e+200,-1e+200,134560.0,1e+200,-1e+200,ref,prairie_island,minnesota,covid,-109940276382000.0,427547.552196,-109940276382000.0,-109940276079000.0,-109940276684000.0,-109940276654000.0,-109940276110000.0,2.0,182796909389.0,1.0931281734e-12,0.00783276025474,0.249972421401,0.125333333333,0.250009289881,74
522.0,-147.0,-5816.0,-1e+200,-1e+200,-1e+200,-1e+200,67280.0,1e+200,-1e+200,ref,prairie_island,minnesota,covid,-111353622000000.0,21524.7171183,-111353622000000.0,-111353621985000.0,-111353622015000.0,-111353622014000.0,-111353621987000.0,2.0,463313447.025,1.0931281734e-12,0.00783217815306,0.249972421401,0.125333333333,0.249990710119,49
522.0,-147.0,-5816.0,-1e+200,-1e+200,-1e+200,-1e+200,10.0,1e+200,-1e+200,ref,prairie_island,minnesota,covid,-112766757777000.0,223635.380055,-112766757777000.0,-112766757619000.0,-112766757935000.0,-112766757920000.0,-112766757635000.0,2.0,50012783212.3,1.0931281734e-12,0.00391579802569,0.249972421401,0.125333333333,0.124986065178,24
522.0,-334.0,-12615.0,-1e+200,-1e+200,-1e+200,-1e+200,269120.0,1e+200,-1e+200,ref,prairie_island,minnesota,covid,-218700492180000.0,142530.983554,-218700492180000.0,-218700492079000.0,-218700492281000.0,-218700492271000.0,-218700492089000.0,2.0,20315081272.8,1.0931281734e-12,0.00389554831818,0.1249862107,0.249333333333,0.125004644941,111
522.0,-334.0,-12615.0,-1e+200,-1e+200,-1e+200,-1e+200,201840.0,1e+200,-1e+200,ref,prairie_island,minnesota,covid,-220113837379000.0,13732.9859625,-220113837379000.0,-220113837369000.0,-220113837389000.0,-220113837388000.0,-220113837370000.0,2.0,188594903.445,1.0931281734e-12,0.00779109663636,0.1249862107,0.249333333333,0.250009289881,86
522.0,-334.0,-12615.0,-1e+200,-1e+200,-1e+200,-1e+200,134560.0,1e+200,-1e+200,ref,prairie_island,minnesota,covid,-221527182933000.0,36894.7326191,-221527182933000.0,-221527182907000.0,-221527182959000.0,-221527182957000.0,-221527182910000.0,2.0,1361221295.03,1.0931281734e-12,0.00779109663636,0.1249862107,0.249333333333,0.250009289881,61
522.0,-241.0,-10349.0,-1e+200,-1e+200,-1e+200,-1e+200,269120.0,1e+200,-1e+200,ref,prairie_island,minnesota,covid,-222478790921000.0,299179.088829,-222478790921000.0,-222478790709000.0,-222478791132000.0,-222478791111000.0,-222478790730000.0,2.0,89508127192.4,1.0931281734e-12,0.00779281576625,0.250027578599,0.249333333333,0.125004644941,117
522.0,-334.0,-12615.0,-1e+200,-1e+200,-1e+200,-1e+200,67280.0,1e+200,-1e+200,ref,prairie_island,minnesota,covid,-222940528278000.0,33760.7911707,-222940528278000.0,-222940528255000.0,-222940528302000.0,-222940528300000.0,-222940528257000.0,2.0,1139791020.47,1.0931281734e-12,0.00779051763097,0.1249862107,0.249333333333,0.249990710119,36
522.0,-241.0,-10349.0,-1e+200,-1e+200,-1e+200,-1e+200,201840.0,1e+200,-1e+200,ref,prairie_island,minnesota,covid,-223892136164000.0,94747.7566791,-223892136164000.0,-223892136097000.0,-223892136231000.0,-223892136224000.0,-223892136104000.0,2.0,8977137395.72,1.0931281734e-12,0.0155856315325,0.250027578599,0.249333333333,0.250009289881,92
522.0,-334.0,-12615.0,-1e+200,-1e+200,-1e+200,-1e+200,10.0,1e+200,-1e+200,ref,prairie_island,minnesota,covid,-224353663700000.0,194939.064428,-224353663700000.0,-224353663562000.0,-224353663838000.0,-224353663824000.0,-224353663576000.0,2.0,38001238840.0,1.0931281734e-12,0.00389496931278,0.1249862107,0.249333333333,0.124986065178,11
522.0,-241.0,-10349.0,-1e+200,-1e+200,-1e+200,-1e+200,134560.0,1e+200,-1e+200,ref,prairie_island,minnesota,covid,-225305482330000.0,211982.282398,-225305482330000.0,-225305482180000.0,-225305482480000.0,-225305482465000.0,-225305482195000.0,2.0,44936488050.6,1.0931281734e-12,0.0155856315325,0.250027578599,0.249333333333,0.250009289881,67
522.0,-241.0,-10349.0,-1e+200,-1e+200,-1e+200,-1e+200,67280.0,1e+200,-1e+200,ref,prairie_island,minnesota,covid,-226718827787000.0,365903.695536,-226718827787000.0,-226718827529000.0,-226718828046000.0,-226718828020000.0,-226718827555000.0,2.0,133885514407.0,1.0931281734e-12,0.0155844732662,0.250027578599,0.249333333333,0.249990710119,42
522.0,-147.0,-8082.0,-1e+200,-1e+200,-1e+200,-1e+200,269120.0,1e+200,-1e+200,ref,prairie_island,minnesota,covid,-227539468129000.0,484525.056527,-227539468129000.0,-227539467787000.0,-227539468472000.0,-227539468438000.0,-227539467821000.0,2.0,234764530402.0,1.0931281734e-12,0.00391724428892,0.250027578599,0.125333333333,0.125004644941,123
522.0,-241.0,-10349.0,-1e+200,-1e+200,-1e+200,-1e+200,10.0,1e+200,-1e+200,ref,prairie_island,minnesota,covid,-228131962739000.0,7064.83643336,-228131962739000.0,-228131962734000.0,-228131962744000.0,-228131962744000.0,-228131962735000.0,2.0,49911913.8301,1.0931281734e-12,0.00779165749993,0.250027578599,0.249333333333,0.124986065178,17
522.0,-147.0,-8082.0,-1e+200,-1e+200,-1e+200,-1e+200,201840.0,1e+200,-1e+200,ref,prairie_island,minnesota,covid,-228952813691000.0,170699.002027,-228952813691000.0,-228952813570000.0,-228952813811000.0,-228952813799000.0,-228952813582000.0,2.0,29138149293.0,1.0931281734e-12,0.00783448857783,0.250027578599,0.125333333333,0.250009289881,98
522.0,-147.0,-8082.0,-1e+200,-1e+200,-1e+200,-1e+200,134560.0,1e+200,-1e+200,ref,prairie_island,minnesota,covid,-230366158735000.0,137638.821094,-230366158735000.0,-230366158638000.0,-230366158832000.0,-230366158823000.0,-230366158647000.0,2.0,18944445072.1,1.0931281734e-12,0.00783448857783,0.250027578599,0.125333333333,0.250009289881,73
522.0,-147.0,-8082.0,-1e+200,-1e+200,-1e+200,-1e+200,67280.0,1e+200,-1e+200,ref,prairie_island,minnesota,covid,-231779504797000.0,41944.557794,-231779504797000.0,-231779504768000.0,-231779504827000.0,-231779504824000.0,-231779504771000.0,2.0,1759345928.53,1.0931281734e-12,0.00783390634771,0.250027578599,0.125333333333,0.249990710119,48
522.0,-147.0,-8082.0,-1e+200,-1e+200,-1e+200,-1e+200,10.0,1e+200,-1e+200,ref,prairie_island,minnesota,covid,-233192640151000.0,403171.846827,-233192640151000.0,-233192639865000.0,-233192640436000.0,-233192640407000.0,-233192639894000.0,2.0,162547538074.0,1.0931281734e-12,0.00391666205879,0.250027578599,0.125333333333,0.124986065178,23
522.0,-241.0,-12615.0,-1e+200,-1e+200,-1e+200,-1e+200,269120.0,1e+200,-1e+200,ref,prairie_island,minnesota,covid,-342904663726000.0,554391.161887,-342904663726000.0,-342904663334000.0,-342904664118000.0,-342904664079000.0,-342904663373000.0,2.0,307349560378.0,1.0931281734e-12,0.00389554831818,0.1249862107,0.249333333333,0.125004644941,116
522.0,-241.0,-12615.0,-1e+200,-1e+200,-1e+200,-1e+200,201840.0,1e+200,-1e+200,ref,prairie_island,minnesota,covid,-344318009003000.0,130356.239966,-344318009003000.0,-344318008911000.0,-344318009095000.0,-344318009086000.0,-344318008920000.0,2.0,16992749298.1,1.0931281734e-12,0.00779109663636,0.1249862107,0.249333333333,0.250009289881,91
522.0,-241.0,-12615.0,-1e+200,-1e+200,-1e+200,-1e+200,134560.0,1e+200,-1e+200,ref,prairie_island,minnesota,covid,-345731354896000.0,111201.247594,-345731354896000.0,-345731354818000.0,-345731354975000.0,-345731354967000.0,-345731354826000.0,2.0,12365717466.4,1.0931281734e-12,0.00779109663636,0.1249862107,0.249333333333,0.250009289881,66
522.0,-241.0,-12615.0,-1e+200,-1e+200,-1e+200,-1e+200,67280.0,1e+200,-1e+200,ref,prairie_island,minnesota,covid,-347144700247000.0,121459.952775,-347144700247000.0,-347144700161000.0,-347144700333000.0,-347144700325000.0,-347144700170000.0,2.0,14752520128.2,1.0931281734e-12,0.00779051763097,0.1249862107,0.249333333333,0.249990710119,41
522.0,-147.0,-10349.0,-1e+200,-1e+200,-1e+200,-1e+200,269120.0,1e+200,-1e+200,ref,prairie_island,minnesota,covid,-348018489759000.0,24331.0140105,-348018489759000.0,-348018489742000.0,-348018489776000.0,-348018489775000.0,-348018489744000.0,2.0,591998242.781,1.0931281734e-12,0.00391724428892,0.250027578599,0.125333333333,0.125004644941,122
522.0,-241.0,-12615.0,-1e+200,-1e+200,-1e+200,-1e+200,10.0,1e+200,-1e+200,ref,prairie_island,minnesota,covid,-348557835621000.0,234903.966302,-348557835621000.0,-348557835455000.0,-348557835787000.0,-348557835770000.0,-348557835471000.0,2.0,55179873384.6,1.0931281734e-12,0.00389496931278,0.1249862107,0.249333333333,0.124986065178,16
522.0,-147.0,-10349.0,-1e+200,-1e+200,-1e+200,-1e+200,201840.0,1e+200,-1e+200,ref,prairie_island,minnesota,covid,-349431834648000.0,250197.050795,-349431834648000.0,-349431834471000.0,-349431834825000.0,-349431834807000.0,-349431834488000.0,2.0,62598564226.5,1.0931281734e-12,0.00783448857783,0.250027578599,0.125333333333,0.250009289881,97
522.0,-147.0,-10349.0,-1e+200,-1e+200,-1e+200,-1e+200,134560.0,1e+200,-1e+200,ref,prairie_island,minnesota,covid,-350845180621000.0,126188.420015,-350845180621000.0,-350845180532000.0,-350845180711000.0,-350845180702000.0,-350845180541000.0,2.0,15923517345.9,1.0931281734e-12,0.00783448857783,0.250027578599,0.125333333333,0.250009289881,72
522.0,-147.0,-10349.0,-1e+200,-1e+200,-1e+200,-1e+200,67280.0,1e+200,-1e+200,ref,prairie_island,minnesota,covid,-352258525796000.0,104264.927818,-352258525796000.0,-352258525722000.0,-352258525869000.0,-352258525862000.0,-352258525729000.0,2.0,10871175172.9,1.0931281734e-12,0.00783390634771,0.250027578599,0.125333333333,0.249990710119,47
522.0,-147.0,-10349.0,-1e+200,-1e+200,-1e+200,-1e+200,10.0,1e+200,-1e+200,ref,prairie_island,minnesota,covid,-353671660935000.0,246367.404662,-353671660935000.0,-353671660760000.0,-353671661109000.0,-353671661091000.0,-353671660778000.0,2.0,60696898080.0,1.0931281734e-12,0.00391666205879,0.250027578599,0.125333333333,0.124986065178,22
522.0,-147.0,-12615.0,-1e+200,-1e+200,-1e+200,-1e+200,269120.0,1e+200,-1e+200,ref,prairie_island,minnesota,covid,-468444362202000.0,85303.6827037,-468444362202000.0,-468444362141000.0,-468444362262000.0,-468444362256000.0,-468444362147000.0,2.0,7276718282.82,1.0931281734e-12,0.00195819006368,0.1249862107,0.125333333333,0.125004644941,121
522.0,-147.0,-12615.0,-1e+200,-1e+200,-1e+200,-1e+200,201840.0,1e+200,-1e+200,ref,prairie_island,minnesota,covid,-469857707271000.0,421042.932159,-469857707271000.0,-469857706973000.0,-469857707569000.0,-469857707539000.0,-469857707003000.0,2.0,177277150721.0,1.0931281734e-12,0.00391638012737,0.1249862107,0.125333333333,0.250009289881,96
522.0,-147.0,-12615.0,-1e+200,-1e+200,-1e+200,-1e+200,134560.0,1e+200,-1e+200,ref,prairie_island,minnesota,covid,-471271052926000.0,261102.360934,-471271052926000.0,-471271052742000.0,-471271053111000.0,-471271053092000.0,-471271052760000.0,2.0,68174442885.1,1.0931281734e-12,0.00391638012737,0.1249862107,0.125333333333,0.250009289881,71
522.0,-147.0,-12615.0,-1e+200,-1e+200,-1e+200,-1e+200,67280.0,1e+200,-1e+200,ref,prairie_island,minnesota,covid,-472684398588000.0,356823.27332,-472684398588000.0,-472684398336000.0,-472684398841000.0,-472684398815000.0,-472684398361000.0,2.0,127322848383.0,1.0931281734e-12,0.00391608907653,0.1249862107,0.125333333333,0.249990710119,46
522.0,-147.0,-12615.0,-1e+200,-1e+200,-1e+200,-1e+200,10.0,1e+200,-1e+200,ref,prairie_island,minnesota,covid,-474097533688000.0,588203.991697,-474097533688000.0,-474097533272000.0,-474097534104000.0,-474097534062000.0,-474097533313000.0,2.0,345983935848.0,1.0931281734e-12,0.00195789901284,0.1249862107,0.125333333333,0.124986065178,21
