smr_capacity,htse_capacity,ft_capacity,ft_elec_consumption_capacity,electricity_market_capacity,naphtha_market_capacity,jet_fuel_market_capacity,diesel_market_capacity,h2_storage_capacity,h2_import_capacity,h2_export_capacity,scenario_label,location_label,fuel_region_label,co2_location_label,mean_NPV,std_NPV,med_NPV,max_NPV,min_NPV,perc_5_NPV,perc_95_NPV,samp_NPV,var_NPV,PointProbability,ProbabilityWeight,ProbabilityWeight-ft_capacity,prefix,ProbabilityWeight-htse_capacity,ProbabilityWeight-h2_storage_capacity
720.0,-550.1,-13824.0,-14.9,-1e+200,-1e+200,-1e+200,-1e+200,10.0,1e+200,-1e+200,ref,prairie_island,minnesota,minnesota,604651530.306,625945.993444,604651530.306,605094140.963,604208919.65,604253180.715,605049879.897,2.0,391808386709.0,2.43433201164e-13,0.00781194885362,0.25,27,0.25,0.124991181658
720.0,-550.1,-13824.0,-14.9,-1e+200,-1e+200,-1e+200,-1e+200,106315.0,1e+200,-1e+200,ref,prairie_island,minnesota,minnesota,556866825.329,311690.130699,556866825.329,557087223.535,556646427.124,556668466.945,557065183.714,2.0,97150737575.0,2.43433201164e-13,0.0156246325691,0.25,32,0.25,0.249994121105
720.0,-550.1,-13824.0,-14.9,-1e+200,-1e+200,-1e+200,-1e+200,212630.0,1e+200,-1e+200,ref,prairie_island,minnesota,minnesota,507447396.808,306594.461124,507447396.808,507664191.831,507230601.786,507252281.288,507642512.329,2.0,94000163591.7,2.43433201164e-13,0.0156253674309,0.25,37,0.25,0.250005878895
720.0,-550.1,-13824.0,-14.9,-1e+200,-1e+200,-1e+200,-1e+200,318945.0,1e+200,-1e+200,ref,prairie_island,minnesota,minnesota,458003589.682,461093.516099,458003589.682,458329632.034,457677547.33,457710151.565,458297027.799,2.0,212607230589.0,2.43433201164e-13,0.0156253674309,0.25,42,0.25,0.250005878895
720.0,-705.1,-13824.0,-14.9,-1e+200,-1e+200,-1e+200,-1e+200,106315.0,1e+200,-1e+200,ref,prairie_island,minnesota,minnesota,441777627.732,1011024.02375,441777627.732,442492529.676,441062725.789,441134215.984,442421039.481,2.0,1022169576600.0,2.43433201164e-13,0.00781231628454,0.25,31,0.125,0.249994121105
720.0,-705.1,-13824.0,-14.9,-1e+200,-1e+200,-1e+200,-1e+200,10.0,1e+200,-1e+200,ref,prairie_island,minnesota,minnesota,425580435.94,509423.477456,425580435.94,425940652.735,425220219.144,425256240.824,425904631.056,2.0,259512279383.0,2.43433201164e-13,0.00390597442681,0.25,26,0.125,0.124991181658
720.0,-550.1,-13824.0,-14.9,-1e+200,-1e+200,-1e+200,-1e+200,425260.0,1e+200,-1e+200,ref,prairie_island,minnesota,minnesota,408846055.999,122363.582444,408846055.999,408932580.117,408759531.88,408768184.292,408923927.706,2.0,14972846308.4,2.43433201164e-13,0.00781268371546,0.25,47,0.25,0.125002939447
720.0,-705.1,-13824.0,-14.9,-1e+200,-1e+200,-1e+200,-1e+200,212630.0,1e+200,-1e+200,ref,prairie_island,minnesota,minnesota,392086007.549,1474823.56123,392086007.549,393128865.29,391043149.808,391147435.582,393024579.516,2.0,2175104536770.0,2.43433201164e-13,0.00781268371546,0.25,36,0.125,0.250005878895
720.0,-705.1,-13824.0,-14.9,-1e+200,-1e+200,-1e+200,-1e+200,318945.0,1e+200,-1e+200,ref,prairie_island,minnesota,minnesota,343025865.335,764077.687266,343025865.335,343566149.849,342485580.821,342539609.273,343512121.398,2.0,583814712177.0,2.43433201164e-13,0.00781268371546,0.25,41,0.125,0.250005878895
720.0,-705.1,-13824.0,-14.9,-1e+200,-1e+200,-1e+200,-1e+200,425260.0,1e+200,-1e+200,ref,prairie_island,minnesota,minnesota,294355441.635,122156.549082,294355441.635,294441819.359,294269063.91,294277701.683,294433181.586,2.0,14922222483.7,2.43433201164e-13,0.00390634185773,0.25,46,0.125,0.125002939447
720.0,-550.1,-9928.9,-14.9,-1e+200,-1e+200,-1e+200,-1e+200,106315.0,1e+200,-1e+200,ref,prairie_island,minnesota,minnesota,75581749.8559,1279367.69008,75581749.8559,76486399.4252,74677100.2866,74767565.2435,76395934.4682,2.0,1636781686420.0,2.43433201164e-13,0.0156246325691,0.25,57,0.25,0.249994121105
720.0,-550.1,-9928.9,-14.9,-1e+200,-1e+200,-1e+200,-1e+200,10.0,1e+200,-1e+200,ref,prairie_island,minnesota,minnesota,65627896.9546,651592.085724,65627896.9546,66088642.137,65167151.7722,65213226.2905,66042567.6188,2.0,424572246178.0,2.43433201164e-13,0.00781194885362,0.25,52,0.25,0.124991181658
720.0,-550.1,-9928.9,-14.9,-1e+200,-1e+200,-1e+200,-1e+200,212630.0,1e+200,-1e+200,ref,prairie_island,minnesota,minnesota,28449971.3798,953002.228053,28449971.3798,29123845.7178,27776097.0419,27843484.4757,29056458.284,2.0,908213246675.0,2.43433201164e-13,0.0156253674309,0.25,62,0.25,0.250005878895
720.0,-550.1,-9928.9,-14.9,-1e+200,-1e+200,-1e+200,-1e+200,318945.0,1e+200,-1e+200,ref,prairie_island,minnesota,minnesota,-19523408.184,1951884.03949,-19523408.184,-18143217.7436,-20903598.6244,-20765579.5804,-18281236.7877,2.0,3809851303630.0,2.43433201164e-13,0.0156253674309,0.25,67,0.25,0.250005878895
720.0,-705.1,-9928.9,-14.9,-1e+200,-1e+200,-1e+200,-1e+200,106315.0,1e+200,-1e+200,ref,prairie_island,minnesota,minnesota,-68476100.5746,917285.081826,-68476100.5746,-67827482.073,-69124719.0763,-69059857.2261,-67892343.9232,2.0,841411921341.0,2.43433201164e-13,0.00781231628454,0.25,56,0.125,0.249994121105
720.0,-550.1,-9928.9,-14.9,-1e+200,-1e+200,-1e+200,-1e+200,425260.0,1e+200,-1e+200,ref,prairie_island,minnesota,minnesota,-69733422.9915,1424841.31799,-69733422.9915,-68725908.0335,-70740937.9496,-70640186.4538,-68826659.5293,2.0,2030172781460.0,2.43433201164e-13,0.00781268371546,0.25,72,0.25,0.125002939447
720.0,-240.1,-6033.7,-14.9,-1e+200,-1e+200,-1e+200,-1e+200,10.0,1e+200,-1e+200,ref,prairie_island,minnesota,minnesota,-100491046.488,653319.50014,-100491046.488,-100029079.839,-100953013.137,-100906816.472,-100075276.504,2.0,426826369263.0,2.43433201164e-13,0.00781194885362,0.25,79,0.25,0.124991181658
720.0,-705.1,-9928.9,-14.9,-1e+200,-1e+200,-1e+200,-1e+200,10.0,1e+200,-1e+200,ref,prairie_island,minnesota,minnesota,-111783577.6,420675.289792,-111783577.6,-111486115.25,-112081039.95,-112051293.715,-111515861.485,2.0,176967699441.0,2.43433201164e-13,0.00390597442681,0.25,51,0.125,0.124991181658
720.0,-705.1,-9928.9,-14.9,-1e+200,-1e+200,-1e+200,-1e+200,212630.0,1e+200,-1e+200,ref,prairie_island,minnesota,minnesota,-116491929.686,86677.7224762,-116491929.686,-116430639.28,-116553220.091,-116547091.051,-116436768.321,2.0,7513027573.67,2.43433201164e-13,0.00781268371546,0.25,61,0.125,0.250005878895
720.0,-240.1,-6033.7,-14.9,-1e+200,-1e+200,-1e+200,-1e+200,106315.0,1e+200,-1e+200,ref,prairie_island,minnesota,minnesota,-147256223.934,459830.739825,-147256223.934,-146931074.499,-147581373.368,-147548858.424,-146963589.443,2.0,211444309288.0,2.43433201164e-13,0.0156246325691,0.25,84,0.25,0.249994121105
720.0,-705.1,-9928.9,-14.9,-1e+200,-1e+200,-1e+200,-1e+200,318945.0,1e+200,-1e+200,ref,prairie_island,minnesota,minnesota,-164769377.841,1059839.20185,-164769377.841,-164019958.354,-165518797.328,-165443855.379,-164094900.303,2.0,1123259133770.0,2.43433201164e-13,0.00781268371546,0.25,66,0.125,0.250005878895
720.0,-240.1,-6033.7,-14.9,-1e+200,-1e+200,-1e+200,-1e+200,212630.0,1e+200,-1e+200,ref,prairie_island,minnesota,minnesota,-196913952.546,1228809.56969,-196913952.546,-196045052.967,-197782852.126,-197695962.168,-196131942.925,2.0,1509972958570.0,2.43433201164e-13,0.0156253674309,0.25,89,0.25,0.250005878895
720.0,-705.1,-9928.9,-14.9,-1e+200,-1e+200,-1e+200,-1e+200,425260.0,1e+200,-1e+200,ref,prairie_island,minnesota,minnesota,-213704983.695,245199.033556,-213704983.695,-213531601.796,-213878365.594,-213861027.404,-213548939.985,2.0,60122566057.0,2.43433201164e-13,0.00390634185773,0.25,71,0.125,0.125002939447
720.0,-240.1,-6033.7,-14.9,-1e+200,-1e+200,-1e+200,-1e+200,318945.0,1e+200,-1e+200,ref,prairie_island,minnesota,minnesota,-245765038.791,2922328.94402,-245765038.791,-243698640.178,-247831437.405,-247624797.543,-243905280.04,2.0,8540006457080.0,2.43433201164e-13,0.0156253674309,0.25,94,0.25,0.250005878895
720.0,-395.1,-6033.7,-14.9,-1e+200,-1e+200,-1e+200,-1e+200,106315.0,1e+200,-1e+200,ref,prairie_island,minnesota,minnesota,-280592949.912,3424466.88213,-280592949.912,-278171486.157,-283014413.666,-282772267.291,-278413632.533,2.0,11726973426800.0,2.43433201164e-13,0.0156246325691,0.25,83,0.25,0.249994121105
720.0,-395.1,-6033.7,-14.9,-1e+200,-1e+200,-1e+200,-1e+200,10.0,1e+200,-1e+200,ref,prairie_island,minnesota,minnesota,-282290578.391,1149430.90056,-282290578.391,-281477808.007,-283103348.776,-283022071.737,-281559085.045,2.0,1321191395170.0,2.43433201164e-13,0.00781194885362,0.25,78,0.25,0.124991181658
720.0,-240.1,-6033.7,-14.9,-1e+200,-1e+200,-1e+200,-1e+200,425260.0,1e+200,-1e+200,ref,prairie_island,minnesota,minnesota,-295142983.285,248031.717501,-295142983.285,-294967598.375,-295318368.194,-295300829.703,-294985136.866,2.0,61519732886.7,2.43433201164e-13,0.00781268371546,0.25,99,0.25,0.125002939447
720.0,-395.1,-6033.7,-14.9,-1e+200,-1e+200,-1e+200,-1e+200,212630.0,1e+200,-1e+200,ref,prairie_island,minnesota,minnesota,-329774169.655,356041.291844,-329774169.655,-329522410.443,-330025928.867,-330000752.946,-329547586.365,2.0,126765401498.0,2.43433201164e-13,0.0156253674309,0.25,88,0.25,0.250005878895
720.0,-395.1,-6033.7,-14.9,-1e+200,-1e+200,-1e+200,-1e+200,318945.0,1e+200,-1e+200,ref,prairie_island,minnesota,minnesota,-380177872.495,1082885.26035,-380177872.495,-379412156.985,-380943588.006,-380867016.455,-379488728.536,2.0,1172640487090.0,2.43433201164e-13,0.0156253674309,0.25,93,0.25,0.250005878895
720.0,-395.1,-6033.7,-14.9,-1e+200,-1e+200,-1e+200,-1e+200,425260.0,1e+200,-1e+200,ref,prairie_island,minnesota,minnesota,-428146590.599,356979.119328,-428146590.599,-427894168.243,-428399012.955,-428373770.719,-427919410.479,2.0,127434091636.0,2.43433201164e-13,0.00781268371546,0.25,98,0.25,0.125002939447
720.0,-550.1,-6033.7,-14.9,-1e+200,-1e+200,-1e+200,-1e+200,106315.0,1e+200,-1e+200,ref,prairie_island,minnesota,minnesota,-441016784.734,279833.35101,-441016784.734,-440818912.674,-441214656.794,-441194869.588,-440838699.88,2.0,78306704337.7,2.43433201164e-13,0.0156246325691,0.25,82,0.25,0.249994121105
720.0,-550.1,-6033.7,-14.9,-1e+200,-1e+200,-1e+200,-1e+200,10.0,1e+200,-1e+200,ref,prairie_island,minnesota,minnesota,-464467080.958,417879.344879,-464467080.958,-464171595.639,-464762566.276,-464733017.744,-464201144.171,2.0,174623146876.0,2.43433201164e-13,0.00781194885362,0.25,77,0.25,0.124991181658
720.0,-550.1,-6033.7,-14.9,-1e+200,-1e+200,-1e+200,-1e+200,212630.0,1e+200,-1e+200,ref,prairie_island,minnesota,minnesota,-489080946.955,1461032.56551,-489080946.955,-488047840.92,-490114052.99,-490010742.386,-488151151.524,2.0,2134616157470.0,2.43433201164e-13,0.0156253674309,0.25,87,0.25,0.250005878895
720.0,-550.1,-6033.7,-14.9,-1e+200,-1e+200,-1e+200,-1e+200,318945.0,1e+200,-1e+200,ref,prairie_island,minnesota,minnesota,-541178182.709,316464.987962,-541178182.709,-540954408.17,-541401957.248,-541379579.794,-540976785.624,2.0,100150088606.0,2.43433201164e-13,0.0156253674309,0.25,92,0.25,0.250005878895
720.0,-550.1,-6033.7,-14.9,-1e+200,-1e+200,-1e+200,-1e+200,425260.0,1e+200,-1e+200,ref,prairie_island,minnesota,minnesota,-588662412.071,286781.60378,-588662412.071,-588459626.854,-588865197.287,-588844918.766,-588479905.375,2.0,82243688266.7,2.43433201164e-13,0.00781268371546,0.25,97,0.25,0.125002939447
720.0,-705.1,-6033.7,-14.9,-1e+200,-1e+200,-1e+200,-1e+200,106315.0,1e+200,-1e+200,ref,prairie_island,minnesota,minnesota,-604053532.622,3230952.08968,-604053532.622,-601768904.49,-606338160.755,-606109697.941,-601997367.303,2.0,10439051405800.0,2.43433201164e-13,0.00781231628454,0.25,81,0.125,0.249994121105
720.0,-240.1,-2138.6,-14.9,-1e+200,-1e+200,-1e+200,-1e+200,10.0,1e+200,-1e+200,ref,prairie_island,minnesota,minnesota,-619103788.982,261743.544692,-619103788.982,-618918708.346,-619288869.617,-619270361.553,-618937216.41,2.0,68509683188.0,0.0,0.00390592428786,0.12499839544,104,0.25,0.124991181658
720.0,-240.1,-2138.6,-14.9,-1e+200,-1e+200,-1e+200,-1e+200,106315.0,1e+200,-1e+200,ref,prairie_island,minnesota,minnesota,-639151143.003,728736.198517,-639151143.003,-638635848.695,-639666437.31,-639614907.879,-638687378.126,2.0,531056447029.0,0.0,0.00781221600193,0.12499839544,109,0.25,0.249994121105
720.0,-705.1,-6033.7,-14.9,-1e+200,-1e+200,-1e+200,-1e+200,10.0,1e+200,-1e+200,ref,prairie_island,minnesota,minnesota,-644684296.381,801585.853791,-644684296.381,-644117489.588,-645251103.174,-645194422.495,-644174170.267,2.0,642539880998.0,2.43433201164e-13,0.00390597442681,0.25,76,0.125,0.124991181658
720.0,-705.1,-6033.7,-14.9,-1e+200,-1e+200,-1e+200,-1e+200,212630.0,1e+200,-1e+200,ref,prairie_island,minnesota,minnesota,-654563385.264,2180165.74347,-654563385.264,-653021775.282,-656104995.245,-655950834.247,-653175936.281,2.0,4753122668980.0,2.43433201164e-13,0.00781268371546,0.25,86,0.125,0.250005878895
720.0,-240.1,-2138.6,-14.9,-1e+200,-1e+200,-1e+200,-1e+200,212630.0,1e+200,-1e+200,ref,prairie_island,minnesota,minnesota,-692668677.367,1209760.63963,-692668677.367,-691813247.415,-693524107.319,-693438564.323,-691898790.41,2.0,1463520805200.0,0.0,0.00781258342813,0.12499839544,114,0.25,0.250005878895
720.0,-705.1,-6033.7,-14.9,-1e+200,-1e+200,-1e+200,-1e+200,318945.0,1e+200,-1e+200,ref,prairie_island,minnesota,minnesota,-703379657.374,1133279.73694,-703379657.374,-702578307.587,-704181007.161,-704100872.183,-702658442.566,2.0,1284322962170.0,2.43433201164e-13,0.00781268371546,0.25,91,0.125,0.250005878895
720.0,-240.1,-2138.6,-14.9,-1e+200,-1e+200,-1e+200,-1e+200,318945.0,1e+200,-1e+200,ref,prairie_island,minnesota,minnesota,-738438623.35,1824009.27176,-738438623.35,-737148854.025,-739728392.675,-739599415.743,-737277830.958,2.0,3327009823470.0,0.0,0.00781258342813,0.12499839544,119,0.25,0.250005878895
720.0,-705.1,-6033.7,-14.9,-1e+200,-1e+200,-1e+200,-1e+200,425260.0,1e+200,-1e+200,ref,prairie_island,minnesota,minnesota,-748609455.102,916691.361755,-748609455.102,-747961256.424,-749257653.78,-749192833.912,-748026076.292,2.0,840323052717.0,2.43433201164e-13,0.00390634185773,0.25,96,0.125,0.125002939447
720.0,-240.1,-2138.6,-14.9,-1e+200,-1e+200,-1e+200,-1e+200,425260.0,1e+200,-1e+200,ref,prairie_island,minnesota,minnesota,-785513471.017,1656598.34555,-785513471.017,-784342079.093,-786684862.941,-786567723.749,-784459218.286,2.0,2744318078470.0,0.0,0.00390629171407,0.12499839544,124,0.25,0.125002939447
720.0,-395.1,-2138.6,-14.9,-1e+200,-1e+200,-1e+200,-1e+200,10.0,1e+200,-1e+200,ref,prairie_island,minnesota,minnesota,-807979964.851,667485.797455,-807979964.851,-807507981.118,-808451948.585,-808404750.212,-807555179.491,2.0,445537289804.0,0.0,0.00390592428786,0.12499839544,103,0.25,0.124991181658
720.0,-395.1,-2138.6,-14.9,-1e+200,-1e+200,-1e+200,-1e+200,106315.0,1e+200,-1e+200,ref,prairie_island,minnesota,minnesota,-816319805.275,2287050.94368,-816319805.275,-814702616.044,-817936994.506,-817775275.583,-814864334.967,2.0,5230602018990.0,0.0,0.00781221600193,0.12499839544,108,0.25,0.249994121105
720.0,-395.1,-2138.6,-14.9,-1e+200,-1e+200,-1e+200,-1e+200,212630.0,1e+200,-1e+200,ref,prairie_island,minnesota,minnesota,-861578761.824,335733.507724,-861578761.824,-861341362.384,-861816161.264,-861792421.32,-861365102.328,2.0,112716988209.0,0.0,0.00781258342813,0.12499839544,113,0.25,0.250005878895
720.0,-395.1,-2138.6,-14.9,-1e+200,-1e+200,-1e+200,-1e+200,318945.0,1e+200,-1e+200,ref,prairie_island,minnesota,minnesota,-910990555.807,216109.024776,-910990555.807,-910837743.651,-911143367.964,-911128086.749,-910853024.866,2.0,46703110589.5,0.0,0.00781258342813,0.12499839544,118,0.25,0.250005878895
720.0,-395.1,-2138.6,-14.9,-1e+200,-1e+200,-1e+200,-1e+200,425260.0,1e+200,-1e+200,ref,prairie_island,minnesota,minnesota,-959867551.072,5247535.36489,-959867551.072,-956156983.231,-963578118.913,-963207062.129,-956528040.015,2.0,27536627405700.0,0.0,0.00390629171407,0.12499839544,123,0.25,0.125002939447
720.0,-550.1,-2138.6,-14.9,-1e+200,-1e+200,-1e+200,-1e+200,10.0,1e+200,-1e+200,ref,prairie_island,minnesota,minnesota,-986039652.374,4561916.69547,-986039652.374,-982813890.144,-989265414.605,-988942838.382,-983136466.367,2.0,20811083936400.0,0.0,0.00390592428786,0.12499839544,102,0.25,0.124991181658
720.0,-550.1,-2138.6,-14.9,-1e+200,-1e+200,-1e+200,-1e+200,106315.0,1e+200,-1e+200,ref,prairie_island,minnesota,minnesota,-989793938.224,246073.81189,-989793938.224,-989619937.763,-989967938.686,-989950538.639,-989637337.81,2.0,60552320898.0,0.0,0.00781221600193,0.12499839544,107,0.25,0.249994121105
720.0,-550.1,-2138.6,-14.9,-1e+200,-1e+200,-1e+200,-1e+200,212630.0,1e+200,-1e+200,ref,prairie_island,minnesota,minnesota,-1038392167.66,464963.087631,-1038392167.66,-1038063389.11,-1038720946.21,-1038688068.35,-1038096266.96,2.0,216190672859.0,0.0,0.00781258342813,0.12499839544,112,0.25,0.250005878895
720.0,-550.1,-2138.6,-14.9,-1e+200,-1e+200,-1e+200,-1e+200,318945.0,1e+200,-1e+200,ref,prairie_island,minnesota,minnesota,-1090002736.73,479707.145581,-1090002736.73,-1089663532.55,-1090341940.91,-1090308020.49,-1089697452.97,2.0,230118945522.0,0.0,0.00781258342813,0.12499839544,117,0.25,0.250005878895
720.0,-550.1,-2138.6,-14.9,-1e+200,-1e+200,-1e+200,-1e+200,425260.0,1e+200,-1e+200,ref,prairie_island,minnesota,minnesota,-1138417110.4,2719354.55728,-1138417110.4,-1136494236.35,-1140339984.45,-1140147697.04,-1136686523.75,2.0,7394889208190.0,0.0,0.00390629171407,0.12499839544,122,0.25,0.125002939447
720.0,-705.1,-2138.6,-14.9,-1e+200,-1e+200,-1e+200,-1e+200,106315.0,1e+200,-1e+200,ref,prairie_island,minnesota,minnesota,-1165131548.27,125095.912353,-1165131548.27,-1165043092.11,-1165220004.44,-1165211158.83,-1165051937.72,2.0,15648987287.3,0.0,0.00390610800096,0.12499839544,106,0.125,0.249994121105
720.0,-705.1,-2138.6,-14.9,-1e+200,-1e+200,-1e+200,-1e+200,10.0,1e+200,-1e+200,ref,prairie_island,minnesota,minnesota,-1167306768.62,25831.1643942,-1167306768.62,-1167288503.23,-1167325034.01,-1167323207.47,-1167290329.77,2.0,667249053.958,0.0,0.00195296214393,0.12499839544,101,0.125,0.124991181658
720.0,-705.1,-2138.6,-14.9,-1e+200,-1e+200,-1e+200,-1e+200,212630.0,1e+200,-1e+200,ref,prairie_island,minnesota,minnesota,-1214274704.71,424733.593281,-1214274704.71,-1213974372.7,-1214575036.71,-1214545003.51,-1214004405.9,2.0,180398625261.0,0.0,0.00390629171407,0.12499839544,111,0.125,0.250005878895
720.0,-705.1,-2138.6,-14.9,-1e+200,-1e+200,-1e+200,-1e+200,318945.0,1e+200,-1e+200,ref,prairie_island,minnesota,minnesota,-1263492032.5,3234215.90926,-1263492032.5,-1261205096.5,-1265778968.5,-1265550274.9,-1261433790.1,2.0,10460152547700.0,0.0,0.00390629171407,0.12499839544,116,0.125,0.250005878895
720.0,-705.1,-2138.6,-14.9,-1e+200,-1e+200,-1e+200,-1e+200,425260.0,1e+200,-1e+200,ref,prairie_island,minnesota,minnesota,-1314503081.37,2274753.7687,-1314503081.37,-1312894587.55,-1316111575.19,-1315950725.8,-1313055436.94,2.0,5174504708220.0,0.0,0.00195314585703,0.12499839544,121,0.125,0.125002939447
720.0,-705.1,-17719.2,-14.9,-1e+200,-1e+200,-1e+200,-1e+200,10.0,1e+200,-1e+200,ref,prairie_island,minnesota,minnesota,-1335102336.05,0.0,-1335102336.05,-1335102336.05,-1335102336.05,-1335102336.05,-1335102336.05,2.0,0.0,2.43433201164e-13,0.00195301228288,0.12500160456,1,0.125,0.124991181658
720.0,-705.1,-17719.2,-14.9,-1e+200,-1e+200,-1e+200,-1e+200,106315.0,1e+200,-1e+200,ref,prairie_island,minnesota,minnesota,-1384127558.0,0.0,-1384127558.0,-1384127558.0,-1384127558.0,-1384127558.0,-1384127558.0,2.0,0.0,2.43433201164e-13,0.00390620828358,0.12500160456,6,0.125,0.249994121105
720.0,-705.1,-17719.2,-14.9,-1e+200,-1e+200,-1e+200,-1e+200,212630.0,1e+200,-1e+200,ref,prairie_island,minnesota,minnesota,-1433157391.7,0.0,-1433157391.7,-1433157391.7,-1433157391.7,-1433157391.7,-1433157391.7,2.0,0.0,2.43433201164e-13,0.00390639200139,0.12500160456,11,0.125,0.250005878895
720.0,-705.1,-17719.2,-14.9,-1e+200,-1e+200,-1e+200,-1e+200,318945.0,1e+200,-1e+200,ref,prairie_island,minnesota,minnesota,-1482187225.4,0.0,-1482187225.4,-1482187225.4,-1482187225.4,-1482187225.4,-1482187225.4,2.0,0.0,2.43433201164e-13,0.00390639200139,0.12500160456,16,0.125,0.250005878895
720.0,-705.1,-17719.2,-14.9,-1e+200,-1e+200,-1e+200,-1e+200,425260.0,1e+200,-1e+200,ref,prairie_island,minnesota,minnesota,-1531217059.1,0.0,-1531217059.1,-1531217059.1,-1531217059.1,-1531217059.1,-1531217059.1,2.0,0.0,2.43433201164e-13,0.0019531960007,0.12500160456,21,0.125,0.125002939447
720.0,-395.1,-9928.9,-14.9,-1e+200,-1e+200,-1e+200,-1e+200,10.0,1e+200,-1e+200,ref,prairie_island,minnesota,minnesota,-2052944387.72,2090471.94708,-2052944387.72,-2051466200.83,-2054422574.61,-2054274755.92,-2051614019.52,2.0,4370072961540.0,2.43433201164e-13,0.00781194885362,0.25,53,0.25,0.124991181658
720.0,-395.1,-9928.9,-14.9,-1e+200,-1e+200,-1e+200,-1e+200,106315.0,1e+200,-1e+200,ref,prairie_island,minnesota,minnesota,-2102215544.15,2620901.89801,-2102215544.15,-2100362286.65,-2104068801.66,-2103883475.91,-2100547612.4,2.0,6869126758980.0,2.43433201164e-13,0.0156246325691,0.25,58,0.25,0.249994121105
720.0,-395.1,-9928.9,-14.9,-1e+200,-1e+200,-1e+200,-1e+200,212630.0,1e+200,-1e+200,ref,prairie_island,minnesota,minnesota,-2151412856.89,1630204.57894,-2151412856.89,-2150260128.17,-2152565585.6,-2152450312.73,-2150375401.05,2.0,2657566969210.0,2.43433201164e-13,0.0156253674309,0.25,63,0.25,0.250005878895
720.0,-395.1,-9928.9,-14.9,-1e+200,-1e+200,-1e+200,-1e+200,318945.0,1e+200,-1e+200,ref,prairie_island,minnesota,minnesota,-2201467959.09,622378.731544,-2201467959.09,-2201027870.87,-2201908047.31,-2201864038.49,-2201071879.69,2.0,387355285478.0,2.43433201164e-13,0.0156253674309,0.25,68,0.25,0.250005878895
720.0,-395.1,-9928.9,-14.9,-1e+200,-1e+200,-1e+200,-1e+200,425260.0,1e+200,-1e+200,ref,prairie_island,minnesota,minnesota,-2248647089.36,813229.732641,-2248647089.36,-2248072049.11,-2249222129.62,-2249164625.6,-2248129553.13,2.0,661342598052.0,2.43433201164e-13,0.00781268371546,0.25,73,0.25,0.125002939447
720.0,-85.1,-2138.6,-14.9,-1e+200,-1e+200,-1e+200,-1e+200,10.0,1e+200,-1e+200,ref,prairie_island,minnesota,minnesota,-2732330416.05,1997096.58081,-2732330416.05,-2730918255.52,-2733742576.59,-2733601360.53,-2731059471.57,2.0,3988394753090.0,0.0,0.00195296214393,0.12499839544,105,0.125,0.124991181658
720.0,-85.1,-2138.6,-14.9,-1e+200,-1e+200,-1e+200,-1e+200,106315.0,1e+200,-1e+200,ref,prairie_island,minnesota,minnesota,-2781726589.45,731066.780623,-2781726589.45,-2781209647.17,-2782243531.73,-2782191837.5,-2781261341.4,2.0,534458637730.0,0.0,0.00390610800096,0.12499839544,110,0.125,0.249994121105
720.0,-85.1,-2138.6,-14.9,-1e+200,-1e+200,-1e+200,-1e+200,212630.0,1e+200,-1e+200,ref,prairie_island,minnesota,minnesota,-2830227467.39,819387.252384,-2830227467.39,-2829648073.1,-2830806861.67,-2830748922.24,-2829706012.53,2.0,671395469370.0,0.0,0.00390629171407,0.12499839544,115,0.125,0.250005878895
720.0,-85.1,-2138.6,-14.9,-1e+200,-1e+200,-1e+200,-1e+200,318945.0,1e+200,-1e+200,ref,prairie_island,minnesota,minnesota,-2877215034.51,1410334.25811,-2877215034.51,-2876217777.59,-2878212291.42,-2878112565.73,-2876317503.28,2.0,1989042719610.0,0.0,0.00390629171407,0.12499839544,120,0.125,0.250005878895
720.0,-85.1,-2138.6,-14.9,-1e+200,-1e+200,-1e+200,-1e+200,425260.0,1e+200,-1e+200,ref,prairie_island,minnesota,minnesota,-2928863207.73,1340222.75149,-2928863207.73,-2927915527.14,-2929810888.33,-2929716120.27,-2928010295.2,2.0,1796197023620.0,0.0,0.00195314585703,0.12499839544,125,0.125,0.125002939447
720.0,-395.1,-13824.0,-14.9,-1e+200,-1e+200,-1e+200,-1e+200,10.0,1e+200,-1e+200,ref,prairie_island,minnesota,minnesota,-242349471616000.0,589705.930694,-242349471616000.0,-242349471199000.0,-242349472033000.0,-242349471991000.0,-242349471241000.0,2.0,347753084696.0,2.43433201164e-13,0.00781194885362,0.25,28,0.25,0.124991181658
720.0,-395.1,-13824.0,-14.9,-1e+200,-1e+200,-1e+200,-1e+200,106315.0,1e+200,-1e+200,ref,prairie_island,minnesota,minnesota,-242349518969000.0,568110.491849,-242349518969000.0,-242349518567000.0,-242349519371000.0,-242349519330000.0,-242349518607000.0,2.0,322749530949.0,2.43433201164e-13,0.0156246325691,0.25,33,0.25,0.249994121105
720.0,-395.1,-13824.0,-14.9,-1e+200,-1e+200,-1e+200,-1e+200,212630.0,1e+200,-1e+200,ref,prairie_island,minnesota,minnesota,-242349568720000.0,1971164.76017,-242349568720000.0,-242349567327000.0,-242349570114000.0,-242349569975000.0,-242349567466000.0,2.0,3885490511720.0,2.43433201164e-13,0.0156253674309,0.25,38,0.25,0.250005878895
720.0,-395.1,-13824.0,-14.9,-1e+200,-1e+200,-1e+200,-1e+200,318945.0,1e+200,-1e+200,ref,prairie_island,minnesota,minnesota,-242349618652000.0,1656712.78358,-242349618652000.0,-242349617480000.0,-242349619823000.0,-242349619706000.0,-242349617598000.0,2.0,2744697247290.0,2.43433201164e-13,0.0156253674309,0.25,43,0.25,0.250005878895
720.0,-395.1,-13824.0,-14.9,-1e+200,-1e+200,-1e+200,-1e+200,425260.0,1e+200,-1e+200,ref,prairie_island,minnesota,minnesota,-242349666306000.0,168776.356592,-242349666306000.0,-242349666187000.0,-242349666426000.0,-242349666414000.0,-242349666199000.0,2.0,28485458544.4,2.43433201164e-13,0.00781268371546,0.25,48,0.25,0.125002939447
720.0,-85.1,-6033.7,-14.9,-1e+200,-1e+200,-1e+200,-1e+200,10.0,1e+200,-1e+200,ref,prairie_island,minnesota,minnesota,-242350163500000.0,4373569.5289,-242350163500000.0,-242350160407000.0,-242350166593000.0,-242350166283000.0,-242350160717000.0,2.0,19128110424100.0,0.0,0.00390597442681,0.25,80,0.125,0.124991181658
720.0,-85.1,-6033.7,-14.9,-1e+200,-1e+200,-1e+200,-1e+200,106315.0,1e+200,-1e+200,ref,prairie_island,minnesota,minnesota,-242350213348000.0,320574.261775,-242350213348000.0,-242350213121000.0,-242350213574000.0,-242350213552000.0,-242350213144000.0,2.0,102767857313.0,0.0,0.00781231628454,0.25,85,0.125,0.249994121105
720.0,-85.1,-6033.7,-14.9,-1e+200,-1e+200,-1e+200,-1e+200,212630.0,1e+200,-1e+200,ref,prairie_island,minnesota,minnesota,-242350262858000.0,354235.085725,-242350262858000.0,-242350262608000.0,-242350263109000.0,-242350263084000.0,-242350262633000.0,2.0,125482495958.0,0.0,0.00781268371546,0.25,90,0.125,0.250005878895
720.0,-85.1,-6033.7,-14.9,-1e+200,-1e+200,-1e+200,-1e+200,318945.0,1e+200,-1e+200,ref,prairie_island,minnesota,minnesota,-242350308733000.0,2649824.32619,-242350308733000.0,-242350306859000.0,-242350310607000.0,-242350310419000.0,-242350307047000.0,2.0,7021568959650.0,0.0,0.00781268371546,0.25,95,0.125,0.250005878895
720.0,-85.1,-6033.7,-14.9,-1e+200,-1e+200,-1e+200,-1e+200,425260.0,1e+200,-1e+200,ref,prairie_island,minnesota,minnesota,-242350358576000.0,2984840.84622,-242350358576000.0,-242350356465000.0,-242350360686000.0,-242350360475000.0,-242350356676000.0,2.0,8909274877270.0,0.0,0.00390634185773,0.25,100,0.125,0.125002939447
720.0,-550.1,-17719.2,-14.9,-1e+200,-1e+200,-1e+200,-1e+200,10.0,1e+200,-1e+200,ref,prairie_island,minnesota,minnesota,-242352222358000.0,586055.204674,-242352222358000.0,-242352221944000.0,-242352222772000.0,-242352222731000.0,-242352221985000.0,2.0,343460702926.0,2.43433201164e-13,0.00390602456576,0.12500160456,2,0.25,0.124991181658
720.0,-550.1,-17719.2,-14.9,-1e+200,-1e+200,-1e+200,-1e+200,106315.0,1e+200,-1e+200,ref,prairie_island,minnesota,minnesota,-242352271916000.0,135292.662891,-242352271916000.0,-242352271820000.0,-242352272012000.0,-242352272002000.0,-242352271830000.0,2.0,18304104632.1,2.43433201164e-13,0.00781241656715,0.12500160456,7,0.25,0.249994121105
720.0,-550.1,-17719.2,-14.9,-1e+200,-1e+200,-1e+200,-1e+200,212630.0,1e+200,-1e+200,ref,prairie_island,minnesota,minnesota,-242352320860000.0,306994.938955,-242352320860000.0,-242352320643000.0,-242352321077000.0,-242352321056000.0,-242352320665000.0,2.0,94245892544.0,2.43433201164e-13,0.00781278400279,0.12500160456,12,0.25,0.250005878895
720.0,-550.1,-17719.2,-14.9,-1e+200,-1e+200,-1e+200,-1e+200,318945.0,1e+200,-1e+200,ref,prairie_island,minnesota,minnesota,-242352369213000.0,668277.536997,-242352369213000.0,-242352368741000.0,-242352369686000.0,-242352369639000.0,-242352368788000.0,2.0,446594866454.0,2.43433201164e-13,0.00781278400279,0.12500160456,17,0.25,0.250005878895
720.0,-550.1,-17719.2,-14.9,-1e+200,-1e+200,-1e+200,-1e+200,425260.0,1e+200,-1e+200,ref,prairie_island,minnesota,minnesota,-242352418529000.0,60747.10163,-242352418529000.0,-242352418486000.0,-242352418572000.0,-242352418567000.0,-242352418490000.0,2.0,3690210356.45,2.43433201164e-13,0.00390639200139,0.12500160456,22,0.25,0.125002939447
720.0,-240.1,-9928.9,-14.9,-1e+200,-1e+200,-1e+200,-1e+200,10.0,1e+200,-1e+200,ref,prairie_island,minnesota,minnesota,-242352934894000.0,762306.519633,-242352934894000.0,-242352934355000.0,-242352935433000.0,-242352935379000.0,-242352934409000.0,2.0,581111229875.0,2.43433201164e-13,0.00781194885362,0.25,54,0.25,0.124991181658
720.0,-240.1,-9928.9,-14.9,-1e+200,-1e+200,-1e+200,-1e+200,106315.0,1e+200,-1e+200,ref,prairie_island,minnesota,minnesota,-242352983111000.0,298652.095403,-242352983111000.0,-242352982899000.0,-242352983322000.0,-242352983301000.0,-242352982920000.0,2.0,89193074088.6,2.43433201164e-13,0.0156246325691,0.25,59,0.25,0.249994121105
720.0,-240.1,-9928.9,-14.9,-1e+200,-1e+200,-1e+200,-1e+200,212630.0,1e+200,-1e+200,ref,prairie_island,minnesota,minnesota,-242353033223000.0,374694.314458,-242353033223000.0,-242353032958000.0,-242353033488000.0,-242353033461000.0,-242353032985000.0,2.0,140395829287.0,2.43433201164e-13,0.0156253674309,0.25,64,0.25,0.250005878895
720.0,-240.1,-9928.9,-14.9,-1e+200,-1e+200,-1e+200,-1e+200,318945.0,1e+200,-1e+200,ref,prairie_island,minnesota,minnesota,-242353080754000.0,1076302.94267,-242353080754000.0,-242353079993000.0,-242353081515000.0,-242353081439000.0,-242353080069000.0,2.0,1158428024410.0,2.43433201164e-13,0.0156253674309,0.25,69,0.25,0.250005878895
720.0,-240.1,-9928.9,-14.9,-1e+200,-1e+200,-1e+200,-1e+200,425260.0,1e+200,-1e+200,ref,prairie_island,minnesota,minnesota,-242353129986000.0,2818239.90364,-242353129986000.0,-242353127993000.0,-242353131978000.0,-242353131779000.0,-242353128192000.0,2.0,7942476154470.0,2.43433201164e-13,0.00781268371546,0.25,74,0.25,0.125002939447
720.0,-240.1,-13824.0,-14.9,-1e+200,-1e+200,-1e+200,-1e+200,10.0,1e+200,-1e+200,ref,prairie_island,minnesota,minnesota,-484700351781000.0,141204.053485,-484700351781000.0,-484700351681000.0,-484700351881000.0,-484700351871000.0,-484700351691000.0,2.0,19938584720.5,2.43433201164e-13,0.00781194885362,0.25,29,0.25,0.124991181658
720.0,-240.1,-13824.0,-14.9,-1e+200,-1e+200,-1e+200,-1e+200,106315.0,1e+200,-1e+200,ref,prairie_island,minnesota,minnesota,-484700401074000.0,4159620.82674,-484700401074000.0,-484700398133000.0,-484700404015000.0,-484700403721000.0,-484700398427000.0,2.0,17302445422200.0,2.43433201164e-13,0.0156246325691,0.25,34,0.25,0.249994121105
720.0,-240.1,-13824.0,-14.9,-1e+200,-1e+200,-1e+200,-1e+200,212630.0,1e+200,-1e+200,ref,prairie_island,minnesota,minnesota,-484700451562000.0,658667.094054,-484700451562000.0,-484700451096000.0,-484700452027000.0,-484700451981000.0,-484700451143000.0,2.0,433842340790.0,2.43433201164e-13,0.0156253674309,0.25,39,0.25,0.250005878895
720.0,-240.1,-13824.0,-14.9,-1e+200,-1e+200,-1e+200,-1e+200,318945.0,1e+200,-1e+200,ref,prairie_island,minnesota,minnesota,-484700499382000.0,2238307.71336,-484700499382000.0,-484700497800000.0,-484700500965000.0,-484700500807000.0,-484700497958000.0,2.0,5010021419690.0,2.43433201164e-13,0.0156253674309,0.25,44,0.25,0.250005878895
720.0,-240.1,-13824.0,-14.9,-1e+200,-1e+200,-1e+200,-1e+200,425260.0,1e+200,-1e+200,ref,prairie_island,minnesota,minnesota,-484700548129000.0,63844.1851374,-484700548129000.0,-484700548083000.0,-484700548174000.0,-484700548169000.0,-484700548088000.0,2.0,4076079975.86,2.43433201164e-13,0.00781268371546,0.25,49,0.25,0.125002939447
720.0,-395.1,-17719.2,-14.9,-1e+200,-1e+200,-1e+200,-1e+200,10.0,1e+200,-1e+200,ref,prairie_island,minnesota,minnesota,-484703107539000.0,1504619.94858,-484703107539000.0,-484703106475000.0,-484703108603000.0,-484703108497000.0,-484703106582000.0,2.0,2263881189670.0,2.43433201164e-13,0.00390602456576,0.12500160456,3,0.25,0.124991181658
720.0,-395.1,-17719.2,-14.9,-1e+200,-1e+200,-1e+200,-1e+200,106315.0,1e+200,-1e+200,ref,prairie_island,minnesota,minnesota,-484703156192000.0,702456.979576,-484703156192000.0,-484703155695000.0,-484703156688000.0,-484703156639000.0,-484703155745000.0,2.0,493445808155.0,2.43433201164e-13,0.00781241656715,0.12500160456,8,0.25,0.249994121105
720.0,-395.1,-17719.2,-14.9,-1e+200,-1e+200,-1e+200,-1e+200,212630.0,1e+200,-1e+200,ref,prairie_island,minnesota,minnesota,-484703204789000.0,2089475.87806,-484703204789000.0,-484703203312000.0,-484703206267000.0,-484703206119000.0,-484703203460000.0,2.0,4365909444980.0,2.43433201164e-13,0.00781278400279,0.12500160456,13,0.25,0.250005878895
720.0,-395.1,-17719.2,-14.9,-1e+200,-1e+200,-1e+200,-1e+200,318945.0,1e+200,-1e+200,ref,prairie_island,minnesota,minnesota,-484703253987000.0,386059.929014,-484703253987000.0,-484703253714000.0,-484703254260000.0,-484703254233000.0,-484703253742000.0,2.0,149042268790.0,2.43433201164e-13,0.00781278400279,0.12500160456,18,0.25,0.250005878895
720.0,-395.1,-17719.2,-14.9,-1e+200,-1e+200,-1e+200,-1e+200,425260.0,1e+200,-1e+200,ref,prairie_island,minnesota,minnesota,-484703302397000.0,1380196.15773,-484703302397000.0,-484703301421000.0,-484703303373000.0,-484703303275000.0,-484703301519000.0,2.0,1904941433820.0,2.43433201164e-13,0.00390639200139,0.12500160456,23,0.25,0.125002939447
720.0,-85.1,-9928.9,-14.9,-1e+200,-1e+200,-1e+200,-1e+200,10.0,1e+200,-1e+200,ref,prairie_island,minnesota,minnesota,-484703808988000.0,80287.5555864,-484703808988000.0,-484703808931000.0,-484703809045000.0,-484703809039000.0,-484703808937000.0,2.0,6446091582.03,0.0,0.00390597442681,0.25,55,0.125,0.124991181658
720.0,-85.1,-9928.9,-14.9,-1e+200,-1e+200,-1e+200,-1e+200,106315.0,1e+200,-1e+200,ref,prairie_island,minnesota,minnesota,-484703859280000.0,1025481.87458,-484703859280000.0,-484703858555000.0,-484703860005000.0,-484703859933000.0,-484703858628000.0,2.0,1051613075090.0,0.0,0.00781231628454,0.25,60,0.125,0.249994121105
720.0,-85.1,-9928.9,-14.9,-1e+200,-1e+200,-1e+200,-1e+200,212630.0,1e+200,-1e+200,ref,prairie_island,minnesota,minnesota,-484703906742000.0,6332320.38871,-484703906742000.0,-484703902264000.0,-484703911219000.0,-484703910771000.0,-484703902712000.0,2.0,40098281505200.0,0.0,0.00781268371546,0.25,65,0.125,0.250005878895
720.0,-85.1,-9928.9,-14.9,-1e+200,-1e+200,-1e+200,-1e+200,318945.0,1e+200,-1e+200,ref,prairie_island,minnesota,minnesota,-484703955074000.0,2156555.69544,-484703955074000.0,-484703953549000.0,-484703956599000.0,-484703956447000.0,-484703953702000.0,2.0,4650732467520.0,0.0,0.00781268371546,0.25,70,0.125,0.250005878895
720.0,-85.1,-9928.9,-14.9,-1e+200,-1e+200,-1e+200,-1e+200,425260.0,1e+200,-1e+200,ref,prairie_island,minnesota,minnesota,-484704005628000.0,300017.629083,-484704005628000.0,-484704005415000.0,-484704005840000.0,-484704005819000.0,-484704005437000.0,2.0,90010577760.5,0.0,0.00390634185773,0.25,75,0.125,0.125002939447
720.0,-85.1,-13824.0,-14.9,-1e+200,-1e+200,-1e+200,-1e+200,10.0,1e+200,-1e+200,ref,prairie_island,minnesota,minnesota,-727051225972000.0,161811.222215,-727051225972000.0,-727051225858000.0,-727051226086000.0,-727051226075000.0,-727051225869000.0,2.0,26182871634.6,0.0,0.00390597442681,0.25,30,0.125,0.124991181658
720.0,-85.1,-13824.0,-14.9,-1e+200,-1e+200,-1e+200,-1e+200,106315.0,1e+200,-1e+200,ref,prairie_island,minnesota,minnesota,-727051278210000.0,2828427.12475,-727051278210000.0,-727051276210000.0,-727051280210000.0,-727051280010000.0,-727051276410000.0,2.0,8000000000000.0,0.0,0.00781231628454,0.25,35,0.125,0.249994121105
720.0,-85.1,-13824.0,-14.9,-1e+200,-1e+200,-1e+200,-1e+200,212630.0,1e+200,-1e+200,ref,prairie_island,minnesota,minnesota,-727051325497000.0,1026928.52667,-727051325497000.0,-727051324771000.0,-727051326224000.0,-727051326151000.0,-727051324844000.0,2.0,1054582198880.0,0.0,0.00781268371546,0.25,40,0.125,0.250005878895
720.0,-85.1,-13824.0,-14.9,-1e+200,-1e+200,-1e+200,-1e+200,318945.0,1e+200,-1e+200,ref,prairie_island,minnesota,minnesota,-727051374692000.0,4066.21754521,-727051374692000.0,-727051374689000.0,-727051374694000.0,-727051374694000.0,-727051374689000.0,2.0,16534125.125,0.0,0.00781268371546,0.25,45,0.125,0.250005878895
720.0,-85.1,-13824.0,-14.9,-1e+200,-1e+200,-1e+200,-1e+200,425260.0,1e+200,-1e+200,ref,prairie_island,minnesota,minnesota,-727051422352000.0,1724539.4825,-727051422352000.0,-727051421133000.0,-727051423572000.0,-727051423450000.0,-727051421255000.0,2.0,2974036426700.0,0.0,0.00390634185773,0.25,50,0.125,0.125002939447
720.0,-240.1,-17719.2,-14.9,-1e+200,-1e+200,-1e+200,-1e+200,10.0,1e+200,-1e+200,ref,prairie_island,minnesota,minnesota,-727053988857000.0,1326663.48981,-727053988857000.0,-727053987918000.0,-727053989795000.0,-727053989701000.0,-727053988012000.0,2.0,1760036015210.0,2.43433201164e-13,0.00390602456576,0.12500160456,4,0.25,0.124991181658
720.0,-240.1,-17719.2,-14.9,-1e+200,-1e+200,-1e+200,-1e+200,106315.0,1e+200,-1e+200,ref,prairie_island,minnesota,minnesota,-727054038587000.0,1267778.73067,-727054038587000.0,-727054037690000.0,-727054039483000.0,-727054039394000.0,-727054037780000.0,2.0,1607262909940.0,2.43433201164e-13,0.00781241656715,0.12500160456,9,0.25,0.249994121105
720.0,-240.1,-17719.2,-14.9,-1e+200,-1e+200,-1e+200,-1e+200,212630.0,1e+200,-1e+200,ref,prairie_island,minnesota,minnesota,-727054085280000.0,1236908.7467,-727054085280000.0,-727054084405000.0,-727054086155000.0,-727054086067000.0,-727054084493000.0,2.0,1529943247660.0,2.43433201164e-13,0.00781278400279,0.12500160456,14,0.25,0.250005878895
720.0,-240.1,-17719.2,-14.9,-1e+200,-1e+200,-1e+200,-1e+200,318945.0,1e+200,-1e+200,ref,prairie_island,minnesota,minnesota,-727054135250000.0,1483876.75018,-727054135250000.0,-727054134201000.0,-727054136300000.0,-727054136195000.0,-727054134306000.0,2.0,2201890209740.0,2.43433201164e-13,0.00781278400279,0.12500160456,19,0.25,0.250005878895
720.0,-240.1,-17719.2,-14.9,-1e+200,-1e+200,-1e+200,-1e+200,425260.0,1e+200,-1e+200,ref,prairie_island,minnesota,minnesota,-727054185454000.0,1918869.21976,-727054185454000.0,-727054184098000.0,-727054186811000.0,-727054186676000.0,-727054184233000.0,2.0,3682059082530.0,2.43433201164e-13,0.00390639200139,0.12500160456,24,0.25,0.125002939447
720.0,-85.1,-17719.2,-14.9,-1e+200,-1e+200,-1e+200,-1e+200,10.0,1e+200,-1e+200,ref,prairie_island,minnesota,minnesota,-969404865154000.0,5398644.39724,-969404865154000.0,-969404861337000.0,-969404868972000.0,-969404868590000.0,-969404861719000.0,2.0,29145361327800.0,0.0,0.00195301228288,0.12500160456,5,0.125,0.124991181658
720.0,-85.1,-17719.2,-14.9,-1e+200,-1e+200,-1e+200,-1e+200,106315.0,1e+200,-1e+200,ref,prairie_island,minnesota,minnesota,-969404913268000.0,1416530.30935,-969404913268000.0,-969404912266000.0,-969404914270000.0,-969404914170000.0,-969404912367000.0,2.0,2006558117320.0,0.0,0.00390620828358,0.12500160456,10,0.125,0.249994121105
720.0,-85.1,-17719.2,-14.9,-1e+200,-1e+200,-1e+200,-1e+200,212630.0,1e+200,-1e+200,ref,prairie_island,minnesota,minnesota,-969404959786000.0,762268.357964,-969404959786000.0,-969404959247000.0,-969404960325000.0,-969404960271000.0,-969404959301000.0,2.0,581053049553.0,0.0,0.00390639200139,0.12500160456,15,0.125,0.250005878895
720.0,-85.1,-17719.2,-14.9,-1e+200,-1e+200,-1e+200,-1e+200,318945.0,1e+200,-1e+200,ref,prairie_island,minnesota,minnesota,-969405008588000.0,2102182.76369,-969405008588000.0,-969405007102000.0,-969405010075000.0,-969405009926000.0,-969405007251000.0,2.0,4419172371960.0,0.0,0.00390639200139,0.12500160456,20,0.125,0.250005878895
720.0,-85.1,-17719.2,-14.9,-1e+200,-1e+200,-1e+200,-1e+200,425260.0,1e+200,-1e+200,ref,prairie_island,minnesota,minnesota,-969405062629000.0,2547407.51033,-969405062629000.0,-969405060827000.0,-969405064430000.0,-969405064250000.0,-969405061007000.0,2.0,6489285023690.0,0.0,0.0019531960007,0.12500160456,25,0.125,0.125002939447
