npp_capacity,htse_capacity,ft_capacity,ft_elec_consumption_capacity,electricity_market_capacity,naphtha_market_capacity,jet_fuel_market_capacity,diesel_market_capacity,h2_storage_capacity,scenario_label,location_label,fuel_region_label,elec_data_label,mean_NPV,std_NPV,med_NPV,max_NPV,min_NPV,perc_5_NPV,perc_95_NPV,samp_NPV,var_NPV,ProbabilityWeight-h2_storage_capacity,ProbabilityWeight-ft_capacity,PointProbability,prefix,ProbabilityWeight,ProbabilityWeight-htse_capacity
522.0,-507.0,-12743.0,-14.9,-1.0000000000000005e+200,-1.0000000000000005e+200,-1.0000000000000005e+200,-1.0000000000000005e+200,67965.0,ref,prairie_island,minnesota,covid,1279637649.74,56415.3058895,1279631591.8,1279700178.62,1279587236.72,1279588057.96,1279695722.62,4.0,3182686738.6,0.249990803752,0.124973477615,1.04066742269e-12,6,0.00391569158796,0.125333333333
522.0,-507.0,-12743.0,-14.9,-1.0000000000000005e+200,-1.0000000000000005e+200,-1.0000000000000005e+200,-1.0000000000000005e+200,135930.0,ref,prairie_island,minnesota,covid,1260397939.84,109295.579405,1260360265.87,1260557906.44,1260313321.18,1260318691.6,1260529931.64,4.0,11945523677.5,0.250009196248,0.124973477615,1.04066742269e-12,11,0.0039159796759200005,0.125333333333
522.0,-507.0,-12743.0,-14.9,-1.0000000000000005e+200,-1.0000000000000005e+200,-1.0000000000000005e+200,-1.0000000000000005e+200,203895.0,ref,prairie_island,minnesota,covid,1240758737.79,161697.327014,1240747971.93,1240922415.98,1240616591.32,1240617560.39,1240914987.4,4.0,26146025563.5,0.250009196248,0.124973477615,1.04066742269e-12,16,0.0039159796759200005,0.125333333333
522.0,-507.0,-12743.0,-14.9,-1.0000000000000005e+200,-1.0000000000000005e+200,-1.0000000000000005e+200,-1.0000000000000005e+200,271860.0,ref,prairie_island,minnesota,covid,1220829523.96,117539.94197100001,1220845849.33,1220944798.52,1220681598.65,1220698197.77,1220937994.63,4.0,13815637958.6,0.125004598124,0.124973477615,1.04066742269e-12,21,0.0019579898379600003,0.125333333333
522.0,-413.0,-10387.0,-14.9,-1.0000000000000005e+200,-1.0000000000000005e+200,-1.0000000000000005e+200,-1.0000000000000005e+200,67965.0,ref,prairie_island,minnesota,covid,1039445173.89,112208.92383800002,1039411782.15,1039605299.52,1039351831.75,1039357166.12,1039579930.1,4.0,12590842588.9,0.249990803752,0.25,1.04066742269e-12,32,0.0155827601005,0.24933333333299998
522.0,-413.0,-10387.0,-14.9,-1.0000000000000005e+200,-1.0000000000000005e+200,-1.0000000000000005e+200,-1.0000000000000005e+200,135930.0,ref,prairie_island,minnesota,covid,1020030482.54,164691.26888299998,1019964968.85,1020270761.51,1019921230.94,1019921871.22,1020230813.01,4.0,27123214046.3,0.250009196248,0.25,1.04066742269e-12,37,0.0155839065661,0.24933333333299998
522.0,-413.0,-10387.0,-14.9,-1.0000000000000005e+200,-1.0000000000000005e+200,-1.0000000000000005e+200,-1.0000000000000005e+200,203895.0,ref,prairie_island,minnesota,covid,1000083924.32,178402.76277200002,1000052747.84,1000326986.35,999903215.26,999921140.4289999,1000290355.29,4.0,31827545764.7,0.250009196248,0.25,1.04066742269e-12,42,0.0155839065661,0.24933333333299998
522.0,-413.0,-10387.0,-14.9,-1.0000000000000005e+200,-1.0000000000000005e+200,-1.0000000000000005e+200,-1.0000000000000005e+200,271860.0,ref,prairie_island,minnesota,covid,979999989.243,148435.589855,980039778.8460001,980115649.222,979804750.0569999,979828661.0739999,980115611.967,4.0,22033124335.6,0.125004598124,0.25,1.04066742269e-12,47,0.007791953283060001,0.24933333333299998
522.0,-507.0,-10387.0,-14.9,-1.0000000000000005e+200,-1.0000000000000005e+200,-1.0000000000000005e+200,-1.0000000000000005e+200,10.0,ref,prairie_island,minnesota,covid,966504922.579,87871.56514339999,966502529.955,966599358.445,966415271.96,966420010.751,966593184.08,4.0,7721411960.74,0.12498620562799999,0.25,1.04066742269e-12,26,0.00391623444301,0.125333333333
522.0,-507.0,-10387.0,-14.9,-1.0000000000000005e+200,-1.0000000000000005e+200,-1.0000000000000005e+200,-1.0000000000000005e+200,67965.0,ref,prairie_island,minnesota,covid,962143690.9460001,402478.866637,962222821.6889999,962523362.702,961605757.705,961677124.911,962499473.9419999,4.0,161989238090.0,0.249990803752,0.25,1.04066742269e-12,31,0.00783304518423,0.125333333333
522.0,-507.0,-10387.0,-14.9,-1.0000000000000005e+200,-1.0000000000000005e+200,-1.0000000000000005e+200,-1.0000000000000005e+200,135930.0,ref,prairie_island,minnesota,covid,941391853.662,270314.241797,941326431.984,941768764.758,941145785.921,941163373.452,941711924.22,4.0,73069789318.1,0.250009196248,0.25,1.04066742269e-12,36,0.00783362148244,0.125333333333
522.0,-507.0,-10387.0,-14.9,-1.0000000000000005e+200,-1.0000000000000005e+200,-1.0000000000000005e+200,-1.0000000000000005e+200,203895.0,ref,prairie_island,minnesota,covid,920974522.5660001,370550.470681,921039946.81,921304584.337,920513612.3069999,920562192.8989999,921295258.291,4.0,137307651322.0,0.250009196248,0.25,1.04066742269e-12,41,0.00783362148244,0.125333333333
522.0,-507.0,-10387.0,-14.9,-1.0000000000000005e+200,-1.0000000000000005e+200,-1.0000000000000005e+200,-1.0000000000000005e+200,271860.0,ref,prairie_island,minnesota,covid,900217192.21,283905.459748,900184996.565,900562110.992,899936664.72,899952159.5389999,900527298.785,4.0,80602310074.8,0.125004598124,0.25,1.04066742269e-12,46,0.00391681074122,0.125333333333
522.0,-320.0,-8030.0,-14.9,-1.0000000000000005e+200,-1.0000000000000005e+200,-1.0000000000000005e+200,-1.0000000000000005e+200,10.0,ref,prairie_island,minnesota,covid,820183877.734,89682.59810739999,820195153.959,820263781.751,820081421.2639999,820089611.729,820262357.022,4.0,8042968403.3,0.12498620562799999,0.25,1.04066742269e-12,53,0.00779080681749,0.24933333333299998
522.0,-320.0,-8030.0,-14.9,-1.0000000000000005e+200,-1.0000000000000005e+200,-1.0000000000000005e+200,-1.0000000000000005e+200,67965.0,ref,prairie_island,minnesota,covid,800976652.0910001,109699.63176199999,800972187.2160001,801115178.767,800847055.1639999,800864893.3169999,801094661.6889999,4.0,12034009208.7,0.249990803752,0.25,1.04066742269e-12,58,0.0155827601005,0.24933333333299998
522.0,-320.0,-8030.0,-14.9,-1.0000000000000005e+200,-1.0000000000000005e+200,-1.0000000000000005e+200,-1.0000000000000005e+200,135930.0,ref,prairie_island,minnesota,covid,781061398.146,305178.829949,781138795.5510001,781339270.256,780628731.224,780699423.5960001,781315016.327,4.0,93134118249.2,0.250009196248,0.25,1.04066742269e-12,63,0.0155839065661,0.24933333333299998
522.0,-320.0,-8030.0,-14.9,-1.0000000000000005e+200,-1.0000000000000005e+200,-1.0000000000000005e+200,-1.0000000000000005e+200,203895.0,ref,prairie_island,minnesota,covid,761422868.5610001,68023.5137385,761406361.1880001,761518381.213,761360370.656,761365407.925,761503439.521,4.0,4627198421.34,0.250009196248,0.25,1.04066742269e-12,68,0.0155839065661,0.24933333333299998
522.0,-320.0,-8030.0,-14.9,-1.0000000000000005e+200,-1.0000000000000005e+200,-1.0000000000000005e+200,-1.0000000000000005e+200,271860.0,ref,prairie_island,minnesota,covid,741150924.866,123271.52696700001,741130116.915,741318564.5439999,741024901.0910001,741037804.768,741293176.0960001,4.0,15195869360.7,0.125004598124,0.25,1.04066742269e-12,73,0.007791953283060001,0.24933333333299998
522.0,-413.0,-8030.0,-14.9,-1.0000000000000005e+200,-1.0000000000000005e+200,-1.0000000000000005e+200,-1.0000000000000005e+200,10.0,ref,prairie_island,minnesota,covid,727779014.487,115603.428016,727739045.849,727942813.7260001,727695152.525,727695893.7839999,727918091.2839999,4.0,13364152569.1,0.12498620562799999,0.25,1.04066742269e-12,52,0.00779080681749,0.24933333333299998
522.0,-413.0,-8030.0,-14.9,-1.0000000000000005e+200,-1.0000000000000005e+200,-1.0000000000000005e+200,-1.0000000000000005e+200,67965.0,ref,prairie_island,minnesota,covid,722488258.6980001,278557.198128,722446266.4,722866035.658,722194466.3330001,722230640.952,722804665.66,4.0,77594112628.7,0.249990803752,0.25,1.04066742269e-12,57,0.0155827601005,0.24933333333299998
522.0,-413.0,-8030.0,-14.9,-1.0000000000000005e+200,-1.0000000000000005e+200,-1.0000000000000005e+200,-1.0000000000000005e+200,135930.0,ref,prairie_island,minnesota,covid,701719854.8410001,496620.201872,701489543.647,702463247.5669999,701437084.502,701441253.854,702320891.499,4.0,246631624908.0,0.250009196248,0.25,1.04066742269e-12,62,0.0155839065661,0.24933333333299998
522.0,-413.0,-8030.0,-14.9,-1.0000000000000005e+200,-1.0000000000000005e+200,-1.0000000000000005e+200,-1.0000000000000005e+200,203895.0,ref,prairie_island,minnesota,covid,680390831.582,307839.700253,680378818.9319999,680725431.872,680080256.592,680095878.949,680702601.925,4.0,94765281052.1,0.250009196248,0.25,1.04066742269e-12,67,0.0155839065661,0.24933333333299998
522.0,-413.0,-8030.0,-14.9,-1.0000000000000005e+200,-1.0000000000000005e+200,-1.0000000000000005e+200,-1.0000000000000005e+200,271860.0,ref,prairie_island,minnesota,covid,659289021.324,533577.309424,659424752.1869999,659739198.8759999,658567382.045,658663495.09,659724524.349,4.0,284704745133.0,0.125004598124,0.25,1.04066742269e-12,72,0.007791953283060001,0.24933333333299998
522.0,-507.0,-8030.0,-14.9,-1.0000000000000005e+200,-1.0000000000000005e+200,-1.0000000000000005e+200,-1.0000000000000005e+200,67965.0,ref,prairie_island,minnesota,covid,639966193.415,572218.944133,640036585.011,640507024.026,639284579.611,639348165.505,640485673.089,4.0,327434520025.0,0.249990803752,0.25,1.04066742269e-12,56,0.00783304518423,0.125333333333
522.0,-507.0,-8030.0,-14.9,-1.0000000000000005e+200,-1.0000000000000005e+200,-1.0000000000000005e+200,-1.0000000000000005e+200,10.0,ref,prairie_island,minnesota,covid,635626306.441,43344.9349439,635627811.785,635668522.054,635581080.14,635583584.588,635666920.8130001,4.0,1878783385.29,0.12498620562799999,0.25,1.04066742269e-12,51,0.00391623444301,0.125333333333
522.0,-507.0,-8030.0,-14.9,-1.0000000000000005e+200,-1.0000000000000005e+200,-1.0000000000000005e+200,-1.0000000000000005e+200,135930.0,ref,prairie_island,minnesota,covid,618266945.037,351886.784928,618244565.858,618649231.1830001,617929417.2490001,617941446.95,618623773.974,4.0,123824309407.0,0.250009196248,0.25,1.04066742269e-12,61,0.00783362148244,0.125333333333
522.0,-507.0,-8030.0,-14.9,-1.0000000000000005e+200,-1.0000000000000005e+200,-1.0000000000000005e+200,-1.0000000000000005e+200,203895.0,ref,prairie_island,minnesota,covid,596926060.225,392696.699195,596966505.748,597328319.907,596442909.4990001,596494592.456,597300904.263,4.0,154210697558.0,0.250009196248,0.25,1.04066742269e-12,66,0.00783362148244,0.125333333333
522.0,-226.0,-5674.0,-14.9,-1.0000000000000005e+200,-1.0000000000000005e+200,-1.0000000000000005e+200,-1.0000000000000005e+200,10.0,ref,prairie_island,minnesota,covid,586596275.377,269485.49410999997,586646680.202,586826567.434,586265173.6669999,586298653.357,586823330.64,4.0,72622431535.7,0.12498620562799999,0.25,1.04066742269e-12,79,0.00783246888603,0.250666666667
522.0,-507.0,-8030.0,-14.9,-1.0000000000000005e+200,-1.0000000000000005e+200,-1.0000000000000005e+200,-1.0000000000000005e+200,271860.0,ref,prairie_island,minnesota,covid,575083379.697,410658.50150300004,575141837.954,575515204.98,574534637.902,574614345.651,575470572.185,4.0,168640404856.0,0.125004598124,0.25,1.04066742269e-12,71,0.00391681074122,0.125333333333
522.0,-226.0,-5674.0,-14.9,-1.0000000000000005e+200,-1.0000000000000005e+200,-1.0000000000000005e+200,-1.0000000000000005e+200,67965.0,ref,prairie_island,minnesota,covid,567036234.4580001,456317.167624,566957293.484,567641919.546,566588431.3169999,566621303.023,567561683.257,4.0,208225357469.0,0.249990803752,0.25,1.04066742269e-12,84,0.015666090368500002,0.250666666667
522.0,-226.0,-5674.0,-14.9,-1.0000000000000005e+200,-1.0000000000000005e+200,-1.0000000000000005e+200,-1.0000000000000005e+200,135930.0,ref,prairie_island,minnesota,covid,547412750.288,173398.399457,547411560.712,547597214.141,547230665.588,547241708.403,547585457.58,4.0,30067004934.4,0.250009196248,0.25,1.04066742269e-12,89,0.015667242964899998,0.250666666667
522.0,-226.0,-5674.0,-14.9,-1.0000000000000005e+200,-1.0000000000000005e+200,-1.0000000000000005e+200,-1.0000000000000005e+200,203895.0,ref,prairie_island,minnesota,covid,526922359.167,462103.694926,526821315.39,527539585.731,526507220.15800005,526526902.326,527459277.296,4.0,213539824864.0,0.250009196248,0.25,1.04066742269e-12,94,0.015667242964899998,0.250666666667
522.0,-226.0,-5674.0,-14.9,-1.0000000000000005e+200,-1.0000000000000005e+200,-1.0000000000000005e+200,-1.0000000000000005e+200,271860.0,ref,prairie_island,minnesota,covid,506267560.15699995,159459.308471,506245040.24,506482304.264,506097855.885,506117940.884,506448707.314,4.0,25427271057.9,0.125004598124,0.25,1.04066742269e-12,99,0.00783362148244,0.250666666667
522.0,-320.0,-5674.0,-14.9,-1.0000000000000005e+200,-1.0000000000000005e+200,-1.0000000000000005e+200,-1.0000000000000005e+200,10.0,ref,prairie_island,minnesota,covid,491747987.14199996,299958.138813,491762185.124,492047502.76699996,491420075.55300003,491442875.046,492033222.063,4.0,89974885040.5,0.12498620562799999,0.25,1.04066742269e-12,78,0.00779080681749,0.24933333333299998
522.0,-320.0,-5674.0,-14.9,-1.0000000000000005e+200,-1.0000000000000005e+200,-1.0000000000000005e+200,-1.0000000000000005e+200,67965.0,ref,prairie_island,minnesota,covid,484795366.73800004,403143.180835,484798024.748,485269451.32,484315966.13699996,484369013.499,485217998.764,4.0,162524424254.0,0.249990803752,0.25,1.04066742269e-12,83,0.0155827601005,0.24933333333299998
522.0,-320.0,-5674.0,-14.9,-1.0000000000000005e+200,-1.0000000000000005e+200,-1.0000000000000005e+200,-1.0000000000000005e+200,135930.0,ref,prairie_island,minnesota,covid,463772997.331,354051.75503299996,463808099.15199995,464142868.296,463332922.72400004,463382173.316,464114678.796,4.0,125352645242.0,0.250009196248,0.25,1.04066742269e-12,88,0.0155839065661,0.24933333333299998
522.0,-320.0,-5674.0,-14.9,-1.0000000000000005e+200,-1.0000000000000005e+200,-1.0000000000000005e+200,-1.0000000000000005e+200,203895.0,ref,prairie_island,minnesota,covid,442427128.64199996,459630.69643400004,442450606.814,442950326.861,441856974.079,441926499.937,442894887.90599996,4.0,211260377105.0,0.250009196248,0.25,1.04066742269e-12,93,0.0155839065661,0.24933333333299998
522.0,-320.0,-5674.0,-14.9,-1.0000000000000005e+200,-1.0000000000000005e+200,-1.0000000000000005e+200,-1.0000000000000005e+200,271860.0,ref,prairie_island,minnesota,covid,420559517.709,370950.451958,420698831.54,420818086.05300003,420022321.701,420109348.69699997,420814647.356,4.0,137604237808.0,0.125004598124,0.25,1.04066742269e-12,98,0.007791953283060001,0.24933333333299998
522.0,-413.0,-5674.0,-14.9,-1.0000000000000005e+200,-1.0000000000000005e+200,-1.0000000000000005e+200,-1.0000000000000005e+200,67965.0,ref,prairie_island,minnesota,covid,400155692.067,270241.81290300004,400031032.774,400558993.295,400001709.427,400001800.16,400484106.986,4.0,73030637441.4,0.249990803752,0.25,1.04066742269e-12,82,0.0155827601005,0.24933333333299998
522.0,-413.0,-5674.0,-14.9,-1.0000000000000005e+200,-1.0000000000000005e+200,-1.0000000000000005e+200,-1.0000000000000005e+200,10.0,ref,prairie_island,minnesota,covid,399439306.502,342882.775326,399357161.321,399924651.641,399118251.727,399151546.874,399842069.385,4.0,117568597615.0,0.12498620562799999,0.25,1.04066742269e-12,77,0.00779080681749,0.24933333333299998
522.0,-413.0,-5674.0,-14.9,-1.0000000000000005e+200,-1.0000000000000005e+200,-1.0000000000000005e+200,-1.0000000000000005e+200,135930.0,ref,prairie_island,minnesota,covid,378397288.83199996,487265.012143,378287070.364,379051962.561,377963052.04,377983427.261,378965456.259,4.0,237427192059.0,0.250009196248,0.25,1.04066742269e-12,87,0.0155839065661,0.24933333333299998
522.0,-132.0,-3317.0,-14.9,-1.0000000000000005e+200,-1.0000000000000005e+200,-1.0000000000000005e+200,-1.0000000000000005e+200,10.0,ref,prairie_island,minnesota,covid,359195510.39599997,244590.95651199998,359085885.938,359560629.484,359049640.226,359051986.374,359492508.661,4.0,59824736007.3,0.12498620562799999,0.125026522385,1.04066742269e-12,105,0.00195853269302,0.125333333333
522.0,-413.0,-5674.0,-14.9,-1.0000000000000005e+200,-1.0000000000000005e+200,-1.0000000000000005e+200,-1.0000000000000005e+200,203895.0,ref,prairie_island,minnesota,covid,356268451.49,438311.800862,356257433.765,356674489.89599997,355884448.53400004,355885920.96599996,356666406.829,4.0,192117234775.0,0.250009196248,0.25,1.04066742269e-12,92,0.0155839065661,0.24933333333299998
522.0,-132.0,-3317.0,-14.9,-1.0000000000000005e+200,-1.0000000000000005e+200,-1.0000000000000005e+200,-1.0000000000000005e+200,67965.0,ref,prairie_island,minnesota,covid,339293224.061,158777.706844,339271547.831,339500915.452,339128885.128,339143131.27599996,339473663.56700003,4.0,25210360190.7,0.249990803752,0.125026522385,1.04066742269e-12,110,0.00391735359627,0.125333333333
522.0,-413.0,-5674.0,-14.9,-1.0000000000000005e+200,-1.0000000000000005e+200,-1.0000000000000005e+200,-1.0000000000000005e+200,271860.0,ref,prairie_island,minnesota,covid,334023200.736,454921.112626,334104724.674,334461613.082,333421740.512,333499630.345,334432637.612,4.0,206953218713.0,0.125004598124,0.25,1.04066742269e-12,97,0.007791953283060001,0.24933333333299998
522.0,-132.0,-3317.0,-14.9,-1.0000000000000005e+200,-1.0000000000000005e+200,-1.0000000000000005e+200,-1.0000000000000005e+200,135930.0,ref,prairie_island,minnesota,covid,319309116.85400003,572904.746321,319271815.008,320010814.416,318682022.984,318737585.585,319932870.706,4.0,328219848357.0,0.250009196248,0.125026522385,1.04066742269e-12,115,0.00391764180651,0.125333333333
522.0,-507.0,-5674.0,-14.9,-1.0000000000000005e+200,-1.0000000000000005e+200,-1.0000000000000005e+200,-1.0000000000000005e+200,67965.0,ref,prairie_island,minnesota,covid,312697738.237,252104.10441300002,312628224.463,313043062.79,312491441.231,312497262.693,312995533.064,4.0,63556479461.7,0.249990803752,0.25,1.04066742269e-12,81,0.00783304518423,0.125333333333
522.0,-507.0,-5674.0,-14.9,-1.0000000000000005e+200,-1.0000000000000005e+200,-1.0000000000000005e+200,-1.0000000000000005e+200,10.0,ref,prairie_island,minnesota,covid,307175885.265,261007.211831,307200928.02900004,307468460.576,306833224.426,306887302.206,307429408.454,4.0,68124764627.9,0.12498620562799999,0.25,1.04066742269e-12,76,0.00391623444301,0.125333333333
522.0,-132.0,-3317.0,-14.9,-1.0000000000000005e+200,-1.0000000000000005e+200,-1.0000000000000005e+200,-1.0000000000000005e+200,203895.0,ref,prairie_island,minnesota,covid,298214293.369,606999.049575,298143720.707,298999392.744,297570339.319,297629445.732,298897942.733,4.0,368447846185.0,0.250009196248,0.125026522385,1.04066742269e-12,120,0.00391764180651,0.125333333333
522.0,-507.0,-5674.0,-14.9,-1.0000000000000005e+200,-1.0000000000000005e+200,-1.0000000000000005e+200,-1.0000000000000005e+200,135930.0,ref,prairie_island,minnesota,covid,291315330.257,286607.093844,291387382.228,291570871.773,290915684.801,290975299.984,291554487.772,4.0,82143626241.9,0.250009196248,0.25,1.04066742269e-12,86,0.00783362148244,0.125333333333
522.0,-132.0,-3317.0,-14.9,-1.0000000000000005e+200,-1.0000000000000005e+200,-1.0000000000000005e+200,-1.0000000000000005e+200,271860.0,ref,prairie_island,minnesota,covid,276928198.009,283389.64975100005,277028069.931,277133237.958,276523414.218,276586083.72099996,277130491.608,4.0,80309693585.7,0.125004598124,0.125026522385,1.04066742269e-12,125,0.0019588209032600002,0.125333333333
522.0,-507.0,-5674.0,-14.9,-1.0000000000000005e+200,-1.0000000000000005e+200,-1.0000000000000005e+200,-1.0000000000000005e+200,203895.0,ref,prairie_island,minnesota,covid,268589177.735,260937.366866,268602482.882,268883002.602,268268742.575,268305856.992,268853871.274,4.0,68088309426.9,0.250009196248,0.25,1.04066742269e-12,91,0.00783362148244,0.125333333333
522.0,-226.0,-3317.0,-14.9,-1.0000000000000005e+200,-1.0000000000000005e+200,-1.0000000000000005e+200,-1.0000000000000005e+200,10.0,ref,prairie_island,minnesota,covid,262088021.624,497743.816879,262055247.71,262650976.408,261590614.67,261615715.62,262606211.10900003,4.0,247748907242.0,0.12498620562799999,0.125026522385,1.04066742269e-12,104,0.00391706538603,0.250666666667
522.0,-226.0,-3317.0,-14.9,-1.0000000000000005e+200,-1.0000000000000005e+200,-1.0000000000000005e+200,-1.0000000000000005e+200,67965.0,ref,prairie_island,minnesota,covid,252208689.19099998,147487.104283,252206741.39,252375252.32700002,252046021.658,252058982.213,252361123.091,4.0,21752445929.6,0.249990803752,0.125026522385,1.04066742269e-12,109,0.00783470719255,0.250666666667
522.0,-507.0,-5674.0,-14.9,-1.0000000000000005e+200,-1.0000000000000005e+200,-1.0000000000000005e+200,-1.0000000000000005e+200,271860.0,ref,prairie_island,minnesota,covid,245603091.873,336528.21796599997,245551055.24,246026493.20700002,245283763.806,245299416.495,245979618.538,4.0,113251241488.0,0.125004598124,0.25,1.04066742269e-12,96,0.00391681074122,0.125333333333
522.0,-226.0,-3317.0,-14.9,-1.0000000000000005e+200,-1.0000000000000005e+200,-1.0000000000000005e+200,-1.0000000000000005e+200,135930.0,ref,prairie_island,minnesota,covid,230117746.722,449769.429439,230211748.866,230557912.41,229489576.745,229594789.458,230509100.98299998,4.0,202292539658.0,0.250009196248,0.125026522385,1.04066742269e-12,114,0.00783528361303,0.250666666667
522.0,-226.0,-3317.0,-14.9,-1.0000000000000005e+200,-1.0000000000000005e+200,-1.0000000000000005e+200,-1.0000000000000005e+200,203895.0,ref,prairie_island,minnesota,covid,207970548.8,532425.910998,208009060.69599998,208548736.126,207315337.681,207388680.26400003,208498500.682,4.0,283477350702.0,0.250009196248,0.125026522385,1.04066742269e-12,119,0.00783528361303,0.250666666667
522.0,-226.0,-3317.0,-14.9,-1.0000000000000005e+200,-1.0000000000000005e+200,-1.0000000000000005e+200,-1.0000000000000005e+200,271860.0,ref,prairie_island,minnesota,covid,185080543.846,290072.734977,185015687.20299998,185481738.663,184809062.317,184829797.594,185422089.4,4.0,84142191576.9,0.125004598124,0.125026522385,1.04066742269e-12,124,0.00391764180651,0.250666666667
522.0,-320.0,-3317.0,-14.9,-1.0000000000000005e+200,-1.0000000000000005e+200,-1.0000000000000005e+200,-1.0000000000000005e+200,10.0,ref,prairie_island,minnesota,covid,167123415.467,112375.996843,167146041.407,167233530.101,166968048.95299998,166992155.724,167222998.894,4.0,12628364666.4,0.12498620562799999,0.125026522385,1.04066742269e-12,103,0.0038962299318499997,0.24933333333299998
522.0,-320.0,-3317.0,-14.9,-1.0000000000000005e+200,-1.0000000000000005e+200,-1.0000000000000005e+200,-1.0000000000000005e+200,67965.0,ref,prairie_island,minnesota,covid,161994852.23,165045.484139,161939746.486,162235159.296,161864756.651,161872694.229,162194158.272,4.0,27240011834.7,0.249990803752,0.125026522385,1.04066742269e-12,108,0.00779303321812,0.24933333333299998
522.0,-320.0,-3317.0,-14.9,-1.0000000000000005e+200,-1.0000000000000005e+200,-1.0000000000000005e+200,-1.0000000000000005e+200,135930.0,ref,prairie_island,minnesota,covid,139903518.122,196324.169715,139959253.134,140066921.977,139628644.244,139669260.432,140059746.796,4.0,38543179614.2,0.250009196248,0.125026522385,1.04066742269e-12,113,0.00779360657253,0.24933333333299998
522.0,-320.0,-3317.0,-14.9,-1.0000000000000005e+200,-1.0000000000000005e+200,-1.0000000000000005e+200,-1.0000000000000005e+200,203895.0,ref,prairie_island,minnesota,covid,116839839.066,448615.06015200005,116788298.687,117434816.59899999,116347942.29,116408699.99200001,117343134.669,4.0,201255472195.0,0.250009196248,0.125026522385,1.04066742269e-12,118,0.00779360657253,0.24933333333299998
522.0,-320.0,-3317.0,-14.9,-1.0000000000000005e+200,-1.0000000000000005e+200,-1.0000000000000005e+200,-1.0000000000000005e+200,271860.0,ref,prairie_island,minnesota,covid,93271361.4441,107530.334047,93230885.989,93429773.3462,93193900.4522,93197559.0647,93401829.4606,4.0,11562772740.3,0.125004598124,0.125026522385,1.04066742269e-12,123,0.00389680328627,0.24933333333299998
522.0,-413.0,-3317.0,-14.9,-1.0000000000000005e+200,-1.0000000000000005e+200,-1.0000000000000005e+200,-1.0000000000000005e+200,10.0,ref,prairie_island,minnesota,covid,74712226.70300001,391026.658212,74655634.85100001,75203653.9183,74333983.1915,74354626.9859,75149055.0127,4.0,152901847432.0,0.12498620562799999,0.125026522385,1.04066742269e-12,102,0.0038962299318499997,0.24933333333299998
522.0,-413.0,-3317.0,-14.9,-1.0000000000000005e+200,-1.0000000000000005e+200,-1.0000000000000005e+200,-1.0000000000000005e+200,67965.0,ref,prairie_island,minnesota,covid,73315065.7562,668682.6073939999,73468919.7312,73924775.5878,72397647.9746,72528214.1719,73886521.7755,4.0,447136429431.0,0.249990803752,0.125026522385,1.04066742269e-12,107,0.00779303321812,0.24933333333299998
522.0,-413.0,-3317.0,-14.9,-1.0000000000000005e+200,-1.0000000000000005e+200,-1.0000000000000005e+200,-1.0000000000000005e+200,135930.0,ref,prairie_island,minnesota,covid,49913717.373,521572.216186,49908020.0811,50477623.428,49361205.9017,49396656.8516,50438754.103,4.0,272037576698.0,0.250009196248,0.125026522385,1.04066742269e-12,112,0.00779360657253,0.24933333333299998
522.0,-413.0,-3317.0,-14.9,-1.0000000000000005e+200,-1.0000000000000005e+200,-1.0000000000000005e+200,-1.0000000000000005e+200,203895.0,ref,prairie_island,minnesota,covid,26521367.5679,499558.895059,26359972.8268,27241092.1303,26124432.4876,26144385.8532,27124301.92,4.0,249559089633.0,0.250009196248,0.125026522385,1.04066742269e-12,117,0.00779360657253,0.24933333333299998
522.0,-413.0,-3317.0,-14.9,-1.0000000000000005e+200,-1.0000000000000005e+200,-1.0000000000000005e+200,-1.0000000000000005e+200,271860.0,ref,prairie_island,minnesota,covid,2884086.4005299998,465923.524159,2895384.1803900003,3441949.9007599996,2303627.34058,2386724.01597,3365631.89328,4.0,217084730365.0,0.125004598124,0.125026522385,1.04066742269e-12,122,0.00389680328627,0.24933333333299998
522.0,-507.0,-3317.0,-14.9,-1.0000000000000005e+200,-1.0000000000000005e+200,-1.0000000000000005e+200,-1.0000000000000005e+200,67965.0,ref,prairie_island,minnesota,covid,-16918914.6819,454103.03695100005,-16930471.5353,-16362693.1939,-17452022.4631,-17390484.808,-16431164.961,4.0,206209568169.0,0.249990803752,0.125026522385,1.04066742269e-12,106,0.00391735359627,0.125333333333
522.0,-507.0,-3317.0,-14.9,-1.0000000000000005e+200,-1.0000000000000005e+200,-1.0000000000000005e+200,-1.0000000000000005e+200,10.0,ref,prairie_island,minnesota,covid,-17084134.343,294010.46246300003,-17034446.5888,-16801567.1534,-17466077.0409,-17419290.0071,-16818541.5347,4.0,86442152037.9,0.12498620562799999,0.125026522385,1.04066742269e-12,101,0.00195853269302,0.125333333333
522.0,-507.0,-3317.0,-14.9,-1.0000000000000005e+200,-1.0000000000000005e+200,-1.0000000000000005e+200,-1.0000000000000005e+200,135930.0,ref,prairie_island,minnesota,covid,-40944653.6767,244759.70203200003,-40914555.1216,-40702712.5036,-41246791.9599,-41214732.2302,-40716713.1002,4.0,59907311738.6,0.250009196248,0.125026522385,1.04066742269e-12,111,0.00391764180651,0.125333333333
522.0,-507.0,-3317.0,-14.9,-1.0000000000000005e+200,-1.0000000000000005e+200,-1.0000000000000005e+200,-1.0000000000000005e+200,203895.0,ref,prairie_island,minnesota,covid,-64475528.983,416595.319148,-64559482.4236,-63933417.8935,-64849733.1913,-64834783.3482,-63998739.80100001,4.0,173551659936.0,0.250009196248,0.125026522385,1.04066742269e-12,116,0.00391764180651,0.125333333333
522.0,-507.0,-3317.0,-14.9,-1.0000000000000005e+200,-1.0000000000000005e+200,-1.0000000000000005e+200,-1.0000000000000005e+200,271860.0,ref,prairie_island,minnesota,covid,-88614889.713,287931.518108,-88603822.3013,-88321191.8079,-88930722.4414,-88908195.4233,-88337078.379,4.0,82904559120.2,0.125004598124,0.125026522385,1.04066742269e-12,121,0.0019588209032600002,0.125333333333
