smr_capacity,htse_capacity,ft_capacity,ft_elec_consumption_capacity,electricity_market_capacity,naphtha_market_capacity,jet_fuel_market_capacity,diesel_market_capacity,h2_storage_capacity,h2_import_capacity,h2_export_capacity,scenario_label,location_label,fuel_region_label,co2_location_label,mean_NPV,std_NPV,med_NPV,max_NPV,min_NPV,perc_5_NPV,perc_95_NPV,samp_NPV,var_NPV,prefix,ProbabilityWeight-h2_storage_capacity,ProbabilityWeight,ProbabilityWeight-ft_capacity,PointProbability,ProbabilityWeight-htse_capacity
1200.0,-985.0,-24756.0,-14.9,-1e+200,-1e+200,-1e+200,-1e+200,132030.0,1e+200,-1e+200,ref,prairie_island,minnesota,minnesota,529776598.983,120839.219565,529800046.634,529897312.515,529608990.149,529636958.88,529883412.375,4.0,14602116985.1,6,0.249994792742,0.00390616863659,0.125,1.17734560967e-13,0.125
1200.0,-985.0,-24756.0,-14.9,-1e+200,-1e+200,-1e+200,-1e+200,264059.0,1e+200,-1e+200,ref,prairie_island,minnesota,minnesota,471284963.733,258725.535176,471244976.702,471603965.28,471045936.248,471054920.567,471570988.742,4.0,66938902551.9,11,0.250004260484,0.00390631657006,0.125,1.17734560967e-13,0.125
1200.0,-985.0,-24756.0,-14.9,-1e+200,-1e+200,-1e+200,-1e+200,396089.0,1e+200,-1e+200,ref,prairie_island,minnesota,minnesota,412998809.143,224509.573082,412983112.633,413287108.105,412741903.203,412773836.768,413245756.633,4.0,50404548405.6,16,0.250005207258,0.00390633136341,0.125,1.17734560967e-13,0.125
1200.0,-985.0,-24756.0,-14.9,-1e+200,-1e+200,-1e+200,-1e+200,528119.0,1e+200,-1e+200,ref,prairie_island,minnesota,minnesota,354209929.685,212435.632942,354189720.037,354485478.938,353974799.727,354000892.947,354447259.93,4.0,45128898143.7,21,0.125002603629,0.00195316568171,0.125,1.17734560967e-13,0.125
1200.0,-785.0,-19730.0,-14.9,-1e+200,-1e+200,-1e+200,-1e+200,132030.0,1e+200,-1e+200,ref,prairie_island,minnesota,minnesota,-138114995.906,156524.746771,-138176374.626,-137883261.451,-138223972.921,-138218923.639,-137925137.965,4.0,24499996351.8,32,0.249994792742,0.0156246745464,0.25,1.17734560967e-13,0.25
1200.0,-785.0,-19730.0,-14.9,-1e+200,-1e+200,-1e+200,-1e+200,264059.0,1e+200,-1e+200,ref,prairie_island,minnesota,minnesota,-196926403.748,112671.422786,-196948307.365,-196770134.268,-197038865.996,-197026083.712,-196796058.721,4.0,12694849512.6,37,0.250004260484,0.0156252662803,0.25,1.17734560967e-13,0.25
1200.0,-785.0,-19730.0,-14.9,-1e+200,-1e+200,-1e+200,-1e+200,396089.0,1e+200,-1e+200,ref,prairie_island,minnesota,minnesota,-255369307.989,253641.375724,-255331656.622,-255112670.483,-255701248.227,-255658412.816,-255132915.074,4.0,64333947479.0,42,0.250005207258,0.0156253254536,0.25,1.17734560967e-13,0.25
1200.0,-985.0,-19730.0,-14.9,-1e+200,-1e+200,-1e+200,-1e+200,10.0,1e+200,-1e+200,ref,prairie_island,minnesota,minnesota,-303569746.983,242310.977826,-303530922.391,-303318076.341,-303899066.809,-303847727.035,-303346121.36,4.0,58714609975.1,26,0.124993135887,0.00390603549646,0.25,1.17734560967e-13,0.125
1200.0,-785.0,-19730.0,-14.9,-1e+200,-1e+200,-1e+200,-1e+200,528119.0,1e+200,-1e+200,ref,prairie_island,minnesota,minnesota,-313892977.479,259926.207102,-313819685.837,-313675152.005,-314257386.239,-314203203.918,-313685359.34,4.0,67561633138.5,47,0.125002603629,0.00781266272682,0.25,1.17734560967e-13,0.25
1200.0,-985.0,-19730.0,-14.9,-1e+200,-1e+200,-1e+200,-1e+200,132030.0,1e+200,-1e+200,ref,prairie_island,minnesota,minnesota,-326291696.916,811780.041472,-326189248.002,-325414101.992,-327374189.67,-327209000.8,-325517821.513,4.0,658986835732.0,31,0.249994792742,0.00781233727318,0.25,1.17734560967e-13,0.125
1200.0,-985.0,-19730.0,-14.9,-1e+200,-1e+200,-1e+200,-1e+200,264059.0,1e+200,-1e+200,ref,prairie_island,minnesota,minnesota,-385153889.293,638466.781646,-385256067.898,-384386746.549,-385716674.826,-385705368.161,-384459360.377,4.0,407639831265.0,36,0.250004260484,0.00781263314013,0.25,1.17734560967e-13,0.125
1200.0,-985.0,-19730.0,-14.9,-1e+200,-1e+200,-1e+200,-1e+200,396089.0,1e+200,-1e+200,ref,prairie_island,minnesota,minnesota,-443912486.572,756435.982023,-443912031.207,-442997286.462,-444828597.414,-444712255.422,-443113355.235,4.0,572195394899.0,41,0.250005207258,0.00781266272682,0.25,1.17734560967e-13,0.125
1200.0,-985.0,-19730.0,-14.9,-1e+200,-1e+200,-1e+200,-1e+200,528119.0,1e+200,-1e+200,ref,prairie_island,minnesota,minnesota,-502546947.864,194804.313017,-502562674.117,-502332237.504,-502730205.718,-502724537.734,-502347341.239,4.0,37948720370.1,46,0.125002603629,0.00390633136341,0.25,1.17734560967e-13,0.125
1200.0,-585.0,-14704.0,-14.9,-1e+200,-1e+200,-1e+200,-1e+200,132030.0,1e+200,-1e+200,ref,prairie_island,minnesota,minnesota,-800312781.864,649259.378426,-800045028.815,-799887063.888,-801274005.938,-801103093.507,-799897324.49,4.0,421537740474.0,58,0.249994792742,0.0156246745464,0.25,1.17734560967e-13,0.25
1200.0,-585.0,-14704.0,-14.9,-1e+200,-1e+200,-1e+200,-1e+200,264059.0,1e+200,-1e+200,ref,prairie_island,minnesota,minnesota,-858978363.35,415753.132261,-858937340.3,-858525151.188,-859513621.612,-859443363.973,-858570794.997,4.0,172850666985.0,63,0.250004260484,0.0156252662803,0.25,1.17734560967e-13,0.25
1200.0,-585.0,-14704.0,-14.9,-1e+200,-1e+200,-1e+200,-1e+200,396089.0,1e+200,-1e+200,ref,prairie_island,minnesota,minnesota,-917712668.327,643067.32027,-917731775.2,-916906486.86,-918480636.047,-918369704.472,-917028882.559,4.0,413535578399.0,68,0.250005207258,0.0156253254536,0.25,1.17734560967e-13,0.25
1200.0,-785.0,-14704.0,-14.9,-1e+200,-1e+200,-1e+200,-1e+200,10.0,1e+200,-1e+200,ref,prairie_island,minnesota,minnesota,-968365030.959,321293.341829,-968445805.262,-967925011.481,-968643501.829,-968630776.787,-967986201.105,4.0,103229411503.0,52,0.124993135887,0.00781207099292,0.25,1.17734560967e-13,0.25
1200.0,-585.0,-14704.0,-14.9,-1e+200,-1e+200,-1e+200,-1e+200,528119.0,1e+200,-1e+200,ref,prairie_island,minnesota,minnesota,-975765515.63,735709.313782,-975624418.739,-975148347.125,-976664877.916,-976575406.204,-975153160.702,4.0,541268194385.0,73,0.125002603629,0.00781266272682,0.25,1.17734560967e-13,0.25
1200.0,-785.0,-14704.0,-14.9,-1e+200,-1e+200,-1e+200,-1e+200,132030.0,1e+200,-1e+200,ref,prairie_island,minnesota,minnesota,-992663151.122,68353.720592,-992648370.261,-992599299.267,-992756564.698,-992743291.313,-992603704.135,4.0,4672231118.77,57,0.249994792742,0.0156246745464,0.25,1.17734560967e-13,0.25
1200.0,-785.0,-14704.0,-14.9,-1e+200,-1e+200,-1e+200,-1e+200,264059.0,1e+200,-1e+200,ref,prairie_island,minnesota,minnesota,-1052421266.37,1322509.07061,-1052633447.94,-1050781434.26,-1053636735.33,-1053591810.39,-1050953668.14,4.0,1749030241860.0,62,0.250004260484,0.0156252662803,0.25,1.17734560967e-13,0.25
1200.0,-785.0,-14704.0,-14.9,-1e+200,-1e+200,-1e+200,-1e+200,396089.0,1e+200,-1e+200,ref,prairie_island,minnesota,minnesota,-1111315011.57,898575.990856,-1110996803.62,-1110644387.88,-1112622051.14,-1112404613.53,-1110670900.73,4.0,807438811343.0,67,0.250005207258,0.0156253254536,0.25,1.17734560967e-13,0.25
1200.0,-785.0,-14704.0,-14.9,-1e+200,-1e+200,-1e+200,-1e+200,528119.0,1e+200,-1e+200,ref,prairie_island,minnesota,minnesota,-1170858562.72,982734.907687,-1171159515.55,-1169433883.56,-1171681336.22,-1171613396.56,-1169682394.92,4.0,965767898787.0,72,0.125002603629,0.00781266272682,0.25,1.17734560967e-13,0.25
1200.0,-985.0,-14704.0,-14.9,-1e+200,-1e+200,-1e+200,-1e+200,10.0,1e+200,-1e+200,ref,prairie_island,minnesota,minnesota,-1192120892.49,344965.585439,-1192032002.3,-1191816944.81,-1192602620.55,-1192530757.0,-1191835474.25,4.0,119001255137.0,51,0.124993135887,0.00390603549646,0.25,1.17734560967e-13,0.125
1200.0,-985.0,-14704.0,-14.9,-1e+200,-1e+200,-1e+200,-1e+200,132030.0,1e+200,-1e+200,ref,prairie_island,minnesota,minnesota,-1196651460.98,989232.879268,-1196877611.78,-1195350413.04,-1197500207.32,-1197475586.12,-1195510724.71,4.0,978581689425.0,56,0.249994792742,0.00781233727318,0.25,1.17734560967e-13,0.125
1200.0,-985.0,-14704.0,-14.9,-1e+200,-1e+200,-1e+200,-1e+200,264059.0,1e+200,-1e+200,ref,prairie_island,minnesota,minnesota,-1255040533.39,1014635.88338,-1254897120.91,-1254110627.86,-1256257263.87,-1256142120.83,-1254139723.41,4.0,1029485975840.0,61,0.250004260484,0.00781263314013,0.25,1.17734560967e-13,0.125
1200.0,-985.0,-14704.0,-14.9,-1e+200,-1e+200,-1e+200,-1e+200,396089.0,1e+200,-1e+200,ref,prairie_island,minnesota,minnesota,-1315074409.04,721511.87049,-1315089784.71,-1314385130.23,-1315732936.52,-1315722141.3,-1314405150.85,4.0,520579379258.0,66,0.250005207258,0.00781266272682,0.25,1.17734560967e-13,0.125
1200.0,-985.0,-14704.0,-14.9,-1e+200,-1e+200,-1e+200,-1e+200,528119.0,1e+200,-1e+200,ref,prairie_island,minnesota,minnesota,-1373866186.2,1034514.49886,-1373861814.39,-1372677449.14,-1375063666.86,-1374947343.09,-1372791149.83,4.0,1070220248360.0,71,0.125002603629,0.00390633136341,0.25,1.17734560967e-13,0.125
1200.0,-385.0,-9678.0,-14.9,-1e+200,-1e+200,-1e+200,-1e+200,132030.0,1e+200,-1e+200,ref,prairie_island,minnesota,minnesota,-1453476700.53,567216.284595,-1453544769.03,-1452776734.84,-1454040529.23,-1454006980.85,-1452851124.32,4.0,321734313509.0,84,0.249994792742,0.0156246745464,0.25,1.17734560967e-13,0.25
1200.0,-385.0,-9678.0,-14.9,-1e+200,-1e+200,-1e+200,-1e+200,264059.0,1e+200,-1e+200,ref,prairie_island,minnesota,minnesota,-1512897138.92,468411.141804,-1512991297.24,-1512246322.75,-1513359638.45,-1513310223.71,-1512352232.49,4.0,219408997766.0,89,0.250004260484,0.0156252662803,0.25,1.17734560967e-13,0.25
1200.0,-385.0,-9678.0,-14.9,-1e+200,-1e+200,-1e+200,-1e+200,396089.0,1e+200,-1e+200,ref,prairie_island,minnesota,minnesota,-1571561156.97,754516.285492,-1571532337.84,-1570894948.4,-1572285003.81,-1572263248.83,-1570899411.89,4.0,569294825072.0,94,0.250005207258,0.0156253254536,0.25,1.17734560967e-13,0.25
1200.0,-585.0,-9678.0,-14.9,-1e+200,-1e+200,-1e+200,-1e+200,10.0,1e+200,-1e+200,ref,prairie_island,minnesota,minnesota,-1625312252.6,312458.073528,-1625300141.67,-1624969107.03,-1625679620.02,-1625643882.04,-1624997578.45,4.0,97630047712.7,78,0.124993135887,0.00781207099292,0.25,1.17734560967e-13,0.25
1200.0,-385.0,-9678.0,-14.9,-1e+200,-1e+200,-1e+200,-1e+200,528119.0,1e+200,-1e+200,ref,prairie_island,minnesota,minnesota,-1629926697.02,630383.987699,-1630091379.05,-1629063133.19,-1630460896.79,-1630440131.74,-1629182707.46,4.0,397383971948.0,99,0.125002603629,0.00781266272682,0.25,1.17734560967e-13,0.25
1200.0,-585.0,-9678.0,-14.9,-1e+200,-1e+200,-1e+200,-1e+200,132030.0,1e+200,-1e+200,ref,prairie_island,minnesota,minnesota,-1654092250.3,674334.010128,-1654300564.8,-1653141325.27,-1654626546.34,-1654609052.27,-1653283808.04,4.0,454726357215.0,83,0.249994792742,0.0156246745464,0.25,1.17734560967e-13,0.25
1200.0,-585.0,-9678.0,-14.9,-1e+200,-1e+200,-1e+200,-1e+200,264059.0,1e+200,-1e+200,ref,prairie_island,minnesota,minnesota,-1713800092.11,510094.129184,-1713677343.61,-1713337973.7,-1714507707.54,-1714403327.99,-1713368704.15,4.0,260196020628.0,88,0.250004260484,0.0156252662803,0.25,1.17734560967e-13,0.25
1200.0,-585.0,-9678.0,-14.9,-1e+200,-1e+200,-1e+200,-1e+200,396089.0,1e+200,-1e+200,ref,prairie_island,minnesota,minnesota,-1772029566.49,512788.75373,-1772034639.42,-1771480524.21,-1772568462.92,-1772535460.33,-1771516570.56,4.0,262952305952.0,93,0.250005207258,0.0156253254536,0.25,1.17734560967e-13,0.25
1200.0,-585.0,-9678.0,-14.9,-1e+200,-1e+200,-1e+200,-1e+200,528119.0,1e+200,-1e+200,ref,prairie_island,minnesota,minnesota,-1832161004.96,310444.125739,-1832222939.01,-1831735957.96,-1832462183.85,-1832436946.77,-1831798355.47,4.0,96375555205.9,98,0.125002603629,0.00781266272682,0.25,1.17734560967e-13,0.25
1200.0,-785.0,-9678.0,-14.9,-1e+200,-1e+200,-1e+200,-1e+200,10.0,1e+200,-1e+200,ref,prairie_island,minnesota,minnesota,-1851920798.04,525813.470952,-1851871390.45,-1851345815.19,-1852594596.07,-1852507314.67,-1851403452.03,4.0,276479806235.0,77,0.124993135887,0.00781207099292,0.25,1.17734560967e-13,0.25
1200.0,-785.0,-9678.0,-14.9,-1e+200,-1e+200,-1e+200,-1e+200,132030.0,1e+200,-1e+200,ref,prairie_island,minnesota,minnesota,-1866316573.93,1361789.41489,-1866389296.71,-1864720919.28,-1867766783.04,-1867660984.96,-1864870351.02,4.0,1854470410510.0,82,0.249994792742,0.0156246745464,0.25,1.17734560967e-13,0.25
1200.0,-785.0,-9678.0,-14.9,-1e+200,-1e+200,-1e+200,-1e+200,264059.0,1e+200,-1e+200,ref,prairie_island,minnesota,minnesota,-1924623202.29,710285.523612,-1924394143.92,-1924089838.61,-1925614682.7,-1925471439.65,-1924095646.64,4.0,504505525052.0,87,0.250004260484,0.0156252662803,0.25,1.17734560967e-13,0.25
1200.0,-785.0,-9678.0,-14.9,-1e+200,-1e+200,-1e+200,-1e+200,396089.0,1e+200,-1e+200,ref,prairie_island,minnesota,minnesota,-1982324106.78,491582.69986,-1982470895.06,-1981613511.26,-1982741125.74,-1982706416.32,-1981736293.65,4.0,241653550801.0,92,0.250005207258,0.0156253254536,0.25,1.17734560967e-13,0.25
1200.0,-785.0,-9678.0,-14.9,-1e+200,-1e+200,-1e+200,-1e+200,528119.0,1e+200,-1e+200,ref,prairie_island,minnesota,minnesota,-2042299605.26,567712.127346,-2042331623.91,-2041598721.13,-2042936452.08,-2042873392.26,-2041680992.15,4.0,322297059536.0,97,0.125002603629,0.00781266272682,0.25,1.17734560967e-13,0.25
1200.0,-985.0,-9678.0,-14.9,-1e+200,-1e+200,-1e+200,-1e+200,10.0,1e+200,-1e+200,ref,prairie_island,minnesota,minnesota,-2076422088.99,492130.939716,-2076636682.13,-2075689217.0,-2076725774.72,-2076720023.81,-2075823723.79,4.0,242192861826.0,76,0.124993135887,0.00390603549646,0.25,1.17734560967e-13,0.125
1200.0,-985.0,-9678.0,-14.9,-1e+200,-1e+200,-1e+200,-1e+200,132030.0,1e+200,-1e+200,ref,prairie_island,minnesota,minnesota,-2078707382.92,1351951.87163,-2078376117.94,-2077528539.79,-2080548756.01,-2080296614.14,-2077581922.67,4.0,1827773863210.0,81,0.249994792742,0.00781233727318,0.25,1.17734560967e-13,0.125
1200.0,-185.0,-4652.0,-14.9,-1e+200,-1e+200,-1e+200,-1e+200,132030.0,1e+200,-1e+200,ref,prairie_island,minnesota,minnesota,-2091184775.89,869818.452581,-2091002168.96,-2090419301.87,-2092315463.77,-2092180193.8,-2090445007.69,4.0,756584140450.0,110,0.249994792742,0.00390616863659,0.125,1.17734560967e-13,0.125
1200.0,-985.0,-9678.0,-14.9,-1e+200,-1e+200,-1e+200,-1e+200,264059.0,1e+200,-1e+200,ref,prairie_island,minnesota,minnesota,-2139167795.13,965996.162567,-2139218163.67,-2138031980.27,-2140202872.93,-2140124953.65,-2138140120.66,4.0,933148586093.0,86,0.250004260484,0.00781263314013,0.25,1.17734560967e-13,0.125
1200.0,-185.0,-4652.0,-14.9,-1e+200,-1e+200,-1e+200,-1e+200,264059.0,1e+200,-1e+200,ref,prairie_island,minnesota,minnesota,-2150413883.28,521074.152338,-2150235715.24,-2150007023.34,-2151177079.27,-2151041745.77,-2150035456.03,4.0,271518272235.0,115,0.250004260484,0.00390631657006,0.125,1.17734560967e-13,0.125
1200.0,-985.0,-9678.0,-14.9,-1e+200,-1e+200,-1e+200,-1e+200,396089.0,1e+200,-1e+200,ref,prairie_island,minnesota,minnesota,-2198107998.31,626134.346828,-2198174736.78,-2197324414.49,-2198758105.18,-2198708928.09,-2197413634.67,4.0,392044220277.0,91,0.250005207258,0.00781266272682,0.25,1.17734560967e-13,0.125
1200.0,-185.0,-4652.0,-14.9,-1e+200,-1e+200,-1e+200,-1e+200,396089.0,1e+200,-1e+200,ref,prairie_island,minnesota,minnesota,-2209033030.39,648307.553122,-2208817949.19,-2208517524.73,-2209978698.45,-2209814280.54,-2208552893.91,4.0,420302683435.0,120,0.250005207258,0.00390633136341,0.125,1.17734560967e-13,0.125
1200.0,-985.0,-9678.0,-14.9,-1e+200,-1e+200,-1e+200,-1e+200,528119.0,1e+200,-1e+200,ref,prairie_island,minnesota,minnesota,-2257160928.7,881489.763837,-2257213046.73,-2256089355.42,-2258128265.91,-2258043120.65,-2256205771.49,4.0,777024203750.0,96,0.125002603629,0.00390633136341,0.25,1.17734560967e-13,0.125
1200.0,-185.0,-4652.0,-14.9,-1e+200,-1e+200,-1e+200,-1e+200,528119.0,1e+200,-1e+200,ref,prairie_island,minnesota,minnesota,-2267427823.9,1236846.33551,-2267569884.74,-2265788474.62,-2268783051.51,-2268617812.11,-2266038950.52,4.0,1529788857650.0,125,0.125002603629,0.00195316568171,0.125,1.17734560967e-13,0.125
1200.0,-385.0,-4652.0,-14.9,-1e+200,-1e+200,-1e+200,-1e+200,10.0,1e+200,-1e+200,ref,prairie_island,minnesota,minnesota,-2269015233.35,604000.263443,-2268994467.25,-2268329337.6,-2269742661.29,-2269662948.31,-2268396590.92,4.0,364816318240.0,104,0.124993135887,0.00390603549646,0.125,1.17734560967e-13,0.25
1200.0,-385.0,-4652.0,-14.9,-1e+200,-1e+200,-1e+200,-1e+200,132030.0,1e+200,-1e+200,ref,prairie_island,minnesota,minnesota,-2306661602.46,619517.54494,-2306586960.46,-2306129672.42,-2307342816.49,-2307295952.64,-2306131751.07,4.0,383801988488.0,109,0.249994792742,0.00781233727318,0.125,1.17734560967e-13,0.25
1200.0,-385.0,-4652.0,-14.9,-1e+200,-1e+200,-1e+200,-1e+200,264059.0,1e+200,-1e+200,ref,prairie_island,minnesota,minnesota,-2365515890.5,432659.85748,-2365679588.25,-2364875720.41,-2365828665.09,-2365808270.95,-2364994333.2,4.0,187194552275.0,114,0.250004260484,0.00781263314013,0.125,1.17734560967e-13,0.25
1200.0,-385.0,-4652.0,-14.9,-1e+200,-1e+200,-1e+200,-1e+200,396089.0,1e+200,-1e+200,ref,prairie_island,minnesota,minnesota,-2424087958.45,673171.155877,-2424210552.0,-2423236858.07,-2424693871.72,-2424673109.32,-2423331176.61,4.0,453159405105.0,119,0.250005207258,0.00781266272682,0.125,1.17734560967e-13,0.25
1200.0,-385.0,-4652.0,-14.9,-1e+200,-1e+200,-1e+200,-1e+200,528119.0,1e+200,-1e+200,ref,prairie_island,minnesota,minnesota,-2483339695.66,841655.913391,-2483476617.9,-2482347218.14,-2484058328.69,-2484052281.08,-2482435419.1,4.0,708384676546.0,124,0.125002603629,0.00390633136341,0.125,1.17734560967e-13,0.25
1200.0,-585.0,-4652.0,-14.9,-1e+200,-1e+200,-1e+200,-1e+200,10.0,1e+200,-1e+200,ref,prairie_island,minnesota,minnesota,-2499635263.34,595738.813347,-2499566319.83,-2498986033.18,-2500422380.54,-2500306590.39,-2499060457.22,4.0,354904733728.0,103,0.124993135887,0.00390603549646,0.125,1.17734560967e-13,0.25
1200.0,-585.0,-4652.0,-14.9,-1e+200,-1e+200,-1e+200,-1e+200,132030.0,1e+200,-1e+200,ref,prairie_island,minnesota,minnesota,-2528056727.23,544616.744077,-2527955922.63,-2527537174.09,-2528777889.57,-2528684498.46,-2527570082.44,4.0,296607397929.0,108,0.249994792742,0.00781233727318,0.125,1.17734560967e-13,0.25
1200.0,-585.0,-4652.0,-14.9,-1e+200,-1e+200,-1e+200,-1e+200,264059.0,1e+200,-1e+200,ref,prairie_island,minnesota,minnesota,-2586804687.46,1490781.71089,-2587039236.54,-2584778529.0,-2588361747.77,-2588180962.98,-2585100043.23,4.0,2222430109520.0,113,0.250004260484,0.00781263314013,0.125,1.17734560967e-13,0.25
1200.0,-585.0,-4652.0,-14.9,-1e+200,-1e+200,-1e+200,-1e+200,396089.0,1e+200,-1e+200,ref,prairie_island,minnesota,minnesota,-2646378775.15,589877.327555,-2646423175.0,-2645645495.82,-2647023254.8,-2646964504.51,-2645730886.01,4.0,347955261564.0,118,0.250005207258,0.00781266272682,0.125,1.17734560967e-13,0.25
1200.0,-585.0,-4652.0,-14.9,-1e+200,-1e+200,-1e+200,-1e+200,528119.0,1e+200,-1e+200,ref,prairie_island,minnesota,minnesota,-2706146177.74,1175699.48339,-2705892797.29,-2705042928.85,-2707756187.52,-2707525182.0,-2705121906.1,4.0,1382269275240.0,123,0.125002603629,0.00390633136341,0.125,1.17734560967e-13,0.25
1200.0,-785.0,-4652.0,-14.9,-1e+200,-1e+200,-1e+200,-1e+200,10.0,1e+200,-1e+200,ref,prairie_island,minnesota,minnesota,-2726691638.6,1046597.15967,-2726842473.11,-2725437363.49,-2727644244.69,-2727616440.93,-2725555667.96,4.0,1095365614630.0,102,0.124993135887,0.00390603549646,0.125,1.17734560967e-13,0.25
1200.0,-785.0,-4652.0,-14.9,-1e+200,-1e+200,-1e+200,-1e+200,132030.0,1e+200,-1e+200,ref,prairie_island,minnesota,minnesota,-2749793840.03,720484.073918,-2749728320.93,-2748982150.89,-2750736567.36,-2750588899.5,-2749090507.29,4.0,519097300769.0,107,0.249994792742,0.00781233727318,0.125,1.17734560967e-13,0.25
1200.0,-785.0,-4652.0,-14.9,-1e+200,-1e+200,-1e+200,-1e+200,264059.0,1e+200,-1e+200,ref,prairie_island,minnesota,minnesota,-2809415540.72,581740.886688,-2809455715.8,-2808735322.52,-2810015408.74,-2809977627.14,-2808797209.18,4.0,338422459244.0,112,0.250004260484,0.00781263314013,0.125,1.17734560967e-13,0.25
1200.0,-785.0,-4652.0,-14.9,-1e+200,-1e+200,-1e+200,-1e+200,396089.0,1e+200,-1e+200,ref,prairie_island,minnesota,minnesota,-2868681702.1,805077.672048,-2868813498.06,-2867652587.05,-2869447225.23,-2869406726.42,-2867772163.45,4.0,648150058031.0,117,0.250005207258,0.00781266272682,0.125,1.17734560967e-13,0.25
1200.0,-785.0,-4652.0,-14.9,-1e+200,-1e+200,-1e+200,-1e+200,528119.0,1e+200,-1e+200,ref,prairie_island,minnesota,minnesota,-2927834728.91,1390646.92368,-2927573156.11,-2926550021.94,-2929642581.49,-2929423781.53,-2926611878.22,4.0,1933898866340.0,122,0.125002603629,0.00390633136341,0.125,1.17734560967e-13,0.25
1200.0,-985.0,-4652.0,-14.9,-1e+200,-1e+200,-1e+200,-1e+200,10.0,1e+200,-1e+200,ref,prairie_island,minnesota,minnesota,-2950778630.89,1583458.83909,-2950846144.45,-2949061225.71,-2952361008.97,-2952285994.51,-2949176748.3,4.0,2507341895080.0,101,0.124993135887,0.00195301774823,0.125,1.17734560967e-13,0.125
1200.0,-985.0,-4652.0,-14.9,-1e+200,-1e+200,-1e+200,-1e+200,132030.0,1e+200,-1e+200,ref,prairie_island,minnesota,minnesota,-2970856379.17,831559.000714,-2970802026.8,-2969992940.65,-2971828522.44,-2971739757.06,-2970049094.61,4.0,691490371668.0,106,0.249994792742,0.00390616863659,0.125,1.17734560967e-13,0.125
1200.0,-985.0,-4652.0,-14.9,-1e+200,-1e+200,-1e+200,-1e+200,264059.0,1e+200,-1e+200,ref,prairie_island,minnesota,minnesota,-3030577024.2,532050.162501,-3030664626.87,-3029850690.16,-3031128152.9,-3031064011.16,-3029967393.5,4.0,283077375417.0,111,0.250004260484,0.00390631657006,0.125,1.17734560967e-13,0.125
1200.0,-985.0,-4652.0,-14.9,-1e+200,-1e+200,-1e+200,-1e+200,396089.0,1e+200,-1e+200,ref,prairie_island,minnesota,minnesota,-3090368716.73,645001.20443,-3090367140.1,-3089792617.22,-3090947969.51,-3090941667.84,-3089797972.91,4.0,416026553716.0,116,0.250005207258,0.00390633136341,0.125,1.17734560967e-13,0.125
1200.0,-985.0,-4652.0,-14.9,-1e+200,-1e+200,-1e+200,-1e+200,528119.0,1e+200,-1e+200,ref,prairie_island,minnesota,minnesota,-3149800430.84,404426.537492,-3149663044.47,-3149482233.87,-3150393400.55,-3150284734.93,-3149508467.67,4.0,163560824227.0,121,0.125002603629,0.00195316568171,0.125,1.17734560967e-13,0.125
1200.0,-985.0,-24756.0,-14.9,-1e+200,-1e+200,-1e+200,-1e+200,10.0,1e+200,-1e+200,ref,prairie_island,minnesota,minnesota,-179251432720.0,95572.0059656,-179251451311.0,-179251301028.0,-179251527229.0,-179251518056.0,-179251321356.0,4.0,9134008324.29,1,0.124993135887,0.00195301774823,0.125,1.17734560967e-13,0.125
1200.0,-785.0,-19730.0,-14.9,-1e+200,-1e+200,-1e+200,-1e+200,10.0,1e+200,-1e+200,ref,prairie_island,minnesota,minnesota,-179919722054.0,308411.276886,-179919703511.0,-179919429286.0,-179920051907.0,-179920031494.0,-179919438574.0,4.0,95117515710.7,27,0.124993135887,0.00781207099292,0.25,1.17734560967e-13,0.25
1200.0,-585.0,-14704.0,-14.9,-1e+200,-1e+200,-1e+200,-1e+200,10.0,1e+200,-1e+200,ref,prairie_island,minnesota,minnesota,-180581947172.0,179551.182975,-180581905342.0,-180581790471.0,-180582187531.0,-180582156271.0,-180581796634.0,4.0,32238627307.6,53,0.124993135887,0.00781207099292,0.25,1.17734560967e-13,0.25
1200.0,-385.0,-9678.0,-14.9,-1e+200,-1e+200,-1e+200,-1e+200,10.0,1e+200,-1e+200,ref,prairie_island,minnesota,minnesota,-181234552281.0,793376.077013,-181234337682.0,-181233898699.0,-181235635061.0,-181235487489.0,-181233917511.0,4.0,629445599577.0,79,0.124993135887,0.00781207099292,0.25,1.17734560967e-13,0.25
1200.0,-185.0,-4652.0,-14.9,-1e+200,-1e+200,-1e+200,-1e+200,10.0,1e+200,-1e+200,ref,prairie_island,minnesota,minnesota,-181872552882.0,580212.436465,-181872593937.0,-181871881705.0,-181873141950.0,-181873108248.0,-181871940040.0,4.0,336646471429.0,105,0.124993135887,0.00195301774823,0.125,1.17734560967e-13,0.125
1200.0,-785.0,-24756.0,-14.9,-1e+200,-1e+200,-1e+200,-1e+200,528119.0,1e+200,-1e+200,ref,prairie_island,minnesota,minnesota,-294245580586000.0,353340.392186,-294245580655000.0,-294245580104000.0,-294245580932000.0,-294245580902000.0,-294245580175000.0,4.0,124849432750.0,22,0.125002603629,0.00390633136341,0.125,1.17734560967e-13,0.25
1200.0,-585.0,-19730.0,-14.9,-1e+200,-1e+200,-1e+200,-1e+200,528119.0,1e+200,-1e+200,ref,prairie_island,minnesota,minnesota,-294246246920000.0,537509.029498,-294246246962000.0,-294246246363000.0,-294246247395000.0,-294246247390000.0,-294246246392000.0,4.0,288915956791.0,48,0.125002603629,0.00781266272682,0.25,1.17734560967e-13,0.25
1200.0,-385.0,-14704.0,-14.9,-1e+200,-1e+200,-1e+200,-1e+200,528119.0,1e+200,-1e+200,ref,prairie_island,minnesota,minnesota,-294246904903000.0,620490.05525,-294246904846000.0,-294246904212000.0,-294246905707000.0,-294246905595000.0,-294246904291000.0,4.0,385007908664.0,74,0.125002603629,0.00781266272682,0.25,1.17734560967e-13,0.25
1200.0,-185.0,-9678.0,-14.9,-1e+200,-1e+200,-1e+200,-1e+200,528119.0,1e+200,-1e+200,ref,prairie_island,minnesota,minnesota,-294247551751000.0,564065.269523,-294247551740000.0,-294247551133000.0,-294247552392000.0,-294247552337000.0,-294247551182000.0,4.0,318169628282.0,100,0.125002603629,0.00390633136341,0.25,1.17734560967e-13,0.125
1200.0,-785.0,-24756.0,-14.9,-1e+200,-1e+200,-1e+200,-1e+200,396089.0,1e+200,-1e+200,ref,prairie_island,minnesota,minnesota,-297431398692000.0,316956.491228,-297431398693000.0,-297431398342000.0,-297431399041000.0,-297431399014000.0,-297431398369000.0,4.0,100461417332.0,17,0.250005207258,0.00781266272682,0.125,1.17734560967e-13,0.25
1200.0,-585.0,-19730.0,-14.9,-1e+200,-1e+200,-1e+200,-1e+200,396089.0,1e+200,-1e+200,ref,prairie_island,minnesota,minnesota,-297432064032000.0,610985.037787,-297432064005000.0,-297432063415000.0,-297432064706000.0,-297432064657000.0,-297432063447000.0,4.0,373302716400.0,43,0.250005207258,0.0156253254536,0.25,1.17734560967e-13,0.25
1200.0,-385.0,-14704.0,-14.9,-1e+200,-1e+200,-1e+200,-1e+200,396089.0,1e+200,-1e+200,ref,prairie_island,minnesota,minnesota,-297432722605000.0,991818.812996,-297432722673000.0,-297432721395000.0,-297432723677000.0,-297432723587000.0,-297432721526000.0,4.0,983704557812.0,69,0.250005207258,0.0156253254536,0.25,1.17734560967e-13,0.25
1200.0,-185.0,-9678.0,-14.9,-1e+200,-1e+200,-1e+200,-1e+200,396089.0,1e+200,-1e+200,ref,prairie_island,minnesota,minnesota,-297433369728000.0,1015988.7854,-297433369530000.0,-297433368869000.0,-297433370984000.0,-297433370855000.0,-297433368879000.0,4.0,1032233212060.0,95,0.250005207258,0.00781266272682,0.25,1.17734560967e-13,0.125
1200.0,-785.0,-24756.0,-14.9,-1e+200,-1e+200,-1e+200,-1e+200,264059.0,1e+200,-1e+200,ref,prairie_island,minnesota,minnesota,-300617216563000.0,191735.687184,-300617216611000.0,-300617216290000.0,-300617216739000.0,-300617216721000.0,-300617216337000.0,4.0,36762573740.1,12,0.250004260484,0.00781263314013,0.125,1.17734560967e-13,0.25
1200.0,-585.0,-19730.0,-14.9,-1e+200,-1e+200,-1e+200,-1e+200,264059.0,1e+200,-1e+200,ref,prairie_island,minnesota,minnesota,-300617882663000.0,465178.137212,-300617882599000.0,-300617882189000.0,-300617883267000.0,-300617883191000.0,-300617882226000.0,4.0,216390699340.0,38,0.250004260484,0.0156252662803,0.25,1.17734560967e-13,0.25
1200.0,-385.0,-14704.0,-14.9,-1e+200,-1e+200,-1e+200,-1e+200,264059.0,1e+200,-1e+200,ref,prairie_island,minnesota,minnesota,-300618540337000.0,738002.478202,-300618540051000.0,-300618539830000.0,-300618541417000.0,-300618541235000.0,-300618539840000.0,4.0,544647657832.0,64,0.250004260484,0.0156252662803,0.25,1.17734560967e-13,0.25
1200.0,-185.0,-9678.0,-14.9,-1e+200,-1e+200,-1e+200,-1e+200,264059.0,1e+200,-1e+200,ref,prairie_island,minnesota,minnesota,-300619187647000.0,752427.374458,-300619187505000.0,-300619186892000.0,-300619188687000.0,-300619188519000.0,-300619186975000.0,4.0,566146953833.0,90,0.250004260484,0.00781263314013,0.25,1.17734560967e-13,0.125
1200.0,-785.0,-24756.0,-14.9,-1e+200,-1e+200,-1e+200,-1e+200,132030.0,1e+200,-1e+200,ref,prairie_island,minnesota,minnesota,-303803010166000.0,289626.83751,-303803010160000.0,-303803009858000.0,-303803010488000.0,-303803010463000.0,-303803009879000.0,4.0,83883705005.9,7,0.249994792742,0.00781233727318,0.125,1.17734560967e-13,0.25
1200.0,-585.0,-19730.0,-14.9,-1e+200,-1e+200,-1e+200,-1e+200,132030.0,1e+200,-1e+200,ref,prairie_island,minnesota,minnesota,-303803676185000.0,585401.778527,-303803676201000.0,-303803675489000.0,-303803676850000.0,-303803676786000.0,-303803675562000.0,4.0,342695242303.0,33,0.249994792742,0.0156246745464,0.25,1.17734560967e-13,0.25
1200.0,-385.0,-14704.0,-14.9,-1e+200,-1e+200,-1e+200,-1e+200,132030.0,1e+200,-1e+200,ref,prairie_island,minnesota,minnesota,-303804333257000.0,696837.407738,-303804333113000.0,-303804332596000.0,-303804334207000.0,-303804334072000.0,-303804332644000.0,4.0,485582372823.0,59,0.249994792742,0.0156246745464,0.25,1.17734560967e-13,0.25
1200.0,-185.0,-9678.0,-14.9,-1e+200,-1e+200,-1e+200,-1e+200,132030.0,1e+200,-1e+200,ref,prairie_island,minnesota,minnesota,-303804981549000.0,675750.850462,-303804981614000.0,-303804980665000.0,-303804982301000.0,-303804982211000.0,-303804980795000.0,4.0,456639211900.0,85,0.249994792742,0.00781233727318,0.25,1.17734560967e-13,0.125
1200.0,-785.0,-24756.0,-14.9,-1e+200,-1e+200,-1e+200,-1e+200,10.0,1e+200,-1e+200,ref,prairie_island,minnesota,minnesota,-306988587116000.0,326733.892447,-306988587041000.0,-306988586822000.0,-306988587560000.0,-306988587499000.0,-306988586838000.0,4.0,106755036473.0,2,0.124993135887,0.00390603549646,0.125,1.17734560967e-13,0.25
1200.0,-585.0,-19730.0,-14.9,-1e+200,-1e+200,-1e+200,-1e+200,10.0,1e+200,-1e+200,ref,prairie_island,minnesota,minnesota,-306989252104000.0,817093.271805,-306989252376000.0,-306989250926000.0,-306989252736000.0,-306989252710000.0,-306989251116000.0,4.0,667641414829.0,28,0.124993135887,0.00781207099292,0.25,1.17734560967e-13,0.25
1200.0,-385.0,-14704.0,-14.9,-1e+200,-1e+200,-1e+200,-1e+200,10.0,1e+200,-1e+200,ref,prairie_island,minnesota,minnesota,-306989911060000.0,520994.884867,-306989910903000.0,-306989910646000.0,-306989911789000.0,-306989911683000.0,-306989910658000.0,4.0,271435670058.0,54,0.124993135887,0.00781207099292,0.25,1.17734560967e-13,0.25
1200.0,-185.0,-9678.0,-14.9,-1e+200,-1e+200,-1e+200,-1e+200,10.0,1e+200,-1e+200,ref,prairie_island,minnesota,minnesota,-306990558309000.0,142324.514441,-306990558285000.0,-306990558190000.0,-306990558479000.0,-306990558463000.0,-306990558191000.0,4.0,20256267410.8,80,0.124993135887,0.00390603549646,0.25,1.17734560967e-13,0.125
1200.0,-585.0,-24756.0,-14.9,-1e+200,-1e+200,-1e+200,-1e+200,528119.0,1e+200,-1e+200,ref,prairie_island,minnesota,minnesota,-601054914449000.0,115438.041969,-601054914447000.0,-601054914325000.0,-601054914576000.0,-601054914566000.0,-601054914334000.0,4.0,13325941533.5,23,0.125002603629,0.00390633136341,0.125,1.17734560967e-13,0.25
1200.0,-385.0,-19730.0,-14.9,-1e+200,-1e+200,-1e+200,-1e+200,528119.0,1e+200,-1e+200,ref,prairie_island,minnesota,minnesota,-601055575765000.0,513577.172028,-601055575773000.0,-601055575170000.0,-601055576345000.0,-601055576293000.0,-601055575227000.0,4.0,263761511628.0,49,0.125002603629,0.00781266272682,0.25,1.17734560967e-13,0.25
1200.0,-185.0,-14704.0,-14.9,-1e+200,-1e+200,-1e+200,-1e+200,528119.0,1e+200,-1e+200,ref,prairie_island,minnesota,minnesota,-601056228345000.0,1153291.05144,-601056228475000.0,-601056227085000.0,-601056229345000.0,-601056229339000.0,-601056227169000.0,4.0,1330080249340.0,75,0.125002603629,0.00390633136341,0.25,1.17734560967e-13,0.125
1200.0,-585.0,-24756.0,-14.9,-1e+200,-1e+200,-1e+200,-1e+200,396089.0,1e+200,-1e+200,ref,prairie_island,minnesota,minnesota,-604240731915000.0,586621.249613,-604240732039000.0,-604240731164000.0,-604240732416000.0,-604240732405000.0,-604240731249000.0,4.0,344124490497.0,18,0.250005207258,0.00781266272682,0.125,1.17734560967e-13,0.25
1200.0,-385.0,-19730.0,-14.9,-1e+200,-1e+200,-1e+200,-1e+200,396089.0,1e+200,-1e+200,ref,prairie_island,minnesota,minnesota,-604241393712000.0,376486.462492,-604241393731000.0,-604241393249000.0,-604241394137000.0,-604241394094000.0,-604241393303000.0,4.0,141742056440.0,44,0.250005207258,0.0156253254536,0.25,1.17734560967e-13,0.25
1200.0,-185.0,-14704.0,-14.9,-1e+200,-1e+200,-1e+200,-1e+200,396089.0,1e+200,-1e+200,ref,prairie_island,minnesota,minnesota,-604242046476000.0,465973.735596,-604242046681000.0,-604242045780000.0,-604242046761000.0,-604242046753000.0,-604242045910000.0,4.0,217131522265.0,70,0.250005207258,0.00781266272682,0.25,1.17734560967e-13,0.125
1200.0,-585.0,-24756.0,-14.9,-1e+200,-1e+200,-1e+200,-1e+200,264059.0,1e+200,-1e+200,ref,prairie_island,minnesota,minnesota,-607426550026000.0,548219.463623,-607426549908000.0,-607426549501000.0,-607426550786000.0,-607426550670000.0,-607426549547000.0,4.0,300544580295.0,13,0.250004260484,0.00781263314013,0.125,1.17734560967e-13,0.25
1200.0,-385.0,-19730.0,-14.9,-1e+200,-1e+200,-1e+200,-1e+200,264059.0,1e+200,-1e+200,ref,prairie_island,minnesota,minnesota,-607427211311000.0,403684.272911,-607427211318000.0,-607427210904000.0,-607427211706000.0,-607427211691000.0,-607427210923000.0,4.0,162960992195.0,39,0.250004260484,0.0156252662803,0.25,1.17734560967e-13,0.25
1200.0,-185.0,-14704.0,-14.9,-1e+200,-1e+200,-1e+200,-1e+200,264059.0,1e+200,-1e+200,ref,prairie_island,minnesota,minnesota,-607427863977000.0,936976.843898,-607427864050000.0,-607427862832000.0,-607427864975000.0,-607427864896000.0,-607427862955000.0,4.0,877925606002.0,65,0.250004260484,0.00781263314013,0.25,1.17734560967e-13,0.125
1200.0,-585.0,-24756.0,-14.9,-1e+200,-1e+200,-1e+200,-1e+200,132030.0,1e+200,-1e+200,ref,prairie_island,minnesota,minnesota,-610612343579000.0,1085170.79273,-610612343318000.0,-610612342701000.0,-610612344981000.0,-610612344818000.0,-610612342707000.0,4.0,1177595649400.0,8,0.249994792742,0.00781233727318,0.125,1.17734560967e-13,0.25
1200.0,-385.0,-19730.0,-14.9,-1e+200,-1e+200,-1e+200,-1e+200,132030.0,1e+200,-1e+200,ref,prairie_island,minnesota,minnesota,-610613005605000.0,643831.903994,-610613005475000.0,-610613005016000.0,-610613006452000.0,-610613006346000.0,-610613005044000.0,4.0,414519520601.0,34,0.249994792742,0.0156246745464,0.25,1.17734560967e-13,0.25
1200.0,-185.0,-14704.0,-14.9,-1e+200,-1e+200,-1e+200,-1e+200,132030.0,1e+200,-1e+200,ref,prairie_island,minnesota,minnesota,-610613657554000.0,1105159.72322,-610613657734000.0,-610613656268000.0,-610613658483000.0,-610613658481000.0,-610613656377000.0,4.0,1221378013840.0,60,0.249994792742,0.00781233727318,0.25,1.17734560967e-13,0.125
1200.0,-585.0,-24756.0,-14.9,-1e+200,-1e+200,-1e+200,-1e+200,10.0,1e+200,-1e+200,ref,prairie_island,minnesota,minnesota,-613797920157000.0,237600.988636,-613797920059000.0,-613797920001000.0,-613797920511000.0,-613797920446000.0,-613797920007000.0,4.0,56454229800.9,3,0.124993135887,0.00390603549646,0.125,1.17734560967e-13,0.25
1200.0,-385.0,-19730.0,-14.9,-1e+200,-1e+200,-1e+200,-1e+200,10.0,1e+200,-1e+200,ref,prairie_island,minnesota,minnesota,-613798582298000.0,746469.810404,-613798582469000.0,-613798581335000.0,-613798582919000.0,-613798582910000.0,-613798581447000.0,4.0,557217177844.0,29,0.124993135887,0.00781207099292,0.25,1.17734560967e-13,0.25
1200.0,-185.0,-14704.0,-14.9,-1e+200,-1e+200,-1e+200,-1e+200,10.0,1e+200,-1e+200,ref,prairie_island,minnesota,minnesota,-613799234431000.0,833871.139392,-613799234541000.0,-613799233373000.0,-613799235267000.0,-613799235210000.0,-613799233496000.0,4.0,695341077111.0,55,0.124993135887,0.00390603549646,0.25,1.17734560967e-13,0.125
1200.0,-385.0,-24756.0,-14.9,-1e+200,-1e+200,-1e+200,-1e+200,528119.0,1e+200,-1e+200,ref,prairie_island,minnesota,minnesota,-907864242393000.0,455027.096954,-907864242405000.0,-907864241924000.0,-907864242837000.0,-907864242820000.0,-907864241948000.0,4.0,207049658962.0,24,0.125002603629,0.00390633136341,0.125,1.17734560967e-13,0.25
1200.0,-185.0,-19730.0,-14.9,-1e+200,-1e+200,-1e+200,-1e+200,528119.0,1e+200,-1e+200,ref,prairie_island,minnesota,minnesota,-907864897887000.0,432430.747284,-907864897803000.0,-907864897456000.0,-907864898487000.0,-907864898387000.0,-907864897505000.0,4.0,186996351196.0,50,0.125002603629,0.00390633136341,0.25,1.17734560967e-13,0.125
1200.0,-385.0,-24756.0,-14.9,-1e+200,-1e+200,-1e+200,-1e+200,396089.0,1e+200,-1e+200,ref,prairie_island,minnesota,minnesota,-911050061987000.0,222247.272456,-911050061931000.0,-911050061784000.0,-911050062301000.0,-911050062251000.0,-911050061801000.0,4.0,49393850114.3,19,0.250005207258,0.00781266272682,0.125,1.17734560967e-13,0.25
1200.0,-185.0,-19730.0,-14.9,-1e+200,-1e+200,-1e+200,-1e+200,396089.0,1e+200,-1e+200,ref,prairie_island,minnesota,minnesota,-911050717607000.0,1067752.60176,-911050717280000.0,-911050716721000.0,-911050719146000.0,-911050718890000.0,-911050716780000.0,4.0,1140095618570.0,45,0.250005207258,0.00781266272682,0.25,1.17734560967e-13,0.125
1200.0,-385.0,-24756.0,-14.9,-1e+200,-1e+200,-1e+200,-1e+200,264059.0,1e+200,-1e+200,ref,prairie_island,minnesota,minnesota,-914235878279000.0,420556.517649,-914235878474000.0,-914235877649000.0,-914235878519000.0,-914235878514000.0,-914235877771000.0,4.0,176867784537.0,14,0.250004260484,0.00781263314013,0.125,1.17734560967e-13,0.25
1200.0,-185.0,-19730.0,-14.9,-1e+200,-1e+200,-1e+200,-1e+200,264059.0,1e+200,-1e+200,ref,prairie_island,minnesota,minnesota,-914236534872000.0,889581.475982,-914236534515000.0,-914236534275000.0,-914236536183000.0,-914236535955000.0,-914236534289000.0,4.0,791355202411.0,40,0.250004260484,0.00781263314013,0.25,1.17734560967e-13,0.125
1200.0,-385.0,-24756.0,-14.9,-1e+200,-1e+200,-1e+200,-1e+200,132030.0,1e+200,-1e+200,ref,prairie_island,minnesota,minnesota,-917421671736000.0,306018.063595,-917421671651000.0,-917421671493000.0,-917421672147000.0,-917421672094000.0,-917421671496000.0,4.0,93647055246.5,9,0.249994792742,0.00781233727318,0.125,1.17734560967e-13,0.25
1200.0,-185.0,-19730.0,-14.9,-1e+200,-1e+200,-1e+200,-1e+200,132030.0,1e+200,-1e+200,ref,prairie_island,minnesota,minnesota,-917422328207000.0,610383.65053,-917422328042000.0,-917422327681000.0,-917422329065000.0,-917422328935000.0,-917422327712000.0,4.0,372568200835.0,35,0.249994792742,0.00781233727318,0.25,1.17734560967e-13,0.125
1200.0,-385.0,-24756.0,-14.9,-1e+200,-1e+200,-1e+200,-1e+200,10.0,1e+200,-1e+200,ref,prairie_island,minnesota,minnesota,-920607250091000.0,223981.813285,-920607250128000.0,-920607249818000.0,-920607250293000.0,-920607250287000.0,-920607249845000.0,4.0,50167852682.4,4,0.124993135887,0.00390603549646,0.125,1.17734560967e-13,0.25
1200.0,-185.0,-19730.0,-14.9,-1e+200,-1e+200,-1e+200,-1e+200,10.0,1e+200,-1e+200,ref,prairie_island,minnesota,minnesota,-920607905735000.0,605912.311245,-920607905564000.0,-920607905266000.0,-920607906547000.0,-920607906443000.0,-920607905268000.0,4.0,367129728918.0,30,0.124993135887,0.00390603549646,0.25,1.17734560967e-13,0.125
1200.0,-185.0,-24756.0,-14.9,-1e+200,-1e+200,-1e+200,-1e+200,528119.0,1e+200,-1e+200,ref,prairie_island,minnesota,minnesota,-1214673566630000.0,675048.803332,-1214673566550000.0,-1214673565890000.0,-1214673567520000.0,-1214673567390000.0,-1214673565980000.0,4.0,455690886879.0,25,0.125002603629,0.00195316568171,0.125,1.17734560967e-13,0.125
1200.0,-185.0,-24756.0,-14.9,-1e+200,-1e+200,-1e+200,-1e+200,396089.0,1e+200,-1e+200,ref,prairie_island,minnesota,minnesota,-1217859384900000.0,636722.165836,-1217859384880000.0,-1217859384260000.0,-1217859385570000.0,-1217859385530000.0,-1217859384290000.0,4.0,405415116467.0,20,0.250005207258,0.00390633136341,0.125,1.17734560967e-13,0.125
1200.0,-185.0,-24756.0,-14.9,-1e+200,-1e+200,-1e+200,-1e+200,264059.0,1e+200,-1e+200,ref,prairie_island,minnesota,minnesota,-1221045201050000.0,693895.859516,-1221045201230000.0,-1221045200070000.0,-1221045201660000.0,-1221045201620000.0,-1221045200220000.0,4.0,481491463854.0,15,0.250004260484,0.00390631657006,0.125,1.17734560967e-13,0.125
1200.0,-185.0,-24756.0,-14.9,-1e+200,-1e+200,-1e+200,-1e+200,132030.0,1e+200,-1e+200,ref,prairie_island,minnesota,minnesota,-1224230995220000.0,1170227.68549,-1224230994810000.0,-1224230994330000.0,-1224230996940000.0,-1224230996630000.0,-1224230994390000.0,4.0,1369432835880.0,10,0.249994792742,0.00390616863659,0.125,1.17734560967e-13,0.125
1200.0,-185.0,-24756.0,-14.9,-1e+200,-1e+200,-1e+200,-1e+200,10.0,1e+200,-1e+200,ref,prairie_island,minnesota,minnesota,-1227416572890000.0,666575.310452,-1227416573150000.0,-1227416571900000.0,-1227416573340000.0,-1227416573320000.0,-1227416572080000.0,4.0,444322644504.0,5,0.124993135887,0.00195301774823,0.125,1.17734560967e-13,0.125
