smr_capacity,htse_capacity,ft_capacity,ft_elec_consumption_capacity,electricity_market_capacity,naphtha_market_capacity,jet_fuel_market_capacity,diesel_market_capacity,h2_storage_capacity,h2_import_capacity,h2_export_capacity,scenario_label,location_label,fuel_region_label,co2_location_label,mean_NPV,std_NPV,med_NPV,max_NPV,min_NPV,perc_5_NPV,perc_95_NPV,samp_NPV,var_NPV,ProbabilityWeight-ft_capacity,PointProbability,ProbabilityWeight,prefix,ProbabilityWeight-h2_storage_capacity,ProbabilityWeight-htse_capacity
720.0,-154.0,-17719.0,-14.9,-1e+200,-1e+200,-1e+200,-1e+200,3969093.0,1e+200,-1e+200,ref,south_texas_project,west_south_central,texas,-506044383.773,48898703.4664,-504999692.72,-454821805.418,-626612129.596,-579179490.547,-457820630.757,10.0,2391083200700000.0,0.124990974078,2.4762864257000002e-14,0.00391306346567,20,0.250000425161,0.125226860254
720.0,-292.0,-17719.0,-14.9,-1e+200,-1e+200,-1e+200,-1e+200,2646062.0,1e+200,-1e+200,ref,south_texas_project,west_south_central,texas,-571468137.457,25695184.3878,-565759565.194,-537673512.395,-616779477.127,-611401686.353,-541374895.339,10.0,660242500725000.0,0.124990974078,2.4762864257000002e-14,0.007826129889,14,0.250000519641,0.250453720508
720.0,-430.0,-17719.0,-14.9,-1e+200,-1e+200,-1e+200,-1e+200,2646062.0,1e+200,-1e+200,ref,south_texas_project,west_south_central,texas,-610745370.776,33215364.7937,-619094746.391,-569313209.838,-660671578.987,-649968831.87,-569925907.852,10.0,1103260458380000.0,0.124990974078,2.4762864257000002e-14,0.00779777434592,13,0.250000519641,0.249546279492
720.0,-567.0,-17719.0,-14.9,-1e+200,-1e+200,-1e+200,-1e+200,1323031.0,1e+200,-1e+200,ref,south_texas_project,west_south_central,texas,-644188621.654,13830319.624,-644113287.34,-625943246.224,-665180654.847,-664400210.528,-626952946.204,10.0,191277740902000.0,0.124990974078,2.4762864257000002e-14,0.00779774487657,7,0.249999574839,0.249546279492
720.0,-292.0,-17719.0,-14.9,-1e+200,-1e+200,-1e+200,-1e+200,3969093.0,1e+200,-1e+200,ref,south_texas_project,west_south_central,texas,-650053717.349,42730017.9653,-661576708.931,-581065758.477,-701604107.31,-700823477.56,-582766478.245,10.0,1825854435320000.0,0.124990974078,2.4762864257000002e-14,0.00782612693135,19,0.250000425161,0.250453720508
720.0,-705.0,-17719.0,-14.9,-1e+200,-1e+200,-1e+200,-1e+200,1323031.0,1e+200,-1e+200,ref,south_texas_project,west_south_central,texas,-683962203.849,10858380.8595,-682472523.488,-671125388.677,-706285098.671,-700820306.213,-671975649.379,10.0,117904434891000.0,0.124990974078,2.4762864257000002e-14,0.00391305015624,6,0.249999574839,0.125226860254
720.0,-567.0,-17719.0,-14.9,-1e+200,-1e+200,-1e+200,-1e+200,2646062.0,1e+200,-1e+200,ref,south_texas_project,west_south_central,texas,-724047553.298,33807853.32,-733973369.145,-655662263.516,-762228642.336,-758334157.806,-663711575.289,10.0,1142970946100000.0,0.124990974078,2.4762864257000002e-14,0.00779777434592,12,0.250000519641,0.249546279492
720.0,-430.0,-17719.0,-14.9,-1e+200,-1e+200,-1e+200,-1e+200,3969093.0,1e+200,-1e+200,ref,south_texas_project,west_south_central,texas,-792616188.25,34816318.5411,-785220564.125,-749519862.802,-847416108.664,-847320282.706,-750489363.042,10.0,1212176036760000.0,0.124990974078,2.4762864257000002e-14,0.00779777139899,18,0.250000425161,0.249546279492
720.0,-154.0,-14257.0,-14.9,-1e+200,-1e+200,-1e+200,-1e+200,2646062.0,1e+200,-1e+200,ref,south_texas_project,west_south_central,texas,-813035189.942,37379382.0975,-810130049.395,-759104601.105,-872379288.105,-863181663.24,-764195427.581,10.0,1397218205990000.0,0.250018051845,2.4762864257000002e-14,0.00782726017928,40,0.250000519641,0.125226860254
720.0,-705.0,-17719.0,-14.9,-1e+200,-1e+200,-1e+200,-1e+200,2646062.0,1e+200,-1e+200,ref,south_texas_project,west_south_central,texas,-831971328.493,40598653.6761,-833179248.698,-749251706.989,-889738775.637,-881211175.633,-772667057.983,10.0,1648250680310000.0,0.124990974078,2.4762864257000002e-14,0.0039130649445,11,0.250000519641,0.125226860254
720.0,-292.0,-14257.0,-14.9,-1e+200,-1e+200,-1e+200,-1e+200,2646062.0,1e+200,-1e+200,ref,south_texas_project,west_south_central,texas,-885882721.234,52046417.9254,-885604153.846,-821787623.617,-977526895.002,-960372385.18,-822356644.307,10.0,2708829618860000.0,0.250018051845,2.4762864257000002e-14,0.0156545203586,39,0.250000519641,0.250453720508
720.0,-567.0,-17719.0,-14.9,-1e+200,-1e+200,-1e+200,-1e+200,3969093.0,1e+200,-1e+200,ref,south_texas_project,west_south_central,texas,-910588435.801,50771806.4822,-927020948.418,-844632196.524,-978029505.763,-969352699.317,-846165010.379,10.0,2577776333470000.0,0.124990974078,2.4762864257000002e-14,0.00779777139899,17,0.250000425161,0.249546279492
720.0,-430.0,-14257.0,-14.9,-1e+200,-1e+200,-1e+200,-1e+200,1323031.0,1e+200,-1e+200,ref,south_texas_project,west_south_central,texas,-922130004.427,22331928.4122,-931502327.599,-876669279.828,-940883989.807,-940793648.811,-884022680.013,10.0,498715026607000.0,0.250018051845,2.4762864257000002e-14,0.0155977421347,33,0.249999574839,0.249546279492
720.0,-567.0,-14257.0,-14.9,-1e+200,-1e+200,-1e+200,-1e+200,1323031.0,1e+200,-1e+200,ref,south_texas_project,west_south_central,texas,-965089630.057,16679158.7951,-966819105.204,-935636730.593,-993466754.336,-985706539.462,-939996968.141,10.0,278194338112000.0,0.250018051845,2.4762864257000002e-14,0.0155977421347,32,0.249999574839,0.249546279492
720.0,-154.0,-17719.0,-14.9,-1e+200,-1e+200,-1e+200,-1e+200,5292123.0,1e+200,-1e+200,ref,south_texas_project,west_south_central,texas,-987862106.591,48930510.6074,-987835315.555,-902262350.019,-1071843268.72,-1058086138.87,-923369342.294,10.0,2394194868300000.0,0.124990974078,2.4762864257000002e-14,0.00195653099342,25,0.12500016534,0.125226860254
720.0,-430.0,-14257.0,-14.9,-1e+200,-1e+200,-1e+200,-1e+200,2646062.0,1e+200,-1e+200,ref,south_texas_project,west_south_central,texas,-1032823845.9,24825410.1866,-1037551817.23,-991896152.158,-1074946929.14,-1067948918.14,-999410360.555,10.0,616300990934000.0,0.250018051845,2.4762864257000002e-14,0.0155978010819,38,0.250000519641,0.249546279492
720.0,-705.0,-17719.0,-14.9,-1e+200,-1e+200,-1e+200,-1e+200,3969093.0,1e+200,-1e+200,ref,south_texas_project,west_south_central,texas,-1047629706.39,49768447.0196,-1061658392.28,-954362112.033,-1129269709.06,-1107299924.62,-975248784.328,10.0,2476898318740000.0,0.124990974078,2.4762864257000002e-14,0.00391306346567,16,0.250000425161,0.125226860254
720.0,-154.0,-14257.0,-14.9,-1e+200,-1e+200,-1e+200,-1e+200,3969093.0,1e+200,-1e+200,ref,south_texas_project,west_south_central,texas,-1082387629.61,53619569.7338,-1059680169.76,-1031898535.68,-1166189357.35,-1159595408.68,-1032310180.71,10.0,2875058258440000.0,0.250018051845,2.4762864257000002e-14,0.0078272572212,45,0.250000425161,0.125226860254
720.0,-705.0,-14257.0,-14.9,-1e+200,-1e+200,-1e+200,-1e+200,1323031.0,1e+200,-1e+200,ref,south_texas_project,west_south_central,texas,-1091418032.59,18419040.5043,-1098318458.57,-1053849329.27,-1110219444.46,-1108133330.91,-1061090331.71,10.0,339261053098000.0,0.250018051845,2.4762864257000002e-14,0.00782723059849,31,0.249999574839,0.125226860254
720.0,-292.0,-17719.0,-14.9,-1e+200,-1e+200,-1e+200,-1e+200,5292123.0,1e+200,-1e+200,ref,south_texas_project,west_south_central,texas,-1125847072.14,35470603.9468,-1134492649.35,-1074303942.46,-1167274018.93,-1165608783.21,-1077400631.68,10.0,1258163744350000.0,0.124990974078,2.4762864257000002e-14,0.00391306198685,24,0.12500016534,0.250453720508
720.0,-292.0,-10794.0,-14.9,-1e+200,-1e+200,-1e+200,-1e+200,1323031.0,1e+200,-1e+200,ref,south_texas_project,west_south_central,texas,-1133441433.4,31623011.5369,-1132164166.79,-1081944943.94,-1175213983.57,-1173399826.26,-1086783491.92,10.0,1000014858660000.0,0.250018051845,2.4762864257000002e-14,0.015654461197,59,0.249999574839,0.250453720508
720.0,-705.0,-14257.0,-14.9,-1e+200,-1e+200,-1e+200,-1e+200,10.0,1e+200,-1e+200,ref,south_texas_project,west_south_central,texas,-1139981891.26,7225306.83047,-1138765297.12,-1129428053.74,-1154235275.52,-1150319633.35,-1131156917.9,10.0,52205058794500.0,0.250018051845,2.4762864257000002e-14,0.00391360050885,26,0.124999315018,0.125226860254
720.0,-567.0,-14257.0,-14.9,-1e+200,-1e+200,-1e+200,-1e+200,2646062.0,1e+200,-1e+200,ref,south_texas_project,west_south_central,texas,-1154663464.26,23691918.8637,-1156764479.5,-1104333209.81,-1192272993.9,-1182215195.56,-1117065770.92,10.0,561307019443000.0,0.250018051845,2.4762864257000002e-14,0.0155978010819,37,0.250000519641,0.249546279492
720.0,-154.0,-10794.0,-14.9,-1e+200,-1e+200,-1e+200,-1e+200,2646062.0,1e+200,-1e+200,ref,south_texas_project,west_south_central,texas,-1202757103.38,33530696.9239,-1205550375.02,-1147648704.87,-1257054233.77,-1244557890.23,-1158042862.71,10.0,1124307636200000.0,0.250018051845,2.4762864257000002e-14,0.00782726017928,65,0.250000519641,0.125226860254
720.0,-292.0,-14257.0,-14.9,-1e+200,-1e+200,-1e+200,-1e+200,3969093.0,1e+200,-1e+200,ref,south_texas_project,west_south_central,texas,-1211561206.71,29203182.7056,-1204155642.19,-1165677900.11,-1270160445.27,-1258940313.26,-1177821670.38,10.0,852825880138000.0,0.250018051845,2.4762864257000002e-14,0.0156545144424,44,0.250000425161,0.250453720508
720.0,-430.0,-10794.0,-14.9,-1e+200,-1e+200,-1e+200,-1e+200,10.0,1e+200,-1e+200,ref,south_texas_project,west_south_central,texas,-1253817118.25,17208545.6847,-1252699147.25,-1230659500.84,-1289042302.66,-1281674320.92,-1233195763.43,10.0,296134044582000.0,0.250018051845,2.4762864257000002e-14,0.00779884159372,53,0.124999315018,0.249546279492
720.0,-430.0,-10794.0,-14.9,-1e+200,-1e+200,-1e+200,-1e+200,1323031.0,1e+200,-1e+200,ref,south_texas_project,west_south_central,texas,-1263827739.33,28649514.1062,-1265181445.08,-1211465030.81,-1307728319.99,-1300986890.12,-1219247841.45,10.0,820794658523000.0,0.250018051845,2.4762864257000002e-14,0.0155977421347,58,0.249999574839,0.249546279492
720.0,-430.0,-17719.0,-14.9,-1e+200,-1e+200,-1e+200,-1e+200,5292123.0,1e+200,-1e+200,ref,south_texas_project,west_south_central,texas,-1284147471.25,65715559.9495,-1290197968.98,-1139754139.58,-1388222305.26,-1360653513.61,-1181851745.29,10.0,4318534819470000.0,0.124990974078,2.4762864257000002e-14,0.00389888422603,23,0.12500016534,0.249546279492
720.0,-705.0,-14257.0,-14.9,-1e+200,-1e+200,-1e+200,-1e+200,2646062.0,1e+200,-1e+200,ref,south_texas_project,west_south_central,texas,-1292126707.08,34510564.7257,-1290609291.83,-1248859152.55,-1336903958.39,-1335727889.3,-1250043714.2,10.0,1190979077690000.0,0.250018051845,2.4762864257000002e-14,0.00782726017928,36,0.250000519641,0.125226860254
720.0,-292.0,-10794.0,-14.9,-1e+200,-1e+200,-1e+200,-1e+200,2646062.0,1e+200,-1e+200,ref,south_texas_project,west_south_central,texas,-1357553453.42,39839652.25,-1356324669.79,-1309254155.28,-1432243396.01,-1416334645.52,-1312695921.29,10.0,1587197891400000.0,0.250018051845,2.4762864257000002e-14,0.0156545203586,64,0.250000519641,0.250453720508
720.0,-567.0,-10794.0,-14.9,-1e+200,-1e+200,-1e+200,-1e+200,1323031.0,1e+200,-1e+200,ref,south_texas_project,west_south_central,texas,-1384228228.05,38464830.6866,-1382051236.1,-1323611910.01,-1438260214.5,-1436551678.02,-1329056910.66,10.0,1479543199750000.0,0.250018051845,2.4762864257000002e-14,0.0155977421347,57,0.249999574839,0.249546279492
720.0,-567.0,-10794.0,-14.9,-1e+200,-1e+200,-1e+200,-1e+200,10.0,1e+200,-1e+200,ref,south_texas_project,west_south_central,texas,-1392314126.72,12117835.4239,-1390755462.65,-1377520050.85,-1417466281.12,-1410913290.74,-1378529900.2,10.0,146841935362000.0,0.250018051845,2.4762864257000002e-14,0.00779884159372,52,0.124999315018,0.249546279492
720.0,-430.0,-14257.0,-14.9,-1e+200,-1e+200,-1e+200,-1e+200,3969093.0,1e+200,-1e+200,ref,south_texas_project,west_south_central,texas,-1399076069.25,41435641.2019,-1401373794.62,-1320306105.72,-1457788731.8,-1454258909.09,-1341385283.31,10.0,1716912361810000.0,0.250018051845,2.4762864257000002e-14,0.0155977951872,43,0.250000425161,0.249546279492
720.0,-567.0,-17719.0,-14.9,-1e+200,-1e+200,-1e+200,-1e+200,5292123.0,1e+200,-1e+200,ref,south_texas_project,west_south_central,texas,-1429225147.33,33799836.1126,-1431460515.4,-1364242359.23,-1479667928.45,-1474627192.75,-1382590607.15,10.0,1142428921240000.0,0.124990974078,2.4762864257000002e-14,0.00389888422603,22,0.12500016534,0.249546279492
720.0,-154.0,-7332.0,-14.9,-1e+200,-1e+200,-1e+200,-1e+200,1323031.0,1e+200,-1e+200,ref,south_texas_project,west_south_central,texas,-1429297318.81,28397655.9147,-1440331332.4,-1371437681.54,-1464415105.93,-1460798274.56,-1386951144.63,10.0,806426861449000.0,0.249981948155,2.4762864257000002e-14,0.00782610031248,85,0.249999574839,0.125226860254
720.0,-430.0,-10794.0,-14.9,-1e+200,-1e+200,-1e+200,-1e+200,2646062.0,1e+200,-1e+200,ref,south_texas_project,west_south_central,texas,-1476955706.62,53241274.3094,-1478500195.51,-1395017959.4,-1549266213.14,-1546552598.38,-1402135493.44,10.0,2834633290090000.0,0.250018051845,2.4762864257000002e-14,0.0155978010819,63,0.250000519641,0.249546279492
720.0,-292.0,-7332.0,-14.9,-1e+200,-1e+200,-1e+200,-1e+200,10.0,1e+200,-1e+200,ref,south_texas_project,west_south_central,texas,-1496559911.79,24449012.9332,-1487766204.84,-1466635232.27,-1536933582.78,-1533272002.65,-1469401313.95,10.0,597754233409000.0,0.249981948155,2.4762864257000002e-14,0.00782607073597,79,0.124999315018,0.250453720508
720.0,-567.0,-14257.0,-14.9,-1e+200,-1e+200,-1e+200,-1e+200,3969093.0,1e+200,-1e+200,ref,south_texas_project,west_south_central,texas,-1497649042.44,43687460.1106,-1478620627.66,-1453613679.75,-1579011143.12,-1569263605.86,-1456621928.66,10.0,1908594170910000.0,0.250018051845,2.4762864257000002e-14,0.0155977951872,42,0.250000425161,0.249546279492
720.0,-705.0,-10794.0,-14.9,-1e+200,-1e+200,-1e+200,-1e+200,1323031.0,1e+200,-1e+200,ref,south_texas_project,west_south_central,texas,-1514095608.47,26413602.9661,-1508945540.24,-1476728865.26,-1564474640.56,-1552691497.08,-1483652869.61,10.0,697678421651000.0,0.250018051845,2.4762864257000002e-14,0.00782723059849,56,0.249999574839,0.125226860254
720.0,-705.0,-17719.0,-14.9,-1e+200,-1e+200,-1e+200,-1e+200,5292123.0,1e+200,-1e+200,ref,south_texas_project,west_south_central,texas,-1518394583.4,36049536.5385,-1525153435.4,-1452745532.54,-1563251006.09,-1556256274.72,-1456200020.41,10.0,1299569084640000.0,0.124990974078,2.4762864257000002e-14,0.00195653099342,21,0.12500016534,0.125226860254
720.0,-705.0,-10794.0,-14.9,-1e+200,-1e+200,-1e+200,-1e+200,10.0,1e+200,-1e+200,ref,south_texas_project,west_south_central,texas,-1526246603.82,16170716.1694,-1524312580.34,-1505326322.71,-1555301304.61,-1553384080.61,-1507866628.1,10.0,261492061431000.0,0.250018051845,2.4762864257000002e-14,0.00391360050885,51,0.124999315018,0.125226860254
720.0,-292.0,-7332.0,-14.9,-1e+200,-1e+200,-1e+200,-1e+200,1323031.0,1e+200,-1e+200,ref,south_texas_project,west_south_central,texas,-1565537415.11,42156721.7226,-1557757018.64,-1513602189.08,-1634022517.23,-1626324202.87,-1516525589.35,10.0,1777189186400000.0,0.249981948155,2.4762864257000002e-14,0.015652200625,84,0.249999574839,0.250453720508
720.0,-567.0,-10794.0,-14.9,-1e+200,-1e+200,-1e+200,-1e+200,2646062.0,1e+200,-1e+200,ref,south_texas_project,west_south_central,texas,-1637106007.98,38653290.7179,-1634221748.96,-1578135860.52,-1688140264.69,-1685033037.87,-1579682609.81,10.0,1494076883330000.0,0.250018051845,2.4762864257000002e-14,0.0155978010819,62,0.250000519641,0.249546279492
720.0,-430.0,-7332.0,-14.9,-1e+200,-1e+200,-1e+200,-1e+200,10.0,1e+200,-1e+200,ref,south_texas_project,west_south_central,texas,-1643000127.54,13812662.5554,-1643482057.28,-1616813988.33,-1671637211.4,-1662384352.6,-1624962879.63,10.0,190789646870000.0,0.249981948155,2.4762864257000002e-14,0.00779771540721,78,0.124999315018,0.249546279492
720.0,-705.0,-14257.0,-14.9,-1e+200,-1e+200,-1e+200,-1e+200,3969093.0,1e+200,-1e+200,ref,south_texas_project,west_south_central,texas,-1645746406.44,38489319.624,-1645271356.22,-1586713633.32,-1719558570.99,-1702634103.93,-1593214090.96,10.0,1481427725120000.0,0.250018051845,2.4762864257000002e-14,0.0078272572212,41,0.250000425161,0.125226860254
720.0,-154.0,-14257.0,-14.9,-1e+200,-1e+200,-1e+200,-1e+200,5292123.0,1e+200,-1e+200,ref,south_texas_project,west_south_central,texas,-1685455452.82,31957260.9017,-1694606272.82,-1619471905.15,-1724465698.99,-1720803153.12,-1635398782.6,10.0,1021266524340000.0,0.250018051845,2.4762864257000002e-14,0.00391362713156,50,0.12500016534,0.125226860254
720.0,-430.0,-7332.0,-14.9,-1e+200,-1e+200,-1e+200,-1e+200,1323031.0,1e+200,-1e+200,ref,south_texas_project,west_south_central,texas,-1695359141.29,31943573.9592,-1703859084.17,-1646929469.27,-1750623026.18,-1733659913.09,-1648421151.87,10.0,1020391917290000.0,0.249981948155,2.4762864257000002e-14,0.0155954897531,83,0.249999574839,0.249546279492
720.0,-154.0,-3870.0,-14.9,-1e+200,-1e+200,-1e+200,-1e+200,10.0,1e+200,-1e+200,ref,south_texas_project,west_south_central,texas,-1718575480.04,21844710.9756,-1718355642.29,-1675338344.16,-1753034490.71,-1746632527.35,-1685507731.62,10.0,477191397608000.0,0.124990974078,2.4762864257000002e-14,0.00195651768399,105,0.124999315018,0.125226860254
720.0,-705.0,-10794.0,-14.9,-1e+200,-1e+200,-1e+200,-1e+200,2646062.0,1e+200,-1e+200,ref,south_texas_project,west_south_central,texas,-1747531862.02,40864875.0328,-1735492957.08,-1702824802.18,-1812455646.65,-1807585332.33,-1707053348.96,10.0,1669938011450000.0,0.250018051845,2.4762864257000002e-14,0.00782726017928,61,0.250000519641,0.125226860254
720.0,-154.0,-10794.0,-14.9,-1e+200,-1e+200,-1e+200,-1e+200,3969093.0,1e+200,-1e+200,ref,south_texas_project,west_south_central,texas,-1786111562.76,47321779.1869,-1784874179.28,-1687534947.56,-1847513615.69,-1845065648.67,-1711093994.61,10.0,2239350785420000.0,0.250018051845,2.4762864257000002e-14,0.0078272572212,70,0.250000425161,0.125226860254
720.0,-567.0,-7332.0,-14.9,-1e+200,-1e+200,-1e+200,-1e+200,10.0,1e+200,-1e+200,ref,south_texas_project,west_south_central,texas,-1791373083.68,19165723.1964,-1789038396.77,-1759782674.84,-1817204037.15,-1816183627.02,-1765075581.87,10.0,367324945641000.0,0.249981948155,2.4762864257000002e-14,0.00779771540721,77,0.124999315018,0.249546279492
720.0,-292.0,-14257.0,-14.9,-1e+200,-1e+200,-1e+200,-1e+200,5292123.0,1e+200,-1e+200,ref,south_texas_project,west_south_central,texas,-1836107122.04,45862790.0108,-1834039026.36,-1766157693.74,-1911686398.89,-1908220210.33,-1772808218.64,10.0,2103395507580000.0,0.250018051845,2.4762864257000002e-14,0.00782725426312,49,0.12500016534,0.250453720508
720.0,-567.0,-7332.0,-14.9,-1e+200,-1e+200,-1e+200,-1e+200,1323031.0,1e+200,-1e+200,ref,south_texas_project,west_south_central,texas,-1863352529.5,21398211.1607,-1865995809.27,-1822912035.62,-1893882337.99,-1891225133.05,-1829817287.15,10.0,457883440879000.0,0.249981948155,2.4762864257000002e-14,0.0155954897531,82,0.249999574839,0.249546279492
720.0,-292.0,-3870.0,-14.9,-1e+200,-1e+200,-1e+200,-1e+200,10.0,1e+200,-1e+200,ref,south_texas_project,west_south_central,texas,-1868558558.85,31034725.1742,-1864806888.36,-1828608902.7,-1914949696.29,-1909745230.87,-1829423107.1,10.0,963154166637000.0,0.124990974078,2.4762864257000002e-14,0.00391303536798,104,0.124999315018,0.250453720508
720.0,-154.0,-7332.0,-14.9,-1e+200,-1e+200,-1e+200,-1e+200,2646062.0,1e+200,-1e+200,ref,south_texas_project,west_south_central,texas,-1904807819.33,42569756.8488,-1905579314.45,-1828296511.37,-1973554512.18,-1960782340.87,-1842866922.1,10.0,1812184198170000.0,0.249981948155,2.4762864257000002e-14,0.007826129889,90,0.250000519641,0.125226860254
720.0,-705.0,-7332.0,-14.9,-1e+200,-1e+200,-1e+200,-1e+200,10.0,1e+200,-1e+200,ref,south_texas_project,west_south_central,texas,-1908226605.36,31196749.0059,-1912681683.32,-1862544420.6,-1949876984.42,-1945837564.35,-1866336143.07,10.0,973237148538000.0,0.249981948155,2.4762864257000002e-14,0.00391303536798,76,0.124999315018,0.125226860254
720.0,-292.0,-10794.0,-14.9,-1e+200,-1e+200,-1e+200,-1e+200,3969093.0,1e+200,-1e+200,ref,south_texas_project,west_south_central,texas,-1964342709.42,43660458.4672,-1959994055.61,-1893349531.88,-2012705658.75,-2011985455.85,-1896681968.88,10.0,1906235633570000.0,0.250018051845,2.4762864257000002e-14,0.0156545144424,69,0.250000425161,0.250453720508
720.0,-705.0,-7332.0,-14.9,-1e+200,-1e+200,-1e+200,-1e+200,1323031.0,1e+200,-1e+200,ref,south_texas_project,west_south_central,texas,-1981041041.59,63828810.3755,-1981299869.22,-1877890454.03,-2075662213.25,-2066050656.85,-1896678947.04,10.0,4074117033950000.0,0.249981948155,2.4762864257000002e-14,0.00782610031248,81,0.249999574839,0.125226860254
720.0,-430.0,-14257.0,-14.9,-1e+200,-1e+200,-1e+200,-1e+200,5292123.0,1e+200,-1e+200,ref,south_texas_project,west_south_central,texas,-1982972072.92,36833982.9119,-1976482173.51,-1939312315.15,-2034222607.6,-2033937132.79,-1940204199.3,10.0,1356742297150000.0,0.250018051845,2.4762864257000002e-14,0.00779889464623,48,0.12500016534,0.249546279492
720.0,-154.0,-3870.0,-14.9,-1e+200,-1e+200,-1e+200,-1e+200,1323031.0,1e+200,-1e+200,ref,south_texas_project,west_south_central,texas,-1987930328.54,46651288.2306,-1979486914.03,-1913188775.21,-2057471678.37,-2051463192.75,-1926144001.39,10.0,2176342693570000.0,0.124990974078,2.4762864257000002e-14,0.00391305015624,110,0.249999574839,0.125226860254
720.0,-292.0,-7332.0,-14.9,-1e+200,-1e+200,-1e+200,-1e+200,2646062.0,1e+200,-1e+200,ref,south_texas_project,west_south_central,texas,-2020688017.33,45033411.2287,-2018991916.62,-1946967368.01,-2083918322.38,-2077372255.93,-1961537666.35,10.0,2028008126900000.0,0.249981948155,2.4762864257000002e-14,0.015652259778,89,0.250000519641,0.250453720508
720.0,-430.0,-3870.0,-14.9,-1e+200,-1e+200,-1e+200,-1e+200,10.0,1e+200,-1e+200,ref,south_texas_project,west_south_central,texas,-2031844485.07,24174405.953,-2026835026.35,-1998900705.99,-2065055560.29,-2062861405.23,-2000129235.96,10.0,584401903179000.0,0.124990974078,2.4762864257000002e-14,0.00389885770361,103,0.124999315018,0.249546279492
720.0,-430.0,-10794.0,-14.9,-1e+200,-1e+200,-1e+200,-1e+200,3969093.0,1e+200,-1e+200,ref,south_texas_project,west_south_central,texas,-2065685667.24,53404772.1863,-2052299509.96,-1997957578.07,-2150119705.07,-2142748682.21,-2004829081.4,10.0,2852069692270000.0,0.250018051845,2.4762864257000002e-14,0.0155977951872,68,0.250000425161,0.249546279492
720.0,-567.0,-14257.0,-14.9,-1e+200,-1e+200,-1e+200,-1e+200,5292123.0,1e+200,-1e+200,ref,south_texas_project,west_south_central,texas,-2112328166.69,58228811.094,-2120561214.36,-2025878646.31,-2190580107.73,-2182601601.24,-2029278735.94,10.0,3390594441420000.0,0.250018051845,2.4762864257000002e-14,0.00779889464623,47,0.12500016534,0.249546279492
720.0,-292.0,-3870.0,-14.9,-1e+200,-1e+200,-1e+200,-1e+200,1323031.0,1e+200,-1e+200,ref,south_texas_project,west_south_central,texas,-2122320057.25,48712296.7502,-2117833468.08,-2067335453.82,-2217884662.8,-2194557635.83,-2069595536.91,10.0,2372887854680000.0,0.124990974078,2.4762864257000002e-14,0.00782610031248,109,0.249999574839,0.250453720508
720.0,-567.0,-3870.0,-14.9,-1e+200,-1e+200,-1e+200,-1e+200,10.0,1e+200,-1e+200,ref,south_texas_project,west_south_central,texas,-2145841232.51,32634960.0645,-2159369658.32,-2081061137.5,-2180957030.4,-2177082721.56,-2096398314.12,10.0,1065040618410000.0,0.124990974078,2.4762864257000002e-14,0.00389885770361,102,0.124999315018,0.249546279492
720.0,-430.0,-7332.0,-14.9,-1e+200,-1e+200,-1e+200,-1e+200,2646062.0,1e+200,-1e+200,ref,south_texas_project,west_south_central,texas,-2195516520.72,35523175.3148,-2192628564.79,-2135914197.22,-2253866345.44,-2242350474.89,-2150396746.41,10.0,1261895984440000.0,0.249981948155,2.4762864257000002e-14,0.0155955486918,88,0.250000519641,0.249546279492
720.0,-567.0,-10794.0,-14.9,-1e+200,-1e+200,-1e+200,-1e+200,3969093.0,1e+200,-1e+200,ref,south_texas_project,west_south_central,texas,-2199431208.5,28506899.9633,-2206405602.97,-2132073532.06,-2228210492.2,-2224888193.31,-2150523406.36,10.0,812643345515000.0,0.250018051845,2.4762864257000002e-14,0.0155977951872,67,0.250000425161,0.249546279492
720.0,-705.0,-14257.0,-14.9,-1e+200,-1e+200,-1e+200,-1e+200,5292123.0,1e+200,-1e+200,ref,south_texas_project,west_south_central,texas,-2257067565.05,42691293.7267,-2272140102.32,-2183194351.72,-2300278481.25,-2299219039.25,-2186583892.24,10.0,1822546560060000.0,0.250018051845,2.4762864257000002e-14,0.00391362713156,46,0.12500016534,0.125226860254
720.0,-430.0,-3870.0,-14.9,-1e+200,-1e+200,-1e+200,-1e+200,1323031.0,1e+200,-1e+200,ref,south_texas_project,west_south_central,texas,-2258042595.67,32906478.2378,-2260896124.59,-2202423931.98,-2319644864.88,-2306193408.77,-2213975406.72,10.0,1082836310010000.0,0.124990974078,2.4762864257000002e-14,0.00779774487657,108,0.249999574839,0.249546279492
720.0,-705.0,-3870.0,-14.9,-1e+200,-1e+200,-1e+200,-1e+200,10.0,1e+200,-1e+200,ref,south_texas_project,west_south_central,texas,-2281187437.48,44733235.6811,-2263232125.93,-2237023602.98,-2369722099.53,-2361406063.25,-2238766498.92,10.0,2001062374500000.0,0.124990974078,2.4762864257000002e-14,0.00195651768399,101,0.124999315018,0.125226860254
720.0,-567.0,-7332.0,-14.9,-1e+200,-1e+200,-1e+200,-1e+200,2646062.0,1e+200,-1e+200,ref,south_texas_project,west_south_central,texas,-2303713695.77,53060511.7819,-2308761551.55,-2210518347.31,-2386534993.89,-2381167739.55,-2227511045.03,10.0,2815417910550000.0,0.249981948155,2.4762864257000002e-14,0.0155955486918,87,0.250000519641,0.249546279492
720.0,-705.0,-10794.0,-14.9,-1e+200,-1e+200,-1e+200,-1e+200,3969093.0,1e+200,-1e+200,ref,south_texas_project,west_south_central,texas,-2360667305.45,52596415.4935,-2357207846.08,-2285900383.4,-2442778544.62,-2435691482.96,-2293789305.66,10.0,2766382922770000.0,0.250018051845,2.4762864257000002e-14,0.0078272572212,66,0.250000425161,0.125226860254
720.0,-567.0,-3870.0,-14.9,-1e+200,-1e+200,-1e+200,-1e+200,1323031.0,1e+200,-1e+200,ref,south_texas_project,west_south_central,texas,-2380233570.43,29587313.6739,-2375614728.21,-2338450766.48,-2431144803.72,-2423853830.79,-2345790919.53,10.0,875409130439000.0,0.124990974078,2.4762864257000002e-14,0.00779774487657,107,0.249999574839,0.249546279492
720.0,-154.0,-10794.0,-14.9,-1e+200,-1e+200,-1e+200,-1e+200,5292123.0,1e+200,-1e+200,ref,south_texas_project,west_south_central,texas,-2399006918.03,57853318.6139,-2409115020.04,-2306655258.82,-2463985241.34,-2463104699.85,-2316778747.81,10.0,3347006474640000.0,0.250018051845,2.4762864257000002e-14,0.00391362713156,75,0.12500016534,0.125226860254
720.0,-705.0,-7332.0,-14.9,-1e+200,-1e+200,-1e+200,-1e+200,2646062.0,1e+200,-1e+200,ref,south_texas_project,west_south_central,texas,-2448480343.67,31621482.4347,-2446813292.81,-2400036440.5,-2495847641.43,-2490726806.02,-2407767616.87,10.0,999918151368000.0,0.249981948155,2.4762864257000002e-14,0.007826129889,86,0.250000519641,0.125226860254
720.0,-154.0,-7332.0,-14.9,-1e+200,-1e+200,-1e+200,-1e+200,3969093.0,1e+200,-1e+200,ref,south_texas_project,west_south_central,texas,-2495765028.72,53696194.8254,-2489485768.15,-2430151557.82,-2587195835.18,-2575441814.79,-2433287053.78,10.0,2883281338730000.0,0.249981948155,2.4762864257000002e-14,0.00782612693135,95,0.250000425161,0.125226860254
720.0,-705.0,-3870.0,-14.9,-1e+200,-1e+200,-1e+200,-1e+200,1323031.0,1e+200,-1e+200,ref,south_texas_project,west_south_central,texas,-2539303594.85,41921881.0107,-2537914346.95,-2493927935.25,-2610868144.59,-2595099945.14,-2494474715.17,10.0,1757444107480000.0,0.124990974078,2.4762864257000002e-14,0.00391305015624,106,0.249999574839,0.125226860254
720.0,-292.0,-10794.0,-14.9,-1e+200,-1e+200,-1e+200,-1e+200,5292123.0,1e+200,-1e+200,ref,south_texas_project,west_south_central,texas,-2556987671.41,25224202.808,-2560933201.2,-2503461995.25,-2589971894.01,-2589360372.66,-2517944455.11,10.0,636260407299000.0,0.250018051845,2.4762864257000002e-14,0.00782725426312,74,0.12500016534,0.250453720508
720.0,-154.0,-3870.0,-14.9,-1e+200,-1e+200,-1e+200,-1e+200,2646062.0,1e+200,-1e+200,ref,south_texas_project,west_south_central,texas,-2608474356.44,44976413.5983,-2614191155.3,-2540649124.94,-2663864980.68,-2662099257.41,-2551723221.57,10.0,2022877780170000.0,0.124990974078,2.4762864257000002e-14,0.0039130649445,115,0.250000519641,0.125226860254
720.0,-292.0,-7332.0,-14.9,-1e+200,-1e+200,-1e+200,-1e+200,3969093.0,1e+200,-1e+200,ref,south_texas_project,west_south_central,texas,-2622158836.92,55531219.1997,-2626374503.07,-2532768875.54,-2732631881.66,-2696578769.7,-2546833753.41,10.0,3083716305810000.0,0.249981948155,2.4762864257000002e-14,0.0156522538627,94,0.250000425161,0.250453720508
720.0,-430.0,-10794.0,-14.9,-1e+200,-1e+200,-1e+200,-1e+200,5292123.0,1e+200,-1e+200,ref,south_texas_project,west_south_central,texas,-2690864698.99,48399560.1781,-2690225477.95,-2626812983.63,-2767369076.63,-2757140692.68,-2631171012.23,10.0,2342517425440000.0,0.250018051845,2.4762864257000002e-14,0.00779889464623,73,0.12500016534,0.249546279492
720.0,-292.0,-3870.0,-14.9,-1e+200,-1e+200,-1e+200,-1e+200,2646062.0,1e+200,-1e+200,ref,south_texas_project,west_south_central,texas,-2726224072.54,49993173.3489,-2716899399.58,-2665516347.84,-2832426695.96,-2804496956.22,-2667897071.25,10.0,2499317381500000.0,0.124990974078,2.4762864257000002e-14,0.007826129889,114,0.250000519641,0.250453720508
720.0,-430.0,-7332.0,-14.9,-1e+200,-1e+200,-1e+200,-1e+200,3969093.0,1e+200,-1e+200,ref,south_texas_project,west_south_central,texas,-2784885121.93,38511003.3996,-2792157020.46,-2707847259.65,-2838894745.0,-2834988835.87,-2725927276.39,10.0,1483097382850000.0,0.249981948155,2.4762864257000002e-14,0.015595542798,93,0.250000425161,0.249546279492
720.0,-567.0,-10794.0,-14.9,-1e+200,-1e+200,-1e+200,-1e+200,5292123.0,1e+200,-1e+200,ref,south_texas_project,west_south_central,texas,-2831476091.16,29157794.7422,-2833590303.48,-2780234598.13,-2890205543.13,-2871557777.36,-2791445726.7,10.0,850176994231000.0,0.250018051845,2.4762864257000002e-14,0.00779889464623,72,0.12500016534,0.249546279492
720.0,-430.0,-3870.0,-14.9,-1e+200,-1e+200,-1e+200,-1e+200,2646062.0,1e+200,-1e+200,ref,south_texas_project,west_south_central,texas,-2859649707.18,44734716.1354,-2839701105.48,-2821900023.5,-2937903864.52,-2937870046.52,-2822304675.68,10.0,2001194827710000.0,0.124990974078,2.4762864257000002e-14,0.00779777434592,113,0.250000519641,0.249546279492
720.0,-567.0,-7332.0,-14.9,-1e+200,-1e+200,-1e+200,-1e+200,3969093.0,1e+200,-1e+200,ref,south_texas_project,west_south_central,texas,-2917458450.89,47711594.4017,-2908262683.98,-2859478369.48,-3006134319.33,-2990451208.22,-2864984308.28,10.0,2276396240350000.0,0.249981948155,2.4762864257000002e-14,0.015595542798,92,0.250000425161,0.249546279492
720.0,-705.0,-10794.0,-14.9,-1e+200,-1e+200,-1e+200,-1e+200,5292123.0,1e+200,-1e+200,ref,south_texas_project,west_south_central,texas,-2942774706.24,60492276.5735,-2957469015.06,-2799220889.32,-3009629899.62,-3002669480.15,-2838983876.69,10.0,3659315525040000.0,0.250018051845,2.4762864257000002e-14,0.00391362713156,71,0.12500016534,0.125226860254
720.0,-567.0,-3870.0,-14.9,-1e+200,-1e+200,-1e+200,-1e+200,2646062.0,1e+200,-1e+200,ref,south_texas_project,west_south_central,texas,-3022158193.26,48686115.3575,-3025907908.14,-2947139407.17,-3103344311.04,-3088394932.23,-2949170687.8,10.0,2370337828600000.0,0.124990974078,2.4762864257000002e-14,0.00779777434592,112,0.250000519641,0.249546279492
720.0,-705.0,-7332.0,-14.9,-1e+200,-1e+200,-1e+200,-1e+200,3969093.0,1e+200,-1e+200,ref,south_texas_project,west_south_central,texas,-3056160997.47,37276718.0617,-3056007929.17,-3003213955.75,-3123596691.39,-3109542820.79,-3006704286.6,10.0,1389553709450000.0,0.249981948155,2.4762864257000002e-14,0.00782612693135,91,0.250000425161,0.125226860254
720.0,-154.0,-7332.0,-14.9,-1e+200,-1e+200,-1e+200,-1e+200,5292123.0,1e+200,-1e+200,ref,south_texas_project,west_south_central,texas,-3088251739.77,42605902.6661,-3096274760.9,-3009329883.39,-3144455557.8,-3139294229.28,-3025678567.21,10.0,1815262941990000.0,0.249981948155,2.4762864257000002e-14,0.00391306198685,100,0.12500016534,0.125226860254
720.0,-705.0,-3870.0,-14.9,-1e+200,-1e+200,-1e+200,-1e+200,2646062.0,1e+200,-1e+200,ref,south_texas_project,west_south_central,texas,-3159720999.75,37435415.476,-3161133844.65,-3109505690.15,-3241303939.46,-3214381488.77,-3118412271.61,10.0,1401410331860000.0,0.124990974078,2.4762864257000002e-14,0.0039130649445,111,0.250000519641,0.125226860254
720.0,-154.0,-3870.0,-14.9,-1e+200,-1e+200,-1e+200,-1e+200,3969093.0,1e+200,-1e+200,ref,south_texas_project,west_south_central,texas,-3190643204.26,54114769.4935,-3191086444.04,-3073719044.86,-3262785413.25,-3258284831.61,-3113123820.61,10.0,2928408277340000.0,0.124990974078,2.4762864257000002e-14,0.00391306346567,120,0.250000425161,0.125226860254
720.0,-292.0,-7332.0,-14.9,-1e+200,-1e+200,-1e+200,-1e+200,5292123.0,1e+200,-1e+200,ref,south_texas_project,west_south_central,texas,-3250027607.18,56569424.4563,-3247876022.66,-3143806775.45,-3342784464.59,-3332754061.25,-3167268588.53,10.0,3200099783320000.0,0.249981948155,2.4762864257000002e-14,0.0078261239737,99,0.12500016534,0.250453720508
720.0,-292.0,-3870.0,-14.9,-1e+200,-1e+200,-1e+200,-1e+200,3969093.0,1e+200,-1e+200,ref,south_texas_project,west_south_central,texas,-3337720002.81,47815889.6459,-3338045161.9,-3238634023.35,-3410170156.38,-3403683795.89,-3271214376.35,10.0,2286359302630000.0,0.124990974078,2.4762864257000002e-14,0.00782612693135,119,0.250000425161,0.250453720508
720.0,-430.0,-7332.0,-14.9,-1e+200,-1e+200,-1e+200,-1e+200,5292123.0,1e+200,-1e+200,ref,south_texas_project,west_south_central,texas,-3357053383.29,58262371.7334,-3356541086.62,-3240748280.73,-3462785253.81,-3441535958.89,-3274635766.66,10.0,3394503960000000.0,0.249981948155,2.4762864257000002e-14,0.00779776845205,98,0.12500016534,0.249546279492
720.0,-430.0,-3870.0,-14.9,-1e+200,-1e+200,-1e+200,-1e+200,3969093.0,1e+200,-1e+200,ref,south_texas_project,west_south_central,texas,-3473795864.71,30848372.5961,-3478725144.83,-3423850016.2,-3522978467.09,-3514149988.04,-3431822869.73,10.0,951622091830000.0,0.124990974078,2.4762864257000002e-14,0.00779777139899,118,0.250000425161,0.249546279492
720.0,-567.0,-7332.0,-14.9,-1e+200,-1e+200,-1e+200,-1e+200,5292123.0,1e+200,-1e+200,ref,south_texas_project,west_south_central,texas,-3527011111.99,44046286.2747,-3509486217.0,-3477261176.27,-3611082423.41,-3598989498.8,-3482583767.37,10.0,1940075334590000.0,0.249981948155,2.4762864257000002e-14,0.00779776845205,97,0.12500016534,0.249546279492
720.0,-567.0,-3870.0,-14.9,-1e+200,-1e+200,-1e+200,-1e+200,3969093.0,1e+200,-1e+200,ref,south_texas_project,west_south_central,texas,-3615815516.31,54013624.4237,-3616012073.07,-3535165909.93,-3721610062.34,-3693771837.83,-3537100222.65,10.0,2917471623390000.0,0.124990974078,2.4762864257000002e-14,0.00779777139899,117,0.250000425161,0.249546279492
720.0,-705.0,-7332.0,-14.9,-1e+200,-1e+200,-1e+200,-1e+200,5292123.0,1e+200,-1e+200,ref,south_texas_project,west_south_central,texas,-3635396871.48,46201632.1049,-3629313522.59,-3565705988.33,-3715582981.49,-3700357022.01,-3572682330.06,10.0,2134590809150000.0,0.249981948155,2.4762864257000002e-14,0.00391306198685,96,0.12500016534,0.125226860254
720.0,-705.0,-3870.0,-14.9,-1e+200,-1e+200,-1e+200,-1e+200,3969093.0,1e+200,-1e+200,ref,south_texas_project,west_south_central,texas,-3750964721.14,34365775.3461,-3755348924.0,-3690344555.94,-3812739575.22,-3799550733.01,-3706337794.14,10.0,1181006515140000.0,0.124990974078,2.4762864257000002e-14,0.00391306346567,116,0.250000425161,0.125226860254
720.0,-154.0,-3870.0,-14.9,-1e+200,-1e+200,-1e+200,-1e+200,5292123.0,1e+200,-1e+200,ref,south_texas_project,west_south_central,texas,-3780988300.09,44984767.9555,-3779420996.62,-3719681356.51,-3850867617.44,-3844618232.35,-3728845322.18,10.0,2023629348010000.0,0.124990974078,2.4762864257000002e-14,0.00195653099342,125,0.12500016534,0.125226860254
720.0,-292.0,-3870.0,-14.9,-1e+200,-1e+200,-1e+200,-1e+200,5292123.0,1e+200,-1e+200,ref,south_texas_project,west_south_central,texas,-3930671519.29,52874240.7921,-3915163489.04,-3860141210.77,-4040431350.15,-4014896599.77,-3869607190.36,10.0,2795685339340000.0,0.124990974078,2.4762864257000002e-14,0.00391306198685,124,0.12500016534,0.250453720508
720.0,-430.0,-3870.0,-14.9,-1e+200,-1e+200,-1e+200,-1e+200,5292123.0,1e+200,-1e+200,ref,south_texas_project,west_south_central,texas,-4053496365.15,51061436.4052,-4066378865.23,-3980419130.89,-4112199211.74,-4108904901.51,-3985525399.92,10.0,2607270287760000.0,0.124990974078,2.4762864257000002e-14,0.00389888422603,123,0.12500016534,0.249546279492
720.0,-567.0,-3870.0,-14.9,-1e+200,-1e+200,-1e+200,-1e+200,5292123.0,1e+200,-1e+200,ref,south_texas_project,west_south_central,texas,-4218118599.51,50212108.9064,-4212894848.35,-4149740180.44,-4299583788.31,-4284974081.84,-4155847649.32,10.0,2521255880820000.0,0.124990974078,2.4762864257000002e-14,0.00389888422603,122,0.12500016534,0.249546279492
720.0,-705.0,-3870.0,-14.9,-1e+200,-1e+200,-1e+200,-1e+200,5292123.0,1e+200,-1e+200,ref,south_texas_project,west_south_central,texas,-4325568368.89,39396825.9155,-4338180340.47,-4260554713.92,-4374250550.12,-4368435381.19,-4262590563.6,10.0,1552109892210000.0,0.124990974078,2.4762864257000002e-14,0.00195653099342,121,0.12500016534,0.125226860254
720.0,-705.0,-17719.0,-14.9,-1e+200,-1e+200,-1e+200,-1e+200,10.0,1e+200,-1e+200,ref,south_texas_project,west_south_central,texas,-136873764258.0,5593.84696112,-136873765215.0,-136873755451.0,-136873774541.0,-136873771222.0,-136873755917.0,10.0,31291123.8245,0.124990974078,2.4762864257000002e-14,0.00195651768399,1,0.124999315018,0.125226860254
720.0,-567.0,-14257.0,-14.9,-1e+200,-1e+200,-1e+200,-1e+200,10.0,1e+200,-1e+200,ref,south_texas_project,west_south_central,texas,-487093020371.0,7306360.19445,-487093949918.0,-487080768535.0,-487104106258.0,-487102265534.0,-487082170303.0,10.0,53382899291000.0,0.250018051845,2.4762864257000002e-14,0.00779884159372,27,0.124999315018,0.249546279492
720.0,-430.0,-17719.0,-14.9,-1e+200,-1e+200,-1e+200,-1e+200,1323031.0,1e+200,-1e+200,ref,south_texas_project,west_south_central,texas,-99179455746100.0,12525874.4176,-99179459646600.0,-99179433990400.0,-99179468963000.0,-99179468571000.0,-99179435091500.0,10.0,156897529925000.0,0.124990974078,2.4762864257000002e-14,0.00779774487657,8,0.249999574839,0.249546279492
720.0,-292.0,-14257.0,-14.9,-1e+200,-1e+200,-1e+200,-1e+200,1323031.0,1e+200,-1e+200,ref,south_texas_project,west_south_central,texas,-99529674555600.0,21181168.9875,-99529675180700.0,-99529633182000.0,-99529704222900.0,-99529701812300.0,-99529642506800.0,10.0,448641919675000.0,0.250018051845,2.4762864257000002e-14,0.015654461197,34,0.249999574839,0.250453720508
720.0,-154.0,-10794.0,-14.9,-1e+200,-1e+200,-1e+200,-1e+200,1323031.0,1e+200,-1e+200,ref,south_texas_project,west_south_central,texas,-99820962815700.0,52507148.1723,-99820950120900.0,-99820900881500.0,-99821062267100.0,-99821037067200.0,-99820904203200.0,10.0,2757000609190000.0,0.250018051845,2.4762864257000002e-14,0.00782723059849,60,0.249999574839,0.125226860254
720.0,-154.0,-17719.0,-14.9,-1e+200,-1e+200,-1e+200,-1e+200,2646062.0,1e+200,-1e+200,ref,south_texas_project,west_south_central,texas,-199700308651000.0,51049764.5507,-199700320333000.0,-199700238782000.0,-199700371646000.0,-199700369606000.0,-199700243173000.0,10.0,2606078460690000.0,0.124990974078,2.4762864257000002e-14,0.0039130649445,15,0.250000519641,0.125226860254
720.0,-430.0,-14257.0,-14.9,-1e+200,-1e+200,-1e+200,-1e+200,10.0,1e+200,-1e+200,ref,south_texas_project,west_south_central,texas,-203327603184000.0,13748360.0217,-203327606450000.0,-203327579923000.0,-203327622440000.0,-203327620915000.0,-203327583124000.0,10.0,189017403287000.0,0.250018051845,2.4762864257000002e-14,0.00779884159372,28,0.124999315018,0.249546279492
720.0,-292.0,-10794.0,-14.9,-1e+200,-1e+200,-1e+200,-1e+200,10.0,1e+200,-1e+200,ref,south_texas_project,west_south_central,texas,-203618897903000.0,36379451.555,-203618897763000.0,-203618843720000.0,-203618961193000.0,-203618953141000.0,-203618845799000.0,10.0,1323464495440000.0,0.250018051845,2.4762864257000002e-14,0.0078272010177,54,0.124999315018,0.250453720508
720.0,-154.0,-7332.0,-14.9,-1e+200,-1e+200,-1e+200,-1e+200,10.0,1e+200,-1e+200,ref,south_texas_project,west_south_central,texas,-203969100413000.0,37131053.3336,-203969090733000.0,-203969036545000.0,-203969180117000.0,-203969155782000.0,-203969057263000.0,10.0,1378715121660000.0,0.249981948155,2.4762864257000002e-14,0.00391303536798,80,0.124999315018,0.125226860254
720.0,-567.0,-17719.0,-14.9,-1e+200,-1e+200,-1e+200,-1e+200,10.0,1e+200,-1e+200,ref,south_texas_project,west_south_central,texas,-204457964226000.0,7710845.09635,-204457964787000.0,-204457953425000.0,-204457974373000.0,-204457973628000.0,-204457954067000.0,10.0,59457132099900.0,0.124990974078,2.4762864257000002e-14,0.00389885770361,2,0.124999315018,0.249546279492
720.0,-292.0,-17719.0,-14.9,-1e+200,-1e+200,-1e+200,-1e+200,1323031.0,1e+200,-1e+200,ref,south_texas_project,west_south_central,texas,-303500561885000.0,24747932.9014,-303500564542000.0,-303500521033000.0,-303500607240000.0,-303500595429000.0,-303500529929000.0,10.0,612460182892000.0,0.124990974078,2.4762864257000002e-14,0.00782610031248,9,0.249999574839,0.250453720508
720.0,-154.0,-14257.0,-14.9,-1e+200,-1e+200,-1e+200,-1e+200,1323031.0,1e+200,-1e+200,ref,south_texas_project,west_south_central,texas,-303850763566000.0,27988215.1953,-303850763363000.0,-303850722744000.0,-303850813969000.0,-303850807309000.0,-303850727932000.0,10.0,783340189816000.0,0.250018051845,2.4762864257000002e-14,0.00782723059849,35,0.249999574839,0.125226860254
720.0,-430.0,-17719.0,-14.9,-1e+200,-1e+200,-1e+200,-1e+200,10.0,1e+200,-1e+200,ref,south_texas_project,west_south_central,texas,-407298478545000.0,11851856.481,-407298478350000.0,-407298461501000.0,-407298498115000.0,-407298495785000.0,-407298462352000.0,10.0,140466502047000.0,0.124990974078,2.4762864257000002e-14,0.00389885770361,3,0.124999315018,0.249546279492
720.0,-292.0,-14257.0,-14.9,-1e+200,-1e+200,-1e+200,-1e+200,10.0,1e+200,-1e+200,ref,south_texas_project,west_south_central,texas,-407648697398000.0,22356820.4462,-407648697380000.0,-407648663088000.0,-407648738561000.0,-407648732417000.0,-407648667769000.0,10.0,499827420465000.0,0.250018051845,2.4762864257000002e-14,0.0078272010177,29,0.124999315018,0.250453720508
720.0,-154.0,-10794.0,-14.9,-1e+200,-1e+200,-1e+200,-1e+200,10.0,1e+200,-1e+200,ref,south_texas_project,west_south_central,texas,-407939962628000.0,49197894.674,-407939967165000.0,-407939882755000.0,-407940040468000.0,-407940024428000.0,-407939890707000.0,10.0,2420432840350000.0,0.250018051845,2.4762864257000002e-14,0.00391360050885,55,0.124999315018,0.125226860254
720.0,-154.0,-17719.0,-14.9,-1e+200,-1e+200,-1e+200,-1e+200,1323031.0,1e+200,-1e+200,ref,south_texas_project,west_south_central,texas,-507821641490000.0,23586723.8116,-507821638050000.0,-507821611910000.0,-507821690736000.0,-507821677269000.0,-507821613710000.0,10.0,556333540166000.0,0.124990974078,2.4762864257000002e-14,0.00391305015624,10,0.249999574839,0.125226860254
720.0,-292.0,-17719.0,-14.9,-1e+200,-1e+200,-1e+200,-1e+200,10.0,1e+200,-1e+200,ref,south_texas_project,west_south_central,texas,-611619554035000.0,22373386.7404,-611619550552000.0,-611619524943000.0,-611619587500000.0,-611619587395000.0,-611619528163000.0,10.0,500568434237000.0,0.124990974078,2.4762864257000002e-14,0.00391303536798,4,0.124999315018,0.250453720508
720.0,-154.0,-14257.0,-14.9,-1e+200,-1e+200,-1e+200,-1e+200,10.0,1e+200,-1e+200,ref,south_texas_project,west_south_central,texas,-611969775668000.0,29941791.5195,-611969783741000.0,-611969709896000.0,-611969812632000.0,-611969811022000.0,-611969730545000.0,10.0,896510879395000.0,0.250018051845,2.4762864257000002e-14,0.00391360050885,30,0.124999315018,0.125226860254
720.0,-154.0,-17719.0,-14.9,-1e+200,-1e+200,-1e+200,-1e+200,10.0,1e+200,-1e+200,ref,south_texas_project,west_south_central,texas,-815940639934000.0,34932068.6274,-815940634821000.0,-815940577448000.0,-815940703474000.0,-815940690469000.0,-815940590370000.0,10.0,1220249418590000.0,0.124990974078,2.4762864257000002e-14,0.00195651768399,5,0.124999315018,0.125226860254
