npp_capacity,htse_capacity,meoh_capacity,electricity_market_capacity,naphtha_market_capacity,jet_fuel_market_capacity,diesel_market_capacity,h2_storage_capacity,h2_import_capacity,h2_export_capacity,scenario_label,location_label,fuel_region_label,elec_data_label,mean_NPV,std_NPV,med_NPV,max_NPV,min_NPV,perc_5_NPV,perc_95_NPV,samp_NPV,var_NPV,ProbabilityWeight-meoh_capacity,ProbabilityWeight,ProbabilityWeight-htse_capacity,prefix,PointProbability,ProbabilityWeight-h2_storage_capacity
769.0,-174.0,-4286.0,-1e+200,-1e+200,-1e+200,-1e+200,10.0,1e+200,-1e+200,ref,cooper,nebraska,covid,254637004.817,3183969.5964,254637004.817,256888411.309,252385598.324,252610738.973,256663270.66,2.0,10137662390800.0,0.124974348451,0.00195598529803,0.125210084034,25,4.07233133368e-14,0.124998671661
769.0,-323.0,-4286.0,-1e+200,-1e+200,-1e+200,-1e+200,10.0,1e+200,-1e+200,ref,cooper,nebraska,covid,89316959.5241,19007693.6722,89316959.5241,102757428.614,75876490.4338,77220537.3428,101413381.705,2.0,361292418737000.0,0.124974348451,0.00391197059605,0.250420168067,20,4.07233133368e-14,0.124998671661
769.0,-174.0,-4286.0,-1e+200,-1e+200,-1e+200,-1e+200,705771.0,1e+200,-1e+200,ref,cooper,nebraska,covid,-21623772.6321,6253401.52795,-21623772.6321,-17201950.0062,-26045595.258,-25603412.9954,-17644132.2688,2.0,39105030669700.0,0.124974348451,0.00391199831061,0.125210084034,50,4.07233133368e-14,0.24999911444
769.0,-472.0,-4286.0,-1e+200,-1e+200,-1e+200,-1e+200,10.0,1e+200,-1e+200,ref,cooper,nebraska,covid,-59149833.9939,6133259.15086,-59149833.9939,-54812964.8576,-63486703.1302,-63053016.2166,-55246651.7712,2.0,37616867811600.0,0.124974348451,0.00389884317795,0.249579831933,15,4.07233133368e-14,0.124998671661
769.0,-323.0,-7940.0,-1e+200,-1e+200,-1e+200,-1e+200,10.0,1e+200,-1e+200,ref,cooper,nebraska,covid,-120433752.896,8165826.39346,-120433752.896,-114659641.679,-126207864.112,-125630452.991,-115237052.8,2.0,66680720688200.0,0.249982898967,0.00782501179161,0.250420168067,19,4.07233133368e-14,0.124998671661
769.0,-323.0,-4286.0,-1e+200,-1e+200,-1e+200,-1e+200,705771.0,1e+200,-1e+200,ref,cooper,nebraska,covid,-223416497.75,9240456.22853,-223416497.75,-216882508.489,-229950487.01,-229297088.084,-217535907.415,2.0,85386031311300.0,0.124974348451,0.00782399662122,0.250420168067,45,4.07233133368e-14,0.24999911444
769.0,-620.0,-4286.0,-1e+200,-1e+200,-1e+200,-1e+200,10.0,1e+200,-1e+200,ref,cooper,nebraska,covid,-231614122.849,18764908.7053,-231614122.849,-218345328.655,-244882917.043,-243556037.624,-219672208.075,2.0,352121798716000.0,0.124974348451,0.00389884317795,0.249579831933,10,4.07233133368e-14,0.124998671661
769.0,-472.0,-7940.0,-1e+200,-1e+200,-1e+200,-1e+200,10.0,1e+200,-1e+200,ref,cooper,nebraska,covid,-283324998.807,9028085.48542,-283324998.807,-276941178.339,-289708819.275,-289070437.228,-277579560.386,2.0,81506327532100.0,0.249982898967,0.00779875336278,0.249579831933,14,4.07233133368e-14,0.124998671661
769.0,-472.0,-4286.0,-1e+200,-1e+200,-1e+200,-1e+200,705771.0,1e+200,-1e+200,ref,cooper,nebraska,covid,-288004512.989,76821.0232917,-288004512.989,-287950192.323,-288058833.656,-288053401.589,-287955624.389,2.0,5901469619.59,0.124974348451,0.007797741599,0.249579831933,40,4.07233133368e-14,0.24999911444
769.0,-174.0,-4286.0,-1e+200,-1e+200,-1e+200,-1e+200,1411542.0,1e+200,-1e+200,ref,cooper,nebraska,covid,-355343244.751,21236921.3729,-355343244.751,-340326473.637,-370360015.866,-368858338.754,-341828150.749,2.0,451006829397000.0,0.124974348451,0.00391202602517,0.125210084034,75,4.07233133368e-14,0.25000088556
769.0,-769.0,-4286.0,-1e+200,-1e+200,-1e+200,-1e+200,10.0,1e+200,-1e+200,ref,cooper,nebraska,covid,-374806201.884,7740824.75642,-374806201.884,-369332612.206,-380279791.561,-379732432.593,-369879971.174,2.0,59920367909600.0,0.124974348451,0.00195598529803,0.125210084034,5,4.07233133368e-14,0.124998671661
769.0,-323.0,-7940.0,-1e+200,-1e+200,-1e+200,-1e+200,705771.0,1e+200,-1e+200,ref,cooper,nebraska,covid,-390468640.83,2360609.352,-390468640.83,-388799437.95,-392137843.711,-391970923.423,-388966358.238,2.0,5572476512730.0,0.249982898967,0.0156501344566,0.250420168067,44,4.07233133368e-14,0.24999911444
769.0,-620.0,-7940.0,-1e+200,-1e+200,-1e+200,-1e+200,10.0,1e+200,-1e+200,ref,cooper,nebraska,covid,-437952730.079,6446581.56537,-437952730.079,-433394308.539,-442511151.62,-442055309.466,-433850150.693,2.0,41558413878900.0,0.249982898967,0.00779875336278,0.249579831933,9,4.07233133368e-14,0.124998671661
769.0,-620.0,-4286.0,-1e+200,-1e+200,-1e+200,-1e+200,705771.0,1e+200,-1e+200,ref,cooper,nebraska,covid,-451600642.659,5408583.24542,-451600642.659,-447776196.769,-455425088.548,-455042643.959,-448158641.358,2.0,29252772722600.0,0.124974348451,0.007797741599,0.249579831933,35,4.07233133368e-14,0.24999911444
769.0,-323.0,-4286.0,-1e+200,-1e+200,-1e+200,-1e+200,1411542.0,1e+200,-1e+200,ref,cooper,nebraska,covid,-468550732.465,42886070.9591,-468550732.465,-438225700.871,-498875764.059,-495843260.899,-441258204.031,2.0,1839215082310000.0,0.124974348451,0.00782405205033,0.250420168067,70,4.07233133368e-14,0.25000088556
769.0,-472.0,-11595.0,-1e+200,-1e+200,-1e+200,-1e+200,10.0,1e+200,-1e+200,ref,cooper,nebraska,covid,-483500188.03,13549931.9861,-483500188.03,-473918939.238,-493081436.822,-492123311.943,-474877064.117,2.0,183600656827000.0,0.250017101033,0.00779982036967,0.249579831933,13,4.07233133368e-14,0.124998671661
769.0,-472.0,-7940.0,-1e+200,-1e+200,-1e+200,-1e+200,705771.0,1e+200,-1e+200,ref,cooper,nebraska,covid,-513197105.491,3276825.8987,-513197105.491,-510880039.677,-515514171.304,-515282464.723,-511111746.258,2.0,10737587970400.0,0.249982898967,0.0155976172269,0.249579831933,39,4.07233133368e-14,0.24999911444
769.0,-472.0,-4286.0,-1e+200,-1e+200,-1e+200,-1e+200,1411542.0,1e+200,-1e+200,ref,cooper,nebraska,covid,-581531701.535,3577138.79801,-581531701.535,-579002282.434,-584061120.637,-583808178.727,-579255224.344,2.0,12795921980200.0,0.124974348451,0.00779779684211,0.249579831933,65,4.07233133368e-14,0.25000088556
769.0,-769.0,-4286.0,-1e+200,-1e+200,-1e+200,-1e+200,705771.0,1e+200,-1e+200,ref,cooper,nebraska,covid,-587178066.537,2621621.99898,-587178066.537,-585324299.844,-589031833.231,-588846456.561,-585509676.514,2.0,6872901905550.0,0.124974348451,0.00391199831061,0.125210084034,30,4.07233133368e-14,0.24999911444
769.0,-769.0,-7940.0,-1e+200,-1e+200,-1e+200,-1e+200,10.0,1e+200,-1e+200,ref,cooper,nebraska,covid,-595835861.42,22349520.139,-595835861.42,-580032364.173,-611639358.667,-610059008.942,-581612713.898,2.0,499501050445000.0,0.249982898967,0.00391250589581,0.125210084034,4,4.07233133368e-14,0.124998671661
769.0,-174.0,-4286.0,-1e+200,-1e+200,-1e+200,-1e+200,2117313.0,1e+200,-1e+200,ref,cooper,nebraska,covid,-603292384.925,12138543.3666,-603292384.925,-594709138.597,-611875631.253,-611017306.62,-595567463.229,2.0,147344235062000.0,0.124974348451,0.00391202602517,0.125210084034,100,4.07233133368e-14,0.25000088556
769.0,-620.0,-11595.0,-1e+200,-1e+200,-1e+200,-1e+200,10.0,1e+200,-1e+200,ref,cooper,nebraska,covid,-640750251.168,1879977.22047,-640750251.168,-639420906.527,-642079595.809,-641946661.345,-639553840.991,2.0,3534314349470.0,0.250017101033,0.00779982036967,0.249579831933,8,4.07233133368e-14,0.124998671661
769.0,-620.0,-7940.0,-1e+200,-1e+200,-1e+200,-1e+200,705771.0,1e+200,-1e+200,ref,cooper,nebraska,covid,-649547272.104,18396034.7459,-649547272.104,-636539311.188,-662555233.02,-661254436.928,-637840107.28,2.0,338414094372000.0,0.249982898967,0.0155976172269,0.249579831933,34,4.07233133368e-14,0.24999911444
769.0,-323.0,-7940.0,-1e+200,-1e+200,-1e+200,-1e+200,1411542.0,1e+200,-1e+200,ref,cooper,nebraska,covid,-706040518.827,2523475.47568,-706040518.827,-704256152.206,-707824885.448,-707646448.786,-704434588.868,2.0,6367928476360.0,0.249982898967,0.01565024533,0.250420168067,69,4.07233133368e-14,0.25000088556
769.0,-323.0,-4286.0,-1e+200,-1e+200,-1e+200,-1e+200,2117313.0,1e+200,-1e+200,ref,cooper,nebraska,covid,-752976656.229,21581330.6386,-752976656.229,-737716350.987,-768236961.471,-766710930.946,-739242381.512,2.0,465753832131000.0,0.124974348451,0.00782405205033,0.250420168067,95,4.07233133368e-14,0.25000088556
769.0,-620.0,-4286.0,-1e+200,-1e+200,-1e+200,-1e+200,1411542.0,1e+200,-1e+200,ref,cooper,nebraska,covid,-773000224.723,62144724.0094,-773000224.723,-729057268.961,-816943180.485,-812548884.909,-733451564.537,2.0,3861966722200000.0,0.124974348451,0.00779779684211,0.249579831933,60,4.07233133368e-14,0.25000088556
769.0,-769.0,-7940.0,-1e+200,-1e+200,-1e+200,-1e+200,705771.0,1e+200,-1e+200,ref,cooper,nebraska,covid,-774571116.516,5670446.87989,-774571116.516,-770561505.075,-778580727.957,-778179766.813,-770962466.219,2.0,32153967817700.0,0.249982898967,0.00782506722831,0.125210084034,29,4.07233133368e-14,0.24999911444
769.0,-472.0,-11595.0,-1e+200,-1e+200,-1e+200,-1e+200,705771.0,1e+200,-1e+200,ref,cooper,nebraska,covid,-777828284.442,16820333.2944,-777828284.442,-765934512.708,-789722056.177,-788532679.003,-767123889.881,2.0,282923612135000.0,0.250017101033,0.0155997512558,0.249579831933,38,4.07233133368e-14,0.24999911444
769.0,-769.0,-11595.0,-1e+200,-1e+200,-1e+200,-1e+200,10.0,1e+200,-1e+200,ref,cooper,nebraska,covid,-786188138.436,7759701.88042,-786188138.436,-780701200.616,-791675076.256,-791126382.474,-781249894.398,2.0,60212973273100.0,0.250017101033,0.00391304119556,0.125210084034,3,4.07233133368e-14,0.124998671661
769.0,-472.0,-7940.0,-1e+200,-1e+200,-1e+200,-1e+200,1411542.0,1e+200,-1e+200,ref,cooper,nebraska,covid,-818580525.603,35885812.4284,-818580525.603,-793205424.286,-843955626.919,-841418116.788,-795742934.418,2.0,1287791533650000.0,0.249982898967,0.0155977277282,0.249579831933,64,4.07233133368e-14,0.25000088556
769.0,-620.0,-15250.0,-1e+200,-1e+200,-1e+200,-1e+200,10.0,1e+200,-1e+200,ref,cooper,nebraska,covid,-829701301.98,1339169.60617,-829701301.98,-828754366.07,-830648237.89,-830553544.299,-828849059.661,2.0,1793375234080.0,0.250017101033,0.00779982036967,0.249579831933,7,4.07233133368e-14,0.124998671661
769.0,-620.0,-11595.0,-1e+200,-1e+200,-1e+200,-1e+200,705771.0,1e+200,-1e+200,ref,cooper,nebraska,covid,-867924182.203,238941.100827,-867924182.203,-867755225.33,-868093139.075,-868076243.388,-867772121.017,2.0,57092849664.3,0.250017101033,0.0155997512558,0.249579831933,33,4.07233133368e-14,0.24999911444
769.0,-769.0,-4286.0,-1e+200,-1e+200,-1e+200,-1e+200,1411542.0,1e+200,-1e+200,ref,cooper,nebraska,covid,-880398277.508,8002816.29062,-880398277.508,-874739431.841,-886057123.176,-885491238.609,-875305316.408,2.0,64045068581400.0,0.124974348451,0.00391202602517,0.125210084034,55,4.07233133368e-14,0.25000088556
769.0,-472.0,-4286.0,-1e+200,-1e+200,-1e+200,-1e+200,2117313.0,1e+200,-1e+200,ref,cooper,nebraska,covid,-885132740.716,22060890.5202,-885132740.716,-869533335.431,-900732146.002,-899172205.474,-871093275.959,2.0,486682890543000.0,0.124974348451,0.00779779684211,0.249579831933,90,4.07233133368e-14,0.25000088556
769.0,-174.0,-4286.0,-1e+200,-1e+200,-1e+200,-1e+200,2823084.0,1e+200,-1e+200,ref,cooper,nebraska,covid,-893242658.57,23905566.5464,-893242658.57,-876338870.357,-910146446.783,-908456067.962,-878029249.178,2.0,571476111905000.0,0.124974348451,0.00195601301258,0.125210084034,125,4.07233133368e-14,0.12500044278
769.0,-620.0,-7940.0,-1e+200,-1e+200,-1e+200,-1e+200,1411542.0,1e+200,-1e+200,ref,cooper,nebraska,covid,-950655167.196,25235220.1944,-950655167.196,-932811171.872,-968499162.52,-966714762.988,-934595571.404,2.0,636816338261000.0,0.249982898967,0.0155977277282,0.249579831933,59,4.07233133368e-14,0.25000088556
769.0,-323.0,-7940.0,-1e+200,-1e+200,-1e+200,-1e+200,2117313.0,1e+200,-1e+200,ref,cooper,nebraska,covid,-972296664.884,10611386.0645,-972296664.884,-964793281.84,-979800047.928,-979049709.624,-965543620.144,2.0,112601514211000.0,0.249982898967,0.01565024533,0.250420168067,94,4.07233133368e-14,0.25000088556
769.0,-769.0,-15250.0,-1e+200,-1e+200,-1e+200,-1e+200,10.0,1e+200,-1e+200,ref,cooper,nebraska,covid,-983526695.099,10416820.3526,-983526695.099,-976160890.789,-990892499.409,-990155918.978,-976897471.22,2.0,108510146259000.0,0.250017101033,0.00391304119556,0.125210084034,2,4.07233133368e-14,0.124998671661
769.0,-769.0,-11595.0,-1e+200,-1e+200,-1e+200,-1e+200,705771.0,1e+200,-1e+200,ref,cooper,nebraska,covid,-995890969.588,18181996.2088,-995890969.588,-983034356.773,-1008747582.4,-1007461921.12,-984320018.054,2.0,330584986138000.0,0.250017101033,0.0078261378354,0.125210084034,28,4.07233133368e-14,0.24999911444
769.0,-620.0,-4286.0,-1e+200,-1e+200,-1e+200,-1e+200,2117313.0,1e+200,-1e+200,ref,cooper,nebraska,covid,-1027372134.43,8475490.8745,-1027372134.43,-1021379057.36,-1033365211.5,-1032765903.79,-1021978365.06,2.0,71833945563700.0,0.124974348451,0.00779779684211,0.249579831933,85,4.07233133368e-14,0.25000088556
769.0,-323.0,-4286.0,-1e+200,-1e+200,-1e+200,-1e+200,2823084.0,1e+200,-1e+200,ref,cooper,nebraska,covid,-1040601440.04,39770473.2457,-1040601440.04,-1012479468.72,-1068723411.37,-1065911214.24,-1015291665.85,2.0,1581690542190000.0,0.124974348451,0.00391202602517,0.250420168067,120,4.07233133368e-14,0.12500044278
769.0,-472.0,-11595.0,-1e+200,-1e+200,-1e+200,-1e+200,1411542.0,1e+200,-1e+200,ref,cooper,nebraska,covid,-1054380262.28,28539718.069,-1054380262.28,-1034199634.1,-1074560890.46,-1072542827.64,-1036217696.91,2.0,814515507456000.0,0.250017101033,0.0155998617723,0.249579831933,63,4.07233133368e-14,0.25000088556
769.0,-472.0,-7940.0,-1e+200,-1e+200,-1e+200,-1e+200,2117313.0,1e+200,-1e+200,ref,cooper,nebraska,covid,-1081263653.03,1302488.87223,-1081263653.03,-1080342654.32,-1082184651.75,-1082092551.87,-1080434754.19,2.0,1696477262270.0,0.249982898967,0.0155977277282,0.249579831933,89,4.07233133368e-14,0.25000088556
769.0,-769.0,-7940.0,-1e+200,-1e+200,-1e+200,-1e+200,1411542.0,1e+200,-1e+200,ref,cooper,nebraska,covid,-1083666973.27,26080880.9002,-1083666973.27,-1065225005.53,-1102108941.02,-1100264744.24,-1067069202.31,2.0,680212348531000.0,0.249982898967,0.00782512266501,0.125210084034,54,4.07233133368e-14,0.25000088556
769.0,-620.0,-15250.0,-1e+200,-1e+200,-1e+200,-1e+200,705771.0,1e+200,-1e+200,ref,cooper,nebraska,covid,-1100865198.97,11432039.0371,-1100865198.97,-1092781526.64,-1108948871.29,-1108140504.06,-1093589893.87,2.0,130691516545000.0,0.250017101033,0.0155997512558,0.249579831933,32,4.07233133368e-14,0.24999911444
769.0,-620.0,-11595.0,-1e+200,-1e+200,-1e+200,-1e+200,1411542.0,1e+200,-1e+200,ref,cooper,nebraska,covid,-1136068750.75,636294.044555,-1136068750.75,-1135618822.92,-1136518678.58,-1136473685.8,-1135663815.7,2.0,404870111136.0,0.250017101033,0.0155998617723,0.249579831933,58,4.07233133368e-14,0.25000088556
769.0,-769.0,-18905.0,-1e+200,-1e+200,-1e+200,-1e+200,10.0,1e+200,-1e+200,ref,cooper,nebraska,covid,-1157510800.75,307883.466915,-1157510800.75,-1157293094.26,-1157728507.24,-1157706736.59,-1157314864.91,2.0,94792229199.8,0.125008550516,0.00195652059778,0.125210084034,1,4.07233133368e-14,0.124998671661
769.0,-769.0,-4286.0,-1e+200,-1e+200,-1e+200,-1e+200,2117313.0,1e+200,-1e+200,ref,cooper,nebraska,covid,-1197434047.87,2864418.45212,-1197434047.87,-1195408598.16,-1199459497.58,-1199256952.61,-1195611143.13,2.0,8204893068850.0,0.124974348451,0.00391202602517,0.125210084034,80,4.07233133368e-14,0.25000088556
769.0,-769.0,-15250.0,-1e+200,-1e+200,-1e+200,-1e+200,705771.0,1e+200,-1e+200,ref,cooper,nebraska,covid,-1201351337.58,7877264.41432,-1201351337.58,-1195781270.49,-1206921404.66,-1206364397.96,-1196338277.2,2.0,62051294653200.0,0.250017101033,0.0078261378354,0.125210084034,27,4.07233133368e-14,0.24999911444
769.0,-472.0,-4286.0,-1e+200,-1e+200,-1e+200,-1e+200,2823084.0,1e+200,-1e+200,ref,cooper,nebraska,covid,-1212700626.79,54766395.1336,-1212700626.79,-1173974937.41,-1251426316.17,-1247553747.23,-1177847506.35,2.0,2999358035930000.0,0.124974348451,0.00389889842105,0.249579831933,115,4.07233133368e-14,0.12500044278
769.0,-620.0,-7940.0,-1e+200,-1e+200,-1e+200,-1e+200,2117313.0,1e+200,-1e+200,ref,cooper,nebraska,covid,-1213103268.16,4772409.00965,-1213103268.16,-1209728665.39,-1216477870.93,-1216140410.66,-1210066125.66,2.0,22775887755400.0,0.249982898967,0.0155977277282,0.249579831933,84,4.07233133368e-14,0.25000088556
769.0,-323.0,-7940.0,-1e+200,-1e+200,-1e+200,-1e+200,2823084.0,1e+200,-1e+200,ref,cooper,nebraska,covid,-1249278956.99,132511.283772,-1249278956.99,-1249185257.36,-1249372656.61,-1249363286.65,-1249194627.32,2.0,17559240326.9,0.249982898967,0.00782512266501,0.250420168067,119,4.07233133368e-14,0.12500044278
769.0,-769.0,-11595.0,-1e+200,-1e+200,-1e+200,-1e+200,1411542.0,1e+200,-1e+200,ref,cooper,nebraska,covid,-1268177020.06,15315103.8964,-1268177020.06,-1257347606.24,-1279006433.88,-1277923492.49,-1258430547.62,2.0,234552407357000.0,0.250017101033,0.00782619327968,0.125210084034,53,4.07233133368e-14,0.25000088556
769.0,-472.0,-11595.0,-1e+200,-1e+200,-1e+200,-1e+200,2117313.0,1e+200,-1e+200,ref,cooper,nebraska,covid,-1318445813.57,2589782.34268,-1318445813.57,-1316614560.91,-1320277066.23,-1320093940.96,-1316797686.18,2.0,6706972582430.0,0.250017101033,0.0155998617723,0.249579831933,88,4.07233133368e-14,0.25000088556
769.0,-620.0,-4286.0,-1e+200,-1e+200,-1e+200,-1e+200,2823084.0,1e+200,-1e+200,ref,cooper,nebraska,covid,-1327511668.29,10105711.8657,-1327511668.29,-1320365850.91,-1334657485.68,-1333942903.94,-1321080432.64,2.0,102125412312000.0,0.124974348451,0.00389889842105,0.249579831933,110,4.07233133368e-14,0.12500044278
769.0,-472.0,-7940.0,-1e+200,-1e+200,-1e+200,-1e+200,2823084.0,1e+200,-1e+200,ref,cooper,nebraska,covid,-1383087194.02,17946296.8689,-1383087194.02,-1370397245.81,-1395777142.24,-1394508147.41,-1371666240.63,2.0,322069571308000.0,0.249982898967,0.00779886386412,0.249579831933,114,4.07233133368e-14,0.12500044278
769.0,-620.0,-15250.0,-1e+200,-1e+200,-1e+200,-1e+200,1411542.0,1e+200,-1e+200,ref,cooper,nebraska,covid,-1390297084.74,2679779.06411,-1390297084.74,-1388402194.79,-1392191974.69,-1392002485.69,-1388591683.79,2.0,7181215832430.0,0.250017101033,0.0155998617723,0.249579831933,57,4.07233133368e-14,0.25000088556
769.0,-769.0,-7940.0,-1e+200,-1e+200,-1e+200,-1e+200,2117313.0,1e+200,-1e+200,ref,cooper,nebraska,covid,-1409688835.71,15041688.3391,-1409688835.71,-1399052755.88,-1420324915.53,-1419261307.55,-1400116363.87,2.0,226252388092000.0,0.249982898967,0.00782512266501,0.125210084034,79,4.07233133368e-14,0.25000088556
769.0,-769.0,-18905.0,-1e+200,-1e+200,-1e+200,-1e+200,705771.0,1e+200,-1e+200,ref,cooper,nebraska,covid,-1436029003.56,1191750.0013,-1436029003.56,-1435186309.06,-1436871698.07,-1436787428.62,-1435270578.51,2.0,1420268065590.0,0.125008550516,0.0039130689177,0.125210084034,26,4.07233133368e-14,0.24999911444
769.0,-620.0,-11595.0,-1e+200,-1e+200,-1e+200,-1e+200,2117313.0,1e+200,-1e+200,ref,cooper,nebraska,covid,-1458520444.69,10031626.1235,-1458520444.69,-1451427013.83,-1465613875.54,-1464904532.46,-1452136356.91,2.0,100633522682000.0,0.250017101033,0.0155998617723,0.249579831933,83,4.07233133368e-14,0.25000088556
769.0,-769.0,-4286.0,-1e+200,-1e+200,-1e+200,-1e+200,2823084.0,1e+200,-1e+200,ref,cooper,nebraska,covid,-1473741783.72,15916187.7136,-1473741783.72,-1462487339.46,-1484996227.99,-1483870783.56,-1463612783.89,2.0,253325031336000.0,0.124974348451,0.00195601301258,0.125210084034,105,4.07233133368e-14,0.12500044278
769.0,-769.0,-15250.0,-1e+200,-1e+200,-1e+200,-1e+200,1411542.0,1e+200,-1e+200,ref,cooper,nebraska,covid,-1486139490.63,7969583.62075,-1486139490.63,-1480504144.0,-1491774837.25,-1491211302.58,-1481067678.67,2.0,63514263088100.0,0.250017101033,0.00782619327968,0.125210084034,52,4.07233133368e-14,0.25000088556
769.0,-620.0,-7940.0,-1e+200,-1e+200,-1e+200,-1e+200,2823084.0,1e+200,-1e+200,ref,cooper,nebraska,covid,-1522047578.0,26388902.4749,-1522047578.0,-1503387806.11,-1540707349.88,-1538841372.69,-1505253783.3,2.0,696374173831000.0,0.249982898967,0.00779886386412,0.249579831933,109,4.07233133368e-14,0.12500044278
769.0,-769.0,-11595.0,-1e+200,-1e+200,-1e+200,-1e+200,2117313.0,1e+200,-1e+200,ref,cooper,nebraska,covid,-1550362233.44,627775.218449,-1550362233.44,-1549918329.33,-1550806137.56,-1550761747.15,-1549962719.74,2.0,394101724899.0,0.250017101033,0.00782619327968,0.125210084034,78,4.07233133368e-14,0.25000088556
769.0,-472.0,-11595.0,-1e+200,-1e+200,-1e+200,-1e+200,2823084.0,1e+200,-1e+200,ref,cooper,nebraska,covid,-1609367855.85,16294605.7508,-1609367855.85,-1597845829.62,-1620889882.07,-1619737679.45,-1598998032.24,2.0,265514176574000.0,0.250017101033,0.00779993088613,0.249579831933,113,4.07233133368e-14,0.12500044278
769.0,-620.0,-15250.0,-1e+200,-1e+200,-1e+200,-1e+200,2117313.0,1e+200,-1e+200,ref,cooper,nebraska,covid,-1661381634.18,4591197.07341,-1661381634.18,-1658135167.6,-1664628100.77,-1664303454.11,-1658459814.26,2.0,21079090566900.0,0.250017101033,0.0155998617723,0.249579831933,82,4.07233133368e-14,0.25000088556
769.0,-769.0,-7940.0,-1e+200,-1e+200,-1e+200,-1e+200,2823084.0,1e+200,-1e+200,ref,cooper,nebraska,covid,-1691130704.31,43902773.5261,-1691130704.31,-1660086755.43,-1722174653.18,-1719070258.29,-1663191150.32,2.0,1927453523280000.0,0.249982898967,0.0039125613325,0.125210084034,104,4.07233133368e-14,0.12500044278
769.0,-769.0,-18905.0,-1e+200,-1e+200,-1e+200,-1e+200,1411542.0,1e+200,-1e+200,ref,cooper,nebraska,covid,-1717474318.54,888748.26656,-1717474318.54,-1716845878.61,-1718102758.46,-1718039914.47,-1716908722.6,2.0,789873481314.0,0.125008550516,0.00391309663984,0.125210084034,51,4.07233133368e-14,0.25000088556
769.0,-620.0,-11595.0,-1e+200,-1e+200,-1e+200,-1e+200,2823084.0,1e+200,-1e+200,ref,cooper,nebraska,covid,-1747920019.11,16099836.9471,-1747920019.11,-1736535715.23,-1759304322.99,-1758165892.6,-1737674145.62,2.0,259204749725000.0,0.250017101033,0.00779993088613,0.249579831933,108,4.07233133368e-14,0.12500044278
769.0,-769.0,-15250.0,-1e+200,-1e+200,-1e+200,-1e+200,2117313.0,1e+200,-1e+200,ref,cooper,nebraska,covid,-1771109503.13,7696088.17336,-1771109503.13,-1765667547.0,-1776551459.27,-1776007263.66,-1766211742.61,2.0,59229773172100.0,0.250017101033,0.00782619327968,0.125210084034,77,4.07233133368e-14,0.25000088556
769.0,-769.0,-11595.0,-1e+200,-1e+200,-1e+200,-1e+200,2823084.0,1e+200,-1e+200,ref,cooper,nebraska,covid,-1841194457.38,7107323.54032,-1841194457.38,-1836168820.71,-1846220094.06,-1845717530.39,-1836671384.38,2.0,50514047906800.0,0.250017101033,0.00391309663984,0.125210084034,103,4.07233133368e-14,0.12500044278
769.0,-620.0,-15250.0,-1e+200,-1e+200,-1e+200,-1e+200,2823084.0,1e+200,-1e+200,ref,cooper,nebraska,covid,-1946706426.52,6584058.80483,-1946706426.52,-1942050793.89,-1951362059.15,-1950896495.88,-1942516357.15,2.0,43349830345400.0,0.250017101033,0.00779993088613,0.249579831933,107,4.07233133368e-14,0.12500044278
769.0,-769.0,-18905.0,-1e+200,-1e+200,-1e+200,-1e+200,2117313.0,1e+200,-1e+200,ref,cooper,nebraska,covid,-2000793623.08,194766.88159,-2000793623.08,-2000655902.1,-2000931344.07,-2000917571.97,-2000669674.2,2.0,37934138164.2,0.125008550516,0.00391309663984,0.125210084034,76,4.07233133368e-14,0.25000088556
769.0,-769.0,-15250.0,-1e+200,-1e+200,-1e+200,-1e+200,2823084.0,1e+200,-1e+200,ref,cooper,nebraska,covid,-2047010638.24,1919069.10037,-2047010638.24,-2045653651.47,-2048367625.01,-2048231926.34,-2045789350.14,2.0,3682826212000.0,0.250017101033,0.00391309663984,0.125210084034,102,4.07233133368e-14,0.12500044278
769.0,-769.0,-18905.0,-1e+200,-1e+200,-1e+200,-1e+200,2823084.0,1e+200,-1e+200,ref,cooper,nebraska,covid,-2284749673.08,3813412.96827,-2284749673.08,-2282053182.92,-2287446163.25,-2287176514.24,-2282322831.93,2.0,14542118466500.0,0.125008550516,0.00195654831992,0.125210084034,101,4.07233133368e-14,0.12500044278
769.0,-620.0,-18905.0,-1e+200,-1e+200,-1e+200,-1e+200,2823084.0,1e+200,-1e+200,ref,cooper,nebraska,covid,-119957178304000.0,1233556.3866,-119957178304000.0,-119957177432000.0,-119957179177000.0,-119957179089000.0,-119957177519000.0,2.0,1521661358910.0,0.125008550516,0.00389996544306,0.249579831933,106,4.07233133368e-14,0.12500044278
769.0,-472.0,-15250.0,-1e+200,-1e+200,-1e+200,-1e+200,2823084.0,1e+200,-1e+200,ref,cooper,nebraska,covid,-123446079519000.0,1076837.58169,-123446079519000.0,-123446078758000.0,-123446080281000.0,-123446080204000.0,-123446078834000.0,2.0,1159579177340.0,0.250017101033,0.00779993088613,0.249579831933,112,4.07233133368e-14,0.12500044278
769.0,-323.0,-11595.0,-1e+200,-1e+200,-1e+200,-1e+200,2823084.0,1e+200,-1e+200,ref,cooper,nebraska,covid,-128299954414000.0,43251524.8134,-128299954414000.0,-128299923831000.0,-128299984998000.0,-128299981939000.0,-128299926889000.0,2.0,1870694398680000.0,0.250017101033,0.00782619327968,0.250420168067,118,4.07233133368e-14,0.12500044278
769.0,-174.0,-7940.0,-1e+200,-1e+200,-1e+200,-1e+200,2823084.0,1e+200,-1e+200,ref,cooper,nebraska,covid,-133153778203000.0,40068241.741,-133153778203000.0,-133153749870000.0,-133153806535000.0,-133153803702000.0,-133153752704000.0,2.0,1605463996220000.0,0.249982898967,0.0039125613325,0.125210084034,124,4.07233133368e-14,0.12500044278
769.0,-620.0,-18905.0,-1e+200,-1e+200,-1e+200,-1e+200,2117313.0,1e+200,-1e+200,ref,cooper,nebraska,covid,-135109910697000.0,11124759.6123,-135109910697000.0,-135109902831000.0,-135109918564000.0,-135109917777000.0,-135109903618000.0,2.0,123760276432000.0,0.125008550516,0.00779993088613,0.249579831933,81,4.07233133368e-14,0.25000088556
769.0,-472.0,-15250.0,-1e+200,-1e+200,-1e+200,-1e+200,2117313.0,1e+200,-1e+200,ref,cooper,nebraska,covid,-138598819962000.0,20917866.2899,-138598819962000.0,-138598805170000.0,-138598834753000.0,-138598833274000.0,-138598806650000.0,2.0,437557130123000.0,0.250017101033,0.0155998617723,0.249579831933,87,4.07233133368e-14,0.25000088556
769.0,-323.0,-11595.0,-1e+200,-1e+200,-1e+200,-1e+200,2117313.0,1e+200,-1e+200,ref,cooper,nebraska,covid,-143452664526000.0,24790595.7207,-143452664526000.0,-143452646996000.0,-143452682056000.0,-143452680303000.0,-143452648749000.0,2.0,614573636186000.0,0.250017101033,0.0156523865594,0.250420168067,93,4.07233133368e-14,0.25000088556
769.0,-174.0,-7940.0,-1e+200,-1e+200,-1e+200,-1e+200,2117313.0,1e+200,-1e+200,ref,cooper,nebraska,covid,-148306494173000.0,22984594.4876,-148306494173000.0,-148306477921000.0,-148306510426000.0,-148306508800000.0,-148306479546000.0,2.0,528291583759000.0,0.249982898967,0.00782512266501,0.125210084034,99,4.07233133368e-14,0.25000088556
769.0,-620.0,-18905.0,-1e+200,-1e+200,-1e+200,-1e+200,1411542.0,1e+200,-1e+200,ref,cooper,nebraska,covid,-150262635190000.0,8980905.48816,-150262635190000.0,-150262628840000.0,-150262641541000.0,-150262640906000.0,-150262629475000.0,2.0,80656663387300.0,0.125008550516,0.00779993088613,0.249579831933,56,4.07233133368e-14,0.25000088556
769.0,-472.0,-15250.0,-1e+200,-1e+200,-1e+200,-1e+200,1411542.0,1e+200,-1e+200,ref,cooper,nebraska,covid,-153751531164000.0,733066.240017,-153751531164000.0,-153751530645000.0,-153751531682000.0,-153751531630000.0,-153751530697000.0,2.0,537386112253.0,0.250017101033,0.0155998617723,0.249579831933,62,4.07233133368e-14,0.25000088556
769.0,-323.0,-11595.0,-1e+200,-1e+200,-1e+200,-1e+200,1411542.0,1e+200,-1e+200,ref,cooper,nebraska,covid,-158605402506000.0,41739830.626,-158605402506000.0,-158605372992000.0,-158605432021000.0,-158605429069000.0,-158605375943000.0,2.0,1742213460690000.0,0.250017101033,0.0156523865594,0.250420168067,68,4.07233133368e-14,0.25000088556
769.0,-174.0,-7940.0,-1e+200,-1e+200,-1e+200,-1e+200,1411542.0,1e+200,-1e+200,ref,cooper,nebraska,covid,-163459254190000.0,4373917.84528,-163459254190000.0,-163459251097000.0,-163459257283000.0,-163459256974000.0,-163459251407000.0,2.0,19131157317300.0,0.249982898967,0.00782512266501,0.125210084034,74,4.07233133368e-14,0.25000088556
769.0,-620.0,-18905.0,-1e+200,-1e+200,-1e+200,-1e+200,705771.0,1e+200,-1e+200,ref,cooper,nebraska,covid,-165415361141000.0,8691829.23166,-165415361141000.0,-165415354995000.0,-165415367287000.0,-165415366673000.0,-165415355610000.0,2.0,75547895392400.0,0.125008550516,0.0077998756279,0.249579831933,31,4.07233133368e-14,0.24999911444
769.0,-472.0,-15250.0,-1e+200,-1e+200,-1e+200,-1e+200,705771.0,1e+200,-1e+200,ref,cooper,nebraska,covid,-168904270570000.0,7910601.26377,-168904270570000.0,-168904264976000.0,-168904276163000.0,-168904275604000.0,-168904265536000.0,2.0,62577612354400.0,0.250017101033,0.0155997512558,0.249579831933,37,4.07233133368e-14,0.24999911444
769.0,-323.0,-11595.0,-1e+200,-1e+200,-1e+200,-1e+200,705771.0,1e+200,-1e+200,ref,cooper,nebraska,covid,-173758122389000.0,14024377.1761,-173758122389000.0,-173758112472000.0,-173758132305000.0,-173758131314000.0,-173758113464000.0,2.0,196683155177000.0,0.250017101033,0.0156522756708,0.250420168067,43,4.07233133368e-14,0.24999911444
769.0,-174.0,-7940.0,-1e+200,-1e+200,-1e+200,-1e+200,705771.0,1e+200,-1e+200,ref,cooper,nebraska,covid,-178611941687000.0,19833475.6035,-178611941687000.0,-178611927663000.0,-178611955712000.0,-178611954309000.0,-178611929065000.0,2.0,393366754516000.0,0.249982898967,0.00782506722831,0.125210084034,49,4.07233133368e-14,0.24999911444
769.0,-620.0,-18905.0,-1e+200,-1e+200,-1e+200,-1e+200,10.0,1e+200,-1e+200,ref,cooper,nebraska,covid,-180567873564000.0,5126645.96275,-180567873564000.0,-180567869939000.0,-180567877189000.0,-180567876826000.0,-180567870301000.0,2.0,26282498827300.0,0.125008550516,0.00389991018484,0.249579831933,6,4.07233133368e-14,0.124998671661
769.0,-472.0,-15250.0,-1e+200,-1e+200,-1e+200,-1e+200,10.0,1e+200,-1e+200,ref,cooper,nebraska,covid,-184056777699000.0,14899275.8665,-184056777699000.0,-184056767164000.0,-184056788235000.0,-184056787181000.0,-184056768218000.0,2.0,221988421347000.0,0.250017101033,0.00779982036967,0.249579831933,12,4.07233133368e-14,0.124998671661
769.0,-323.0,-11595.0,-1e+200,-1e+200,-1e+200,-1e+200,10.0,1e+200,-1e+200,ref,cooper,nebraska,covid,-188910616071000.0,7064008.01357,-188910616071000.0,-188910611076000.0,-188910621066000.0,-188910620567000.0,-188910611576000.0,2.0,49900209215800.0,0.250017101033,0.00782608239112,0.250420168067,18,4.07233133368e-14,0.124998671661
769.0,-174.0,-7940.0,-1e+200,-1e+200,-1e+200,-1e+200,10.0,1e+200,-1e+200,ref,cooper,nebraska,covid,-193764444573000.0,9082746.54232,-193764444573000.0,-193764438150000.0,-193764450995000.0,-193764450353000.0,-193764438793000.0,2.0,82496284752100.0,0.249982898967,0.00391250589581,0.125210084034,24,4.07233133368e-14,0.124998671661
769.0,-472.0,-18905.0,-1e+200,-1e+200,-1e+200,-1e+200,2823084.0,1e+200,-1e+200,ref,cooper,nebraska,covid,-321970115632000.0,7256727.09416,-321970115632000.0,-321970110501000.0,-321970120764000.0,-321970120250000.0,-321970111014000.0,2.0,52660088119100.0,0.125008550516,0.00389996544306,0.249579831933,111,4.07233133368e-14,0.12500044278
769.0,-323.0,-15250.0,-1e+200,-1e+200,-1e+200,-1e+200,2823084.0,1e+200,-1e+200,ref,cooper,nebraska,covid,-326823966424000.0,11994818.7203,-326823966424000.0,-326823957943000.0,-326823974906000.0,-326823974058000.0,-326823958791000.0,2.0,143875676134000.0,0.250017101033,0.00782619327968,0.250420168067,117,4.07233133368e-14,0.12500044278
769.0,-174.0,-11595.0,-1e+200,-1e+200,-1e+200,-1e+200,2823084.0,1e+200,-1e+200,ref,cooper,nebraska,covid,-331677797904000.0,1205121.95459,-331677797904000.0,-331677797052000.0,-331677798756000.0,-331677798671000.0,-331677797137000.0,2.0,1452318925440.0,0.250017101033,0.00391309663984,0.125210084034,123,4.07233133368e-14,0.12500044278
769.0,-472.0,-18905.0,-1e+200,-1e+200,-1e+200,-1e+200,2117313.0,1e+200,-1e+200,ref,cooper,nebraska,covid,-337122845727000.0,7394768.61256,-337122845727000.0,-337122840498000.0,-337122850956000.0,-337122850433000.0,-337122841021000.0,2.0,54682602833400.0,0.125008550516,0.00779993088613,0.249579831933,86,4.07233133368e-14,0.25000088556
769.0,-323.0,-15250.0,-1e+200,-1e+200,-1e+200,-1e+200,2117313.0,1e+200,-1e+200,ref,cooper,nebraska,covid,-341976697610000.0,4865538.07754,-341976697610000.0,-341976694169000.0,-341976701050000.0,-341976700706000.0,-341976694513000.0,2.0,23673460784000.0,0.250017101033,0.0156523865594,0.250420168067,92,4.07233133368e-14,0.25000088556
769.0,-174.0,-11595.0,-1e+200,-1e+200,-1e+200,-1e+200,2117313.0,1e+200,-1e+200,ref,cooper,nebraska,covid,-346830527230000.0,6353989.89699,-346830527230000.0,-346830522737000.0,-346830531723000.0,-346830531274000.0,-346830523186000.0,2.0,40373187611000.0,0.250017101033,0.00782619327968,0.125210084034,98,4.07233133368e-14,0.25000088556
769.0,-472.0,-18905.0,-1e+200,-1e+200,-1e+200,-1e+200,1411542.0,1e+200,-1e+200,ref,cooper,nebraska,covid,-352275571773000.0,19276514.3737,-352275571773000.0,-352275558143000.0,-352275585404000.0,-352275584041000.0,-352275559506000.0,2.0,371584006398000.0,0.125008550516,0.00779993088613,0.249579831933,61,4.07233133368e-14,0.25000088556
769.0,-323.0,-15250.0,-1e+200,-1e+200,-1e+200,-1e+200,1411542.0,1e+200,-1e+200,ref,cooper,nebraska,covid,-357129409802000.0,4233246.33159,-357129409802000.0,-357129406808000.0,-357129412795000.0,-357129412496000.0,-357129407108000.0,2.0,17920374503900.0,0.250017101033,0.0156523865594,0.250420168067,67,4.07233133368e-14,0.25000088556
769.0,-174.0,-11595.0,-1e+200,-1e+200,-1e+200,-1e+200,1411542.0,1e+200,-1e+200,ref,cooper,nebraska,covid,-361983278065000.0,31021695.7182,-361983278065000.0,-361983256129000.0,-361983300000000.0,-361983297807000.0,-361983258323000.0,2.0,962345605233000.0,0.250017101033,0.00782619327968,0.125210084034,73,4.07233133368e-14,0.25000088556
769.0,-472.0,-18905.0,-1e+200,-1e+200,-1e+200,-1e+200,705771.0,1e+200,-1e+200,ref,cooper,nebraska,covid,-367428298794000.0,16744246.7266,-367428298794000.0,-367428286954000.0,-367428310634000.0,-367428309450000.0,-367428288138000.0,2.0,280369798442000.0,0.125008550516,0.0077998756279,0.249579831933,36,4.07233133368e-14,0.24999911444
769.0,-323.0,-15250.0,-1e+200,-1e+200,-1e+200,-1e+200,705771.0,1e+200,-1e+200,ref,cooper,nebraska,covid,-372282135767000.0,3659609.26991,-372282135767000.0,-372282133180000.0,-372282138355000.0,-372282138096000.0,-372282133438000.0,2.0,13392740008400.0,0.250017101033,0.0156522756708,0.250420168067,42,4.07233133368e-14,0.24999911444
769.0,-174.0,-11595.0,-1e+200,-1e+200,-1e+200,-1e+200,705771.0,1e+200,-1e+200,ref,cooper,nebraska,covid,-377135977207000.0,9612085.86113,-377135977207000.0,-377135970410000.0,-377135984004000.0,-377135983324000.0,-377135971090000.0,2.0,92392194601700.0,0.250017101033,0.0078261378354,0.125210084034,48,4.07233133368e-14,0.24999911444
769.0,-472.0,-18905.0,-1e+200,-1e+200,-1e+200,-1e+200,10.0,1e+200,-1e+200,ref,cooper,nebraska,covid,-382580814603000.0,27453826.3937,-382580814603000.0,-382580795190000.0,-382580834015000.0,-382580832074000.0,-382580797131000.0,2.0,753712583655000.0,0.125008550516,0.00389991018484,0.249579831933,11,4.07233133368e-14,0.124998671661
769.0,-323.0,-15250.0,-1e+200,-1e+200,-1e+200,-1e+200,10.0,1e+200,-1e+200,ref,cooper,nebraska,covid,-387434669938000.0,13126147.8951,-387434669938000.0,-387434660656000.0,-387434679219000.0,-387434678291000.0,-387434661584000.0,2.0,172295758565000.0,0.250017101033,0.00782608239112,0.250420168067,17,4.07233133368e-14,0.124998671661
769.0,-174.0,-11595.0,-1e+200,-1e+200,-1e+200,-1e+200,10.0,1e+200,-1e+200,ref,cooper,nebraska,covid,-392288503055000.0,17517808.1986,-392288503055000.0,-392288490668000.0,-392288515442000.0,-392288514203000.0,-392288491906000.0,2.0,306873604083000.0,0.250017101033,0.00391304119556,0.125210084034,23,4.07233133368e-14,0.124998671661
769.0,-323.0,-18905.0,-1e+200,-1e+200,-1e+200,-1e+200,2823084.0,1e+200,-1e+200,ref,cooper,nebraska,covid,-525348011287000.0,13053650.9769,-525348011287000.0,-525348002056000.0,-525348020517000.0,-525348019594000.0,-525348002979000.0,2.0,170397803826000.0,0.125008550516,0.00391309663984,0.250420168067,116,4.07233133368e-14,0.12500044278
769.0,-174.0,-15250.0,-1e+200,-1e+200,-1e+200,-1e+200,2823084.0,1e+200,-1e+200,ref,cooper,nebraska,covid,-530201858544000.0,19665065.3957,-530201858544000.0,-530201844638000.0,-530201872449000.0,-530201871058000.0,-530201846029000.0,2.0,386714797016000.0,0.250017101033,0.00391309663984,0.125210084034,122,4.07233133368e-14,0.12500044278
769.0,-323.0,-18905.0,-1e+200,-1e+200,-1e+200,-1e+200,2117313.0,1e+200,-1e+200,ref,cooper,nebraska,covid,-540500744880000.0,35161842.3381,-540500744880000.0,-540500720017000.0,-540500769743000.0,-540500767257000.0,-540500722503000.0,2.0,1236355156610000.0,0.125008550516,0.00782619327968,0.250420168067,91,4.07233133368e-14,0.25000088556
769.0,-174.0,-15250.0,-1e+200,-1e+200,-1e+200,-1e+200,2117313.0,1e+200,-1e+200,ref,cooper,nebraska,covid,-545354578346000.0,29976601.309,-545354578346000.0,-545354557149000.0,-545354599543000.0,-545354597423000.0,-545354559269000.0,2.0,898596626037000.0,0.250017101033,0.00782619327968,0.125210084034,97,4.07233133368e-14,0.25000088556
769.0,-323.0,-18905.0,-1e+200,-1e+200,-1e+200,-1e+200,1411542.0,1e+200,-1e+200,ref,cooper,nebraska,covid,-555653441744000.0,2777190.16738,-555653441744000.0,-555653439780000.0,-555653443708000.0,-555653443511000.0,-555653439977000.0,2.0,7712785225800.0,0.125008550516,0.00782619327968,0.250420168067,66,4.07233133368e-14,0.25000088556
769.0,-174.0,-15250.0,-1e+200,-1e+200,-1e+200,-1e+200,1411542.0,1e+200,-1e+200,ref,cooper,nebraska,covid,-560507305440000.0,35040704.7376,-560507305440000.0,-560507280662000.0,-560507330217000.0,-560507327740000.0,-560507283140000.0,2.0,1227850988510000.0,0.250017101033,0.00782619327968,0.125210084034,72,4.07233133368e-14,0.25000088556
769.0,-323.0,-18905.0,-1e+200,-1e+200,-1e+200,-1e+200,705771.0,1e+200,-1e+200,ref,cooper,nebraska,covid,-570806188277000.0,11995655.8022,-570806188277000.0,-570806179795000.0,-570806196759000.0,-570806195911000.0,-570806180643000.0,2.0,143895758124000.0,0.125008550516,0.0078261378354,0.250420168067,41,4.07233133368e-14,0.24999911444
769.0,-174.0,-15250.0,-1e+200,-1e+200,-1e+200,-1e+200,705771.0,1e+200,-1e+200,ref,cooper,nebraska,covid,-575660044406000.0,39561813.6211,-575660044406000.0,-575660016432000.0,-575660072380000.0,-575660069583000.0,-575660019229000.0,2.0,1565137096990000.0,0.250017101033,0.0078261378354,0.125210084034,47,4.07233133368e-14,0.24999911444
769.0,-323.0,-18905.0,-1e+200,-1e+200,-1e+200,-1e+200,10.0,1e+200,-1e+200,ref,cooper,nebraska,covid,-585958686366000.0,10601968.0471,-585958686366000.0,-585958678869000.0,-585958693862000.0,-585958693113000.0,-585958679619000.0,2.0,112401726471000.0,0.125008550516,0.00391304119556,0.250420168067,16,4.07233133368e-14,0.124998671661
769.0,-174.0,-15250.0,-1e+200,-1e+200,-1e+200,-1e+200,10.0,1e+200,-1e+200,ref,cooper,nebraska,covid,-590812562478000.0,62773887.5422,-590812562478000.0,-590812518091000.0,-590812606866000.0,-590812602428000.0,-590812522529000.0,2.0,3940560957160000.0,0.250017101033,0.00391304119556,0.125210084034,22,4.07233133368e-14,0.124998671661
769.0,-174.0,-18905.0,-1e+200,-1e+200,-1e+200,-1e+200,2823084.0,1e+200,-1e+200,ref,cooper,nebraska,covid,-728725866317000.0,3652479.99838,-728725866317000.0,-728725863734000.0,-728725868900000.0,-728725868641000.0,-728725863993000.0,2.0,13340610138500.0,0.125008550516,0.00195654831992,0.125210084034,121,4.07233133368e-14,0.12500044278
769.0,-174.0,-18905.0,-1e+200,-1e+200,-1e+200,-1e+200,2117313.0,1e+200,-1e+200,ref,cooper,nebraska,covid,-743878614239000.0,32512350.7498,-743878614239000.0,-743878591249000.0,-743878637228000.0,-743878634929000.0,-743878593548000.0,2.0,1057052951280000.0,0.125008550516,0.00391309663984,0.125210084034,96,4.07233133368e-14,0.25000088556
769.0,-174.0,-18905.0,-1e+200,-1e+200,-1e+200,-1e+200,1411542.0,1e+200,-1e+200,ref,cooper,nebraska,covid,-759031358031000.0,55404403.8748,-759031358031000.0,-759031318854000.0,-759031397208000.0,-759031393290000.0,-759031322772000.0,2.0,3069647968730000.0,0.125008550516,0.00391309663984,0.125210084034,71,4.07233133368e-14,0.25000088556
769.0,-174.0,-18905.0,-1e+200,-1e+200,-1e+200,-1e+200,705771.0,1e+200,-1e+200,ref,cooper,nebraska,covid,-774184052267000.0,3435972.21048,-774184052267000.0,-774184049838000.0,-774184054697000.0,-774184054454000.0,-774184050081000.0,2.0,11805905031200.0,0.125008550516,0.0039130689177,0.125210084034,46,4.07233133368e-14,0.24999911444
769.0,-174.0,-18905.0,-1e+200,-1e+200,-1e+200,-1e+200,10.0,1e+200,-1e+200,ref,cooper,nebraska,covid,-789336565509000.0,8647604.71854,-789336565509000.0,-789336559394000.0,-789336571623000.0,-789336571012000.0,-789336560005000.0,2.0,74781067368100.0,0.125008550516,0.00195652059778,0.125210084034,21,4.07233133368e-14,0.124998671661
