npp_capacity,htse_capacity,ft_capacity,ft_elec_consumption_capacity,electricity_market_capacity,naphtha_market_capacity,jet_fuel_market_capacity,diesel_market_capacity,h2_storage_capacity,h2_import_capacity,h2_export_capacity,scenario_label,location_label,fuel_region_label,elec_data_label,mean_NPV,std_NPV,med_NPV,max_NPV,min_NPV,perc_5_NPV,perc_95_NPV,samp_NPV,var_NPV,ProbabilityWeight-h2_storage_capacity,ProbabilityWeight-ft_capacity,PointProbability,prefix,ProbabilityWeight-htse_capacity,ProbabilityWeight
1193.0,-985.0,-24756.0,-14.9,-1e+200,-1e+200,-1e+200,-1e+200,264059.0,1e+200,-1e+200,ref,braidwood,illinois,covid,3185580580.72,1341212.65482,3185967604.18,3186675616.22,3183711498.31,3183982463.54,3186636865.06,4.0,1798851385450.0,0.249997869776,0.125,5.88667788813e-14,6,0.125,0.00390621671525
1193.0,-985.0,-24756.0,-14.9,-1e+200,-1e+200,-1e+200,-1e+200,528119.0,1e+200,-1e+200,ref,braidwood,illinois,covid,3083347170.79,2558259.74857,3082753767.01,3086944877.54,3080936271.58,3081164665.75,3086360441.11,4.0,6544692941170.0,0.250002603607,0.125,5.88667788813e-14,11,0.125,0.00390629068136
1193.0,-985.0,-24756.0,-14.9,-1e+200,-1e+200,-1e+200,-1e+200,792178.0,1e+200,-1e+200,ref,braidwood,illinois,covid,2980602114.79,2130478.35057,2980252901.8,2983512971.72,2978389683.85,2978661684.7,2983031443.07,4.0,4538938002260.0,0.250002130224,0.125,5.88667788813e-14,16,0.125,0.00390628328475
1193.0,-985.0,-24756.0,-14.9,-1e+200,-1e+200,-1e+200,-1e+200,1056237.0,1e+200,-1e+200,ref,braidwood,illinois,covid,2878018710.65,2885879.78653,2878924470.51,2880406307.56,2873819594.01,2874574249.35,2880195108.14,4.0,8328302142320.0,0.125001065112,0.125,5.88667788813e-14,21,0.125,0.00195314164237
1193.0,-785.0,-19730.0,-14.9,-1e+200,-1e+200,-1e+200,-1e+200,264059.0,1e+200,-1e+200,ref,braidwood,illinois,covid,2876065245.52,4854249.43058,2875719706.12,2881703942.2,2871117627.65,2871408553.4,2881205692.8,4.0,23563737534300.0,0.249997869776,0.25,5.88667788813e-14,32,0.25,0.015624866861
1193.0,-985.0,-19730.0,-14.9,-1e+200,-1e+200,-1e+200,-1e+200,10.0,1e+200,-1e+200,ref,braidwood,illinois,covid,2786324118.63,4198885.44021,2785463656.86,2792176972.91,2782192187.87,2782652466.55,2791200417.17,4.0,17630638940000.0,0.124996331281,0.25,5.88667788813e-14,26,0.125,0.00390613535253
1193.0,-785.0,-19730.0,-14.9,-1e+200,-1e+200,-1e+200,-1e+200,528119.0,1e+200,-1e+200,ref,braidwood,illinois,covid,2770802064.94,5165500.97016,2770393778.6,2776101392.47,2766319310.06,2766334847.72,2775840883.01,4.0,26682400272700.0,0.250002603607,0.25,5.88667788813e-14,37,0.25,0.0156251627254
1193.0,-985.0,-19730.0,-14.9,-1e+200,-1e+200,-1e+200,-1e+200,264059.0,1e+200,-1e+200,ref,braidwood,illinois,covid,2765588425.96,4587413.37436,2765954956.05,2770729940.71,2759713851.04,2760503101.33,2770160608.48,4.0,21044361467300.0,0.249997869776,0.25,5.88667788813e-14,31,0.125,0.0078124334305
1193.0,-785.0,-19730.0,-14.9,-1e+200,-1e+200,-1e+200,-1e+200,792178.0,1e+200,-1e+200,ref,braidwood,illinois,covid,2672865558.2,6752562.12888,2673930030.74,2679293706.57,2664308464.75,2665277593.54,2678963261.31,4.0,45597095304400.0,0.250002130224,0.25,5.88667788813e-14,42,0.25,0.015625133139
1193.0,-985.0,-19730.0,-14.9,-1e+200,-1e+200,-1e+200,-1e+200,528119.0,1e+200,-1e+200,ref,braidwood,illinois,covid,2657929050.22,6348900.56848,2656753011.22,2666182622.74,2652027555.7,2652322711.35,2665181843.69,4.0,40308538428500.0,0.250002603607,0.25,5.88667788813e-14,36,0.125,0.00781258136272
1193.0,-785.0,-19730.0,-14.9,-1e+200,-1e+200,-1e+200,-1e+200,1056237.0,1e+200,-1e+200,ref,braidwood,illinois,covid,2569927482.59,6134082.34435,2572160044.63,2574300701.7,2561089139.39,2562497193.79,2574232184.52,4.0,37626966207300.0,0.125001065112,0.25,5.88667788813e-14,47,0.25,0.0078125665695
1193.0,-585.0,-14704.0,-14.9,-1e+200,-1e+200,-1e+200,-1e+200,264059.0,1e+200,-1e+200,ref,braidwood,illinois,covid,2569464380.77,6762415.90526,2567673759.42,2579104423.96,2563405580.27,2563932626.16,2577503005.26,4.0,45730268875700.0,0.249997869776,0.25,5.88667788813e-14,58,0.25,0.015624866861
1193.0,-985.0,-19730.0,-14.9,-1e+200,-1e+200,-1e+200,-1e+200,792178.0,1e+200,-1e+200,ref,braidwood,illinois,covid,2555336873.23,1645225.40248,2555179379.67,2557496930.35,2553491803.25,2553742426.47,2557151810.98,4.0,2706766624960.0,0.250002130224,0.25,5.88667788813e-14,41,0.125,0.0078125665695
1193.0,-785.0,-14704.0,-14.9,-1e+200,-1e+200,-1e+200,-1e+200,10.0,1e+200,-1e+200,ref,braidwood,illinois,covid,2488230004.48,5227194.45887,2487884028.16,2494842653.5,2482309308.1,2482963356.75,2493981019.05,4.0,27323561910800.0,0.124996331281,0.25,5.88667788813e-14,52,0.25,0.00781227070507
1193.0,-585.0,-14704.0,-14.9,-1e+200,-1e+200,-1e+200,-1e+200,528119.0,1e+200,-1e+200,ref,braidwood,illinois,covid,2474095534.27,6950151.15336,2476332385.74,2479714665.76,2464002699.83,2465723692.43,2479335784.04,4.0,48304601054600.0,0.250002603607,0.25,5.88667788813e-14,63,0.25,0.0156251627254
1193.0,-985.0,-19730.0,-14.9,-1e+200,-1e+200,-1e+200,-1e+200,1056237.0,1e+200,-1e+200,ref,braidwood,illinois,covid,2453599030.34,4878508.03397,2453951085.08,2458692088.65,2447801862.54,2448362916.51,2458342267.53,4.0,23799840637600.0,0.125001065112,0.25,5.88667788813e-14,46,0.125,0.00390628328475
1193.0,-785.0,-14704.0,-14.9,-1e+200,-1e+200,-1e+200,-1e+200,264059.0,1e+200,-1e+200,ref,braidwood,illinois,covid,2448344338.27,3800110.40545,2446892077.14,2453912321.23,2445680877.57,2445756071.49,2452965770.64,4.0,14440839093600.0,0.249997869776,0.25,5.88667788813e-14,57,0.25,0.015624866861
1193.0,-585.0,-14704.0,-14.9,-1e+200,-1e+200,-1e+200,-1e+200,792178.0,1e+200,-1e+200,ref,braidwood,illinois,covid,2365551756.26,3567606.32685,2364468875.03,2370724042.51,2362545232.46,2362810919.02,2369808627.22,4.0,12727814903400.0,0.250002130224,0.25,5.88667788813e-14,68,0.25,0.015625133139
1193.0,-785.0,-14704.0,-14.9,-1e+200,-1e+200,-1e+200,-1e+200,528119.0,1e+200,-1e+200,ref,braidwood,illinois,covid,2349202084.16,10792290.113,2350603374.64,2360437831.98,2335163755.38,2336980211.29,2359462150.36,4.0,116473525883000.0,0.250002603607,0.25,5.88667788813e-14,62,0.25,0.0156251627254
1193.0,-985.0,-14704.0,-14.9,-1e+200,-1e+200,-1e+200,-1e+200,264059.0,1e+200,-1e+200,ref,braidwood,illinois,covid,2302232487.86,6720158.97044,2301261949.98,2309977342.67,2296428708.81,2296483452.63,2309340276.13,4.0,45160536588000.0,0.249997869776,0.25,5.88667788813e-14,56,0.125,0.0078124334305
1193.0,-985.0,-14704.0,-14.9,-1e+200,-1e+200,-1e+200,-1e+200,10.0,1e+200,-1e+200,ref,braidwood,illinois,covid,2296306499.56,3279532.22599,2296241525.6,2299500345.14,2293242601.88,2293314907.5,2299389055.15,4.0,10755331621300.0,0.124996331281,0.25,5.88667788813e-14,51,0.125,0.00390613535253
1193.0,-385.0,-9678.0,-14.9,-1e+200,-1e+200,-1e+200,-1e+200,264059.0,1e+200,-1e+200,ref,braidwood,illinois,covid,2278393090.03,12212163.8377,2281711730.3,2289210491.85,2260938407.66,2263850329.65,2288289754.03,4.0,149136945599000.0,0.249997869776,0.25,5.88667788813e-14,84,0.25,0.015624866861
1193.0,-585.0,-14704.0,-14.9,-1e+200,-1e+200,-1e+200,-1e+200,1056237.0,1e+200,-1e+200,ref,braidwood,illinois,covid,2265943265.25,9348050.25244,2265253154.2,2276483229.2,2256783523.39,2257190888.34,2275661797.62,4.0,87386043522100.0,0.125001065112,0.25,5.88667788813e-14,73,0.25,0.0078125665695
1193.0,-785.0,-14704.0,-14.9,-1e+200,-1e+200,-1e+200,-1e+200,792178.0,1e+200,-1e+200,ref,braidwood,illinois,covid,2245342891.31,5421216.38023,2244763599.44,2252426823.48,2239417542.89,2240061924.44,2251434866.8,4.0,29389587041300.0,0.250002130224,0.25,5.88667788813e-14,67,0.25,0.015625133139
1193.0,-985.0,-14704.0,-14.9,-1e+200,-1e+200,-1e+200,-1e+200,528119.0,1e+200,-1e+200,ref,braidwood,illinois,covid,2198041258.19,6502213.32213,2200717073.7,2202360210.31,2188370675.06,2190160531.29,2202175843.39,4.0,42278778086500.0,0.250002603607,0.25,5.88667788813e-14,61,0.125,0.00781258136272
1193.0,-585.0,-9678.0,-14.9,-1e+200,-1e+200,-1e+200,-1e+200,10.0,1e+200,-1e+200,ref,braidwood,illinois,covid,2188546160.49,7979847.78662,2188366774.28,2198258956.36,2179192137.04,2180247785.14,2197095676.54,4.0,63677970697700.0,0.124996331281,0.25,5.88667788813e-14,78,0.25,0.00781227070507
1193.0,-385.0,-9678.0,-14.9,-1e+200,-1e+200,-1e+200,-1e+200,528119.0,1e+200,-1e+200,ref,braidwood,illinois,covid,2177491677.6,9326847.23287,2178392427.2,2185896574.93,2167285281.06,2167976152.76,2185746153.0,4.0,86990079305200.0,0.250002603607,0.25,5.88667788813e-14,89,0.25,0.0156251627254
1193.0,-585.0,-9678.0,-14.9,-1e+200,-1e+200,-1e+200,-1e+200,264059.0,1e+200,-1e+200,ref,braidwood,illinois,covid,2148488612.28,5833377.72939,2149844257.61,2153927710.56,2140338223.35,2141599924.42,2153479396.68,4.0,34028295733700.0,0.249997869776,0.25,5.88667788813e-14,83,0.25,0.015624866861
1193.0,-785.0,-14704.0,-14.9,-1e+200,-1e+200,-1e+200,-1e+200,1056237.0,1e+200,-1e+200,ref,braidwood,illinois,covid,2138991277.44,8936787.64623,2140058487.35,2148764263.23,2127083871.82,2129013948.24,2147474512.76,4.0,79866173433900.0,0.125001065112,0.25,5.88667788813e-14,72,0.25,0.0078125665695
1193.0,-985.0,-14704.0,-14.9,-1e+200,-1e+200,-1e+200,-1e+200,792178.0,1e+200,-1e+200,ref,braidwood,illinois,covid,2098375731.49,6291732.06695,2097452528.56,2106740634.12,2091857234.71,2092469273.25,2105574673.82,4.0,39585892402300.0,0.250002130224,0.25,5.88667788813e-14,66,0.125,0.0078125665695
1193.0,-385.0,-9678.0,-14.9,-1e+200,-1e+200,-1e+200,-1e+200,792178.0,1e+200,-1e+200,ref,braidwood,illinois,covid,2065333737.21,13411468.9333,2062024761.79,2084280737.07,2053004688.17,2054082957.39,2081217082.6,4.0,179867498950000.0,0.250002130224,0.25,5.88667788813e-14,94,0.25,0.015625133139
1193.0,-585.0,-9678.0,-14.9,-1e+200,-1e+200,-1e+200,-1e+200,528119.0,1e+200,-1e+200,ref,braidwood,illinois,covid,2024159882.15,5637910.53988,2025264072.57,2029635034.93,2016476348.52,2017584891.97,2029189005.73,4.0,31786035255700.0,0.250002603607,0.25,5.88667788813e-14,88,0.25,0.0156251627254
1193.0,-185.0,-4652.0,-14.9,-1e+200,-1e+200,-1e+200,-1e+200,264059.0,1e+200,-1e+200,ref,braidwood,illinois,covid,1994890045.03,13126835.2189,1996047464.33,2007860648.86,1979604602.58,1980946627.73,2007213075.3,4.0,172313802864000.0,0.249997869776,0.125,5.88667788813e-14,110,0.125,0.00390621671525
1193.0,-985.0,-14704.0,-14.9,-1e+200,-1e+200,-1e+200,-1e+200,1056237.0,1e+200,-1e+200,ref,braidwood,illinois,covid,1990866188.3,10844421.1542,1990362405.35,2002734024.54,1980005917.98,1980533749.66,2001903923.09,4.0,117601470171000.0,0.125001065112,0.25,5.88667788813e-14,71,0.125,0.00390628328475
1193.0,-785.0,-9678.0,-14.9,-1e+200,-1e+200,-1e+200,-1e+200,10.0,1e+200,-1e+200,ref,braidwood,illinois,covid,1987468589.35,6646803.21461,1984919378.79,1997122486.21,1982913113.61,1982963213.51,1995542859.97,4.0,44179992973800.0,0.124996331281,0.25,5.88667788813e-14,77,0.25,0.00781227070507
1193.0,-785.0,-9678.0,-14.9,-1e+200,-1e+200,-1e+200,-1e+200,264059.0,1e+200,-1e+200,ref,braidwood,illinois,covid,1978635156.15,12127534.9724,1980556018.52,1990230631.34,1963197956.23,1964972654.62,1989608450.37,4.0,147077104506000.0,0.249997869776,0.25,5.88667788813e-14,82,0.25,0.015624866861
1193.0,-385.0,-9678.0,-14.9,-1e+200,-1e+200,-1e+200,-1e+200,1056237.0,1e+200,-1e+200,ref,braidwood,illinois,covid,1970272892.82,8360087.91213,1969614410.08,1979024856.59,1962837894.51,1962924069.83,1978543591.63,4.0,69891069898600.0,0.125001065112,0.25,5.88667788813e-14,99,0.25,0.0078125665695
1193.0,-585.0,-9678.0,-14.9,-1e+200,-1e+200,-1e+200,-1e+200,792178.0,1e+200,-1e+200,ref,braidwood,illinois,covid,1933869232.36,12300450.4177,1932598235.3,1949009264.17,1921271194.65,1922130108.42,1947387752.18,4.0,151301080479000.0,0.250002130224,0.25,5.88667788813e-14,93,0.25,0.015625133139
1193.0,-185.0,-4652.0,-14.9,-1e+200,-1e+200,-1e+200,-1e+200,528119.0,1e+200,-1e+200,ref,braidwood,illinois,covid,1902774849.95,6467645.41754,1903493042.27,1909551152.02,1894562163.24,1895548526.49,1908995704.16,4.0,41830437247000.0,0.250002603607,0.125,5.88667788813e-14,115,0.125,0.00390629068136
1193.0,-385.0,-4652.0,-14.9,-1e+200,-1e+200,-1e+200,-1e+200,10.0,1e+200,-1e+200,ref,braidwood,illinois,covid,1898429965.64,13985572.2113,1897782683.42,1914569896.04,1883584599.66,1884627104.52,1913139021.86,4.0,195596230078000.0,0.124996331281,0.125,5.88667788813e-14,104,0.25,0.00390613535253
1193.0,-785.0,-9678.0,-14.9,-1e+200,-1e+200,-1e+200,-1e+200,528119.0,1e+200,-1e+200,ref,braidwood,illinois,covid,1870864774.49,3826362.42957,1869548434.85,1876346900.32,1868015327.92,1868084976.34,1875487448.11,4.0,14641049442400.0,0.250002603607,0.25,5.88667788813e-14,87,0.25,0.0156251627254
1193.0,-385.0,-4652.0,-14.9,-1e+200,-1e+200,-1e+200,-1e+200,264059.0,1e+200,-1e+200,ref,braidwood,illinois,covid,1838283294.67,8509847.21151,1835209696.58,1850691948.39,1832021837.15,1832258661.66,1848610965.02,4.0,72417499563200.0,0.249997869776,0.125,5.88667788813e-14,109,0.25,0.0078124334305
1193.0,-585.0,-9678.0,-14.9,-1e+200,-1e+200,-1e+200,-1e+200,1056237.0,1e+200,-1e+200,ref,braidwood,illinois,covid,1834240702.0,6282244.66238,1832820581.41,1842214112.36,1829107532.84,1829140116.1,1841329456.74,4.0,39466597998000.0,0.125001065112,0.25,5.88667788813e-14,98,0.25,0.0078125665695
1193.0,-985.0,-9678.0,-14.9,-1e+200,-1e+200,-1e+200,-1e+200,264059.0,1e+200,-1e+200,ref,braidwood,illinois,covid,1814437184.2,11952192.4122,1817573537.57,1824169057.17,1798432604.48,1800495723.51,1823987750.16,4.0,142854903459000.0,0.249997869776,0.25,5.88667788813e-14,81,0.125,0.0078124334305
1193.0,-985.0,-9678.0,-14.9,-1e+200,-1e+200,-1e+200,-1e+200,10.0,1e+200,-1e+200,ref,braidwood,illinois,covid,1805232518.2,12356497.3015,1807551625.81,1817187792.18,1788639029.01,1790904537.67,1816313748.09,4.0,152683025562000.0,0.124996331281,0.25,5.88667788813e-14,76,0.125,0.00390613535253
1193.0,-185.0,-4652.0,-14.9,-1e+200,-1e+200,-1e+200,-1e+200,792178.0,1e+200,-1e+200,ref,braidwood,illinois,covid,1792386557.06,8267834.09691,1792160317.42,1800153345.6,1785072247.8,1785122837.42,1799967012.19,4.0,68357080654000.0,0.250002130224,0.125,5.88667788813e-14,120,0.125,0.00390628328475
1193.0,-785.0,-9678.0,-14.9,-1e+200,-1e+200,-1e+200,-1e+200,792178.0,1e+200,-1e+200,ref,braidwood,illinois,covid,1771219108.9,3389808.19528,1771273914.06,1775178859.64,1767149747.83,1767610086.65,1774751403.92,4.0,11490799600800.0,0.250002130224,0.25,5.88667788813e-14,92,0.25,0.015625133139
1193.0,-385.0,-4652.0,-14.9,-1e+200,-1e+200,-1e+200,-1e+200,528119.0,1e+200,-1e+200,ref,braidwood,illinois,covid,1729606398.77,11902989.4067,1727069096.83,1745833805.6,1718453595.84,1719221414.91,1743543605.36,4.0,141681156815000.0,0.250002603607,0.125,5.88667788813e-14,114,0.25,0.00781258136272
1193.0,-585.0,-4652.0,-14.9,-1e+200,-1e+200,-1e+200,-1e+200,10.0,1e+200,-1e+200,ref,braidwood,illinois,covid,1708621523.7,9950913.03796,1710332046.78,1718855838.44,1694966162.8,1697269733.46,1717578581.63,4.0,99020670289000.0,0.124996331281,0.125,5.88667788813e-14,103,0.25,0.00390613535253
1193.0,-985.0,-9678.0,-14.9,-1e+200,-1e+200,-1e+200,-1e+200,528119.0,1e+200,-1e+200,ref,braidwood,illinois,covid,1694674839.4,8045780.374,1692207775.8,1705806655.8,1688477150.22,1688565946.5,1704237621.36,4.0,64734581826700.0,0.250002603607,0.25,5.88667788813e-14,86,0.125,0.00781258136272
1193.0,-185.0,-4652.0,-14.9,-1e+200,-1e+200,-1e+200,-1e+200,1056237.0,1e+200,-1e+200,ref,braidwood,illinois,covid,1680063813.65,7198455.94587,1677735602.68,1690543192.33,1674240856.91,1674665120.55,1688722002.11,4.0,51817768004700.0,0.125001065112,0.125,5.88667788813e-14,125,0.125,0.00195314164237
1193.0,-785.0,-9678.0,-14.9,-1e+200,-1e+200,-1e+200,-1e+200,1056237.0,1e+200,-1e+200,ref,braidwood,illinois,covid,1663940445.71,10357066.1802,1660898757.03,1678699182.27,1655265086.5,1655771048.2,1676368207.36,4.0,107268819861000.0,0.125001065112,0.25,5.88667788813e-14,97,0.25,0.0078125665695
1193.0,-585.0,-4652.0,-14.9,-1e+200,-1e+200,-1e+200,-1e+200,264059.0,1e+200,-1e+200,ref,braidwood,illinois,covid,1652141405.19,12713175.0648,1649301356.83,1669330297.98,1640632609.1,1641255157.85,1667003720.22,4.0,161624820230000.0,0.249997869776,0.125,5.88667788813e-14,108,0.25,0.0078124334305
1193.0,-385.0,-4652.0,-14.9,-1e+200,-1e+200,-1e+200,-1e+200,792178.0,1e+200,-1e+200,ref,braidwood,illinois,covid,1627228053.6,14184282.9836,1625963160.47,1644131219.82,1612854673.63,1613718315.74,1642508641.84,4.0,201193883758000.0,0.250002130224,0.125,5.88667788813e-14,119,0.25,0.0078125665695
1193.0,-985.0,-9678.0,-14.9,-1e+200,-1e+200,-1e+200,-1e+200,792178.0,1e+200,-1e+200,ref,braidwood,illinois,covid,1595635132.9,9032421.37996,1594282729.41,1607871537.12,1586103535.68,1587254299.25,1605909331.44,4.0,81584635985200.0,0.250002130224,0.25,5.88667788813e-14,91,0.125,0.0078125665695
1193.0,-585.0,-4652.0,-14.9,-1e+200,-1e+200,-1e+200,-1e+200,528119.0,1e+200,-1e+200,ref,braidwood,illinois,covid,1550551764.83,10869216.5858,1551088448.69,1560199871.9,1539830290.02,1540238258.18,1560113914.06,4.0,118139869189000.0,0.250002603607,0.125,5.88667788813e-14,113,0.25,0.00781258136272
1193.0,-385.0,-4652.0,-14.9,-1e+200,-1e+200,-1e+200,-1e+200,1056237.0,1e+200,-1e+200,ref,braidwood,illinois,covid,1513559616.02,7470659.25963,1512193116.62,1523361780.16,1506490450.67,1506900346.93,1522131984.26,4.0,55810749773400.0,0.125001065112,0.125,5.88667788813e-14,124,0.25,0.00390628328475
1193.0,-785.0,-4652.0,-14.9,-1e+200,-1e+200,-1e+200,-1e+200,10.0,1e+200,-1e+200,ref,braidwood,illinois,covid,1508047400.21,14325959.0064,1508091219.81,1524223592.89,1491783568.33,1493226205.81,1522807247.17,4.0,205233101452000.0,0.124996331281,0.125,5.88667788813e-14,102,0.25,0.00390613535253
1193.0,-985.0,-9678.0,-14.9,-1e+200,-1e+200,-1e+200,-1e+200,1056237.0,1e+200,-1e+200,ref,braidwood,illinois,covid,1481682512.69,3487005.53982,1482858380.03,1484224337.53,1476788953.19,1477506557.49,1484212253.63,4.0,12159207634700.0,0.125001065112,0.25,5.88667788813e-14,96,0.125,0.00390628328475
1193.0,-785.0,-4652.0,-14.9,-1e+200,-1e+200,-1e+200,-1e+200,264059.0,1e+200,-1e+200,ref,braidwood,illinois,covid,1471498931.89,8056568.84427,1473267406.36,1478370116.19,1461090798.64,1462308656.69,1478213342.82,4.0,64908301542500.0,0.249997869776,0.125,5.88667788813e-14,107,0.25,0.0078124334305
1193.0,-585.0,-4652.0,-14.9,-1e+200,-1e+200,-1e+200,-1e+200,792178.0,1e+200,-1e+200,ref,braidwood,illinois,covid,1452087033.95,9193688.16649,1450787016.41,1462783510.17,1443990592.82,1444121221.53,1461872870.93,4.0,84523902102600.0,0.250002130224,0.125,5.88667788813e-14,118,0.25,0.0078125665695
1193.0,-785.0,-4652.0,-14.9,-1e+200,-1e+200,-1e+200,-1e+200,528119.0,1e+200,-1e+200,ref,braidwood,illinois,covid,1369977577.05,12456264.0625,1365271761.11,1388359170.04,1361007615.95,1361468398.57,1385074897.86,4.0,155158514395000.0,0.250002603607,0.125,5.88667788813e-14,112,0.25,0.00781258136272
1193.0,-585.0,-4652.0,-14.9,-1e+200,-1e+200,-1e+200,-1e+200,1056237.0,1e+200,-1e+200,ref,braidwood,illinois,covid,1341276999.04,13327310.5917,1341587723.05,1355841463.04,1326091087.01,1327409782.43,1354709202.03,4.0,177617207609000.0,0.125001065112,0.125,5.88667788813e-14,123,0.25,0.00390628328475
1193.0,-985.0,-4652.0,-14.9,-1e+200,-1e+200,-1e+200,-1e+200,10.0,1e+200,-1e+200,ref,braidwood,illinois,covid,1320758568.75,13119522.8063,1320657658.46,1332922015.94,1308796942.14,1308983944.93,1332674466.98,4.0,172121878666000.0,0.124996331281,0.125,5.88667788813e-14,101,0.125,0.00195306767627
1193.0,-985.0,-4652.0,-14.9,-1e+200,-1e+200,-1e+200,-1e+200,264059.0,1e+200,-1e+200,ref,braidwood,illinois,covid,1283987572.51,12366060.7292,1283517694.09,1298790171.64,1270124730.22,1271406356.79,1297226618.02,4.0,152919457957000.0,0.249997869776,0.125,5.88667788813e-14,106,0.125,0.00390621671525
1193.0,-785.0,-4652.0,-14.9,-1e+200,-1e+200,-1e+200,-1e+200,792178.0,1e+200,-1e+200,ref,braidwood,illinois,covid,1258984885.44,12213113.626,1257086409.55,1275237635.26,1246529087.4,1247626940.07,1273000697.06,4.0,149160144441000.0,0.250002130224,0.125,5.88667788813e-14,117,0.25,0.0078125665695
1193.0,-985.0,-4652.0,-14.9,-1e+200,-1e+200,-1e+200,-1e+200,528119.0,1e+200,-1e+200,ref,braidwood,illinois,covid,1173361235.68,5921265.47982,1174927129.37,1178382242.08,1165208441.91,1166355170.25,1178175049.95,4.0,35061384882500.0,0.250002603607,0.125,5.88667788813e-14,111,0.125,0.00390629068136
1193.0,-785.0,-4652.0,-14.9,-1e+200,-1e+200,-1e+200,-1e+200,1056237.0,1e+200,-1e+200,ref,braidwood,illinois,covid,1156355409.57,12400081.5471,1156100914.82,1169036084.87,1144183723.79,1144662742.34,1168404369.47,4.0,153762022375000.0,0.125001065112,0.125,5.88667788813e-14,122,0.25,0.00390628328475
1193.0,-985.0,-4652.0,-14.9,-1e+200,-1e+200,-1e+200,-1e+200,792178.0,1e+200,-1e+200,ref,braidwood,illinois,covid,1066539125.81,13364223.7385,1061115990.7,1086316395.41,1057608126.43,1057872696.94,1082797943.84,4.0,178602476131000.0,0.250002130224,0.125,5.88667788813e-14,116,0.125,0.00390628328475
1193.0,-985.0,-4652.0,-14.9,-1e+200,-1e+200,-1e+200,-1e+200,1056237.0,1e+200,-1e+200,ref,braidwood,illinois,covid,963992836.096,6914956.6825,965366474.293,970002635.738,955235760.063,956205539.526,969857039.192,4.0,47816625920900.0,0.125001065112,0.125,5.88667788813e-14,121,0.125,0.00195314164237
1193.0,-985.0,-24756.0,-14.9,-1e+200,-1e+200,-1e+200,-1e+200,10.0,1e+200,-1e+200,ref,braidwood,illinois,covid,-151390286635.0,780558.15368,-151390383984.0,-151389412828.0,-151390965744.0,-151390959545.0,-151389477437.0,4.0,609271031276.0,0.124996331281,0.125,5.88667788813e-14,1,0.125,0.00195306767627
1193.0,-785.0,-19730.0,-14.9,-1e+200,-1e+200,-1e+200,-1e+200,10.0,1e+200,-1e+200,ref,braidwood,illinois,covid,-151695958137.0,3321147.64212,-151696737024.0,-151691280223.0,-151699078278.0,-151698781025.0,-151692044808.0,4.0,11030021660800.0,0.124996331281,0.25,5.88667788813e-14,27,0.25,0.00781227070507
1193.0,-585.0,-14704.0,-14.9,-1e+200,-1e+200,-1e+200,-1e+200,10.0,1e+200,-1e+200,ref,braidwood,illinois,covid,-152000572239.0,5240972.21831,-151999544379.0,-151995350376.0,-152007849819.0,-152006629845.0,-151995953635.0,4.0,27467789793100.0,0.124996331281,0.25,5.88667788813e-14,53,0.25,0.00781227070507
1193.0,-385.0,-9678.0,-14.9,-1e+200,-1e+200,-1e+200,-1e+200,10.0,1e+200,-1e+200,ref,braidwood,illinois,covid,-152298449278.0,8648172.85873,-152300387230.0,-152287599777.0,-152305422874.0,-152305421407.0,-152288764015.0,4.0,74790893794500.0,0.124996331281,0.25,5.88667788813e-14,79,0.25,0.00781227070507
1193.0,-185.0,-4652.0,-14.9,-1e+200,-1e+200,-1e+200,-1e+200,10.0,1e+200,-1e+200,ref,braidwood,illinois,covid,-152567416052.0,10966540.962,-152567528416.0,-152554586954.0,-152580020423.0,-152578794527.0,-152555880268.0,4.0,120265020671000.0,0.124996331281,0.125,5.88667788813e-14,105,0.125,0.00195306767627
1193.0,-785.0,-24756.0,-14.9,-1e+200,-1e+200,-1e+200,-1e+200,1056237.0,1e+200,-1e+200,ref,braidwood,illinois,covid,-242113054913000.0,5132377.526,-242113053376000.0,-242113050858000.0,-242113062043000.0,-242113061024000.0,-242113050955000.0,4.0,26341299069400.0,0.125001065112,0.125,5.88667788813e-14,22,0.25,0.00390628328475
1193.0,-585.0,-19730.0,-14.9,-1e+200,-1e+200,-1e+200,-1e+200,1056237.0,1e+200,-1e+200,ref,braidwood,illinois,covid,-242113360510000.0,4502724.05977,-242113360895000.0,-242113355301000.0,-242113364951000.0,-242113364735000.0,-242113355748000.0,4.0,20274523958400.0,0.125001065112,0.25,5.88667788813e-14,48,0.25,0.0078125665695
1193.0,-385.0,-14704.0,-14.9,-1e+200,-1e+200,-1e+200,-1e+200,1056237.0,1e+200,-1e+200,ref,braidwood,illinois,covid,-242113652777000.0,8129411.47993,-242113649422000.0,-242113647402000.0,-242113664861000.0,-242113662642000.0,-242113647608000.0,4.0,66087331010000.0,0.125001065112,0.25,5.88667788813e-14,74,0.25,0.0078125665695
1193.0,-185.0,-9678.0,-14.9,-1e+200,-1e+200,-1e+200,-1e+200,1056237.0,1e+200,-1e+200,ref,braidwood,illinois,covid,-242113951123000.0,8961865.69792,-242113949349000.0,-242113943778000.0,-242113962017000.0,-242113960952000.0,-242113943778000.0,4.0,80315036787600.0,0.125001065112,0.25,5.88667788813e-14,100,0.125,0.00390628328475
1193.0,-785.0,-24756.0,-14.9,-1e+200,-1e+200,-1e+200,-1e+200,792178.0,1e+200,-1e+200,ref,braidwood,illinois,covid,-247593179257000.0,2637173.5975,-247593180286000.0,-247593175394000.0,-247593181063000.0,-247593181026000.0,-247593176048000.0,4.0,6954684583330.0,0.250002130224,0.125,5.88667788813e-14,17,0.25,0.0078125665695
1193.0,-585.0,-19730.0,-14.9,-1e+200,-1e+200,-1e+200,-1e+200,792178.0,1e+200,-1e+200,ref,braidwood,illinois,covid,-247593484616000.0,8058581.51572,-247593486890000.0,-247593473012000.0,-247593491673000.0,-247593490971000.0,-247593475077000.0,4.0,64940736045400.0,0.250002130224,0.25,5.88667788813e-14,43,0.25,0.015625133139
1193.0,-385.0,-14704.0,-14.9,-1e+200,-1e+200,-1e+200,-1e+200,792178.0,1e+200,-1e+200,ref,braidwood,illinois,covid,-247593781273000.0,8266772.20025,-247593777946000.0,-247593775644000.0,-247593793555000.0,-247593791276000.0,-247593775927000.0,4.0,68339522610800.0,0.250002130224,0.25,5.88667788813e-14,69,0.25,0.015625133139
1193.0,-185.0,-9678.0,-14.9,-1e+200,-1e+200,-1e+200,-1e+200,792178.0,1e+200,-1e+200,ref,braidwood,illinois,covid,-247594075546000.0,10447174.8451,-247594072644000.0,-247594067018000.0,-247594089878000.0,-247594087897000.0,-247594067258000.0,4.0,109143462245000.0,0.250002130224,0.25,5.88667788813e-14,95,0.125,0.0078125665695
1193.0,-785.0,-24756.0,-14.9,-1e+200,-1e+200,-1e+200,-1e+200,528119.0,1e+200,-1e+200,ref,braidwood,illinois,covid,-253073299772000.0,3194836.73151,-253073299588000.0,-253073296094000.0,-253073303819000.0,-253073303270000.0,-253073296533000.0,4.0,10206981741000.0,0.250002603607,0.125,5.88667788813e-14,12,0.25,0.00781258136272
1193.0,-585.0,-19730.0,-14.9,-1e+200,-1e+200,-1e+200,-1e+200,528119.0,1e+200,-1e+200,ref,braidwood,illinois,covid,-253073611063000.0,3441807.43702,-253073611369000.0,-253073606644000.0,-253073614872000.0,-253073614468000.0,-253073607231000.0,4.0,11846038433500.0,0.250002603607,0.25,5.88667788813e-14,38,0.25,0.0156251627254
1193.0,-385.0,-14704.0,-14.9,-1e+200,-1e+200,-1e+200,-1e+200,528119.0,1e+200,-1e+200,ref,braidwood,illinois,covid,-253073908009000.0,7740952.58835,-253073908154000.0,-253073899296000.0,-253073916434000.0,-253073915800000.0,-253073900017000.0,4.0,59922346975000.0,0.250002603607,0.25,5.88667788813e-14,64,0.25,0.0156251627254
1193.0,-185.0,-9678.0,-14.9,-1e+200,-1e+200,-1e+200,-1e+200,528119.0,1e+200,-1e+200,ref,braidwood,illinois,covid,-253074199102000.0,12731009.7937,-253074202462000.0,-253074181217000.0,-253074210264000.0,-253074209558000.0,-253074183939000.0,4.0,162078610369000.0,0.250002603607,0.25,5.88667788813e-14,90,0.125,0.00781258136272
1193.0,-785.0,-24756.0,-14.9,-1e+200,-1e+200,-1e+200,-1e+200,264059.0,1e+200,-1e+200,ref,braidwood,illinois,covid,-258553437447000.0,3809215.55716,-258553436171000.0,-258553434566000.0,-258553442881000.0,-258553442040000.0,-258553434641000.0,4.0,14510123160900.0,0.249997869776,0.125,5.88667788813e-14,7,0.25,0.0078124334305
1193.0,-585.0,-19730.0,-14.9,-1e+200,-1e+200,-1e+200,-1e+200,264059.0,1e+200,-1e+200,ref,braidwood,illinois,covid,-258553750004000.0,9478636.92952,-258553753563000.0,-258553735999000.0,-258553756889000.0,-258553756476000.0,-258553738548000.0,4.0,89844558041600.0,0.249997869776,0.25,5.88667788813e-14,33,0.25,0.015624866861
1193.0,-385.0,-14704.0,-14.9,-1e+200,-1e+200,-1e+200,-1e+200,264059.0,1e+200,-1e+200,ref,braidwood,illinois,covid,-258554048848000.0,5379451.5953,-258554049220000.0,-258554043307000.0,-258554053645000.0,-258554053589000.0,-258554043587000.0,4.0,28938499466200.0,0.249997869776,0.25,5.88667788813e-14,59,0.25,0.015624866861
1193.0,-185.0,-9678.0,-14.9,-1e+200,-1e+200,-1e+200,-1e+200,264059.0,1e+200,-1e+200,ref,braidwood,illinois,covid,-258554340733000.0,12159881.7931,-258554343396000.0,-258554323787000.0,-258554352355000.0,-258554351295000.0,-258554326444000.0,4.0,147862725222000.0,0.249997869776,0.25,5.88667788813e-14,85,0.125,0.0078124334305
1193.0,-785.0,-24756.0,-14.9,-1e+200,-1e+200,-1e+200,-1e+200,10.0,1e+200,-1e+200,ref,braidwood,illinois,covid,-264033349713000.0,3528552.01012,-264033348886000.0,-264033346754000.0,-264033354325000.0,-264033353768000.0,-264033346815000.0,4.0,12450679288100.0,0.124996331281,0.125,5.88667788813e-14,2,0.25,0.00390613535253
1193.0,-585.0,-19730.0,-14.9,-1e+200,-1e+200,-1e+200,-1e+200,10.0,1e+200,-1e+200,ref,braidwood,illinois,covid,-264033660903000.0,5860164.62288,-264033661943000.0,-264033653901000.0,-264033665825000.0,-264033665800000.0,-264033654550000.0,4.0,34341529407200.0,0.124996331281,0.25,5.88667788813e-14,28,0.25,0.00781227070507
1193.0,-385.0,-14704.0,-14.9,-1e+200,-1e+200,-1e+200,-1e+200,10.0,1e+200,-1e+200,ref,braidwood,illinois,covid,-264033960445000.0,5746073.19618,-264033960024000.0,-264033955133000.0,-264033966599000.0,-264033966218000.0,-264033955261000.0,4.0,33017357175800.0,0.124996331281,0.25,5.88667788813e-14,54,0.25,0.00781227070507
1193.0,-185.0,-9678.0,-14.9,-1e+200,-1e+200,-1e+200,-1e+200,10.0,1e+200,-1e+200,ref,braidwood,illinois,covid,-264034246038000.0,13026669.2362,-264034247612000.0,-264034231157000.0,-264034257772000.0,-264034257525000.0,-264034232348000.0,4.0,169694111388000.0,0.124996331281,0.25,5.88667788813e-14,80,0.125,0.00390613535253
1193.0,-585.0,-24756.0,-14.9,-1e+200,-1e+200,-1e+200,-1e+200,1056237.0,1e+200,-1e+200,ref,braidwood,illinois,covid,-505995016063000.0,3319594.41424,-505995016409000.0,-505995011834000.0,-505995019600000.0,-505995019287000.0,-505995012355000.0,4.0,11019707075100.0,0.125001065112,0.125,5.88667788813e-14,23,0.25,0.00390628328475
1193.0,-385.0,-19730.0,-14.9,-1e+200,-1e+200,-1e+200,-1e+200,1056237.0,1e+200,-1e+200,ref,braidwood,illinois,covid,-505995324770000.0,3705335.68555,-505995325784000.0,-505995319452000.0,-505995328059000.0,-505995327737000.0,-505995320382000.0,4.0,13729512542600.0,0.125001065112,0.25,5.88667788813e-14,49,0.25,0.0078125665695
1193.0,-185.0,-14704.0,-14.9,-1e+200,-1e+200,-1e+200,-1e+200,1056237.0,1e+200,-1e+200,ref,braidwood,illinois,covid,-505995608474000.0,8151285.76624,-505995605522000.0,-505995602647000.0,-505995620208000.0,-505995618345000.0,-505995602738000.0,4.0,66443459642900.0,0.125001065112,0.25,5.88667788813e-14,75,0.125,0.00390628328475
1193.0,-585.0,-24756.0,-14.9,-1e+200,-1e+200,-1e+200,-1e+200,792178.0,1e+200,-1e+200,ref,braidwood,illinois,covid,-511475139455000.0,6063738.67107,-511475136868000.0,-511475135578000.0,-511475148504000.0,-511475146772000.0,-511475135758000.0,4.0,36768926671000.0,0.250002130224,0.125,5.88667788813e-14,18,0.25,0.0078125665695
1193.0,-385.0,-19730.0,-14.9,-1e+200,-1e+200,-1e+200,-1e+200,792178.0,1e+200,-1e+200,ref,braidwood,illinois,covid,-511475444173000.0,6047619.79054,-511475444720000.0,-511475437015000.0,-511475450238000.0,-511475449897000.0,-511475437684000.0,4.0,36573705130900.0,0.250002130224,0.25,5.88667788813e-14,44,0.25,0.015625133139
1193.0,-185.0,-14704.0,-14.9,-1e+200,-1e+200,-1e+200,-1e+200,792178.0,1e+200,-1e+200,ref,braidwood,illinois,covid,-511475736146000.0,9505260.44886,-511475737401000.0,-511475723428000.0,-511475746352000.0,-511475745159000.0,-511475725374000.0,4.0,90349976200700.0,0.250002130224,0.25,5.88667788813e-14,70,0.125,0.0078125665695
1193.0,-585.0,-24756.0,-14.9,-1e+200,-1e+200,-1e+200,-1e+200,528119.0,1e+200,-1e+200,ref,braidwood,illinois,covid,-516955255793000.0,2942283.80536,-516955255767000.0,-516955252466000.0,-516955259174000.0,-516955258861000.0,-516955252764000.0,4.0,8657033991310.0,0.250002603607,0.125,5.88667788813e-14,13,0.25,0.00781258136272
1193.0,-385.0,-19730.0,-14.9,-1e+200,-1e+200,-1e+200,-1e+200,528119.0,1e+200,-1e+200,ref,braidwood,illinois,covid,-516955557653000.0,4566508.581,-516955559455000.0,-516955550875000.0,-516955560829000.0,-516955560642000.0,-516955552142000.0,4.0,20853000620400.0,0.250002603607,0.25,5.88667788813e-14,39,0.25,0.0156251627254
1193.0,-185.0,-14704.0,-14.9,-1e+200,-1e+200,-1e+200,-1e+200,528119.0,1e+200,-1e+200,ref,braidwood,illinois,covid,-516955857207000.0,14243279.4078,-516955858487000.0,-516955841051000.0,-516955870805000.0,-516955870297000.0,-516955842327000.0,4.0,202871008288000.0,0.250002603607,0.25,5.88667788813e-14,65,0.125,0.00781258136272
1193.0,-585.0,-24756.0,-14.9,-1e+200,-1e+200,-1e+200,-1e+200,264059.0,1e+200,-1e+200,ref,braidwood,illinois,covid,-522435399978000.0,7960689.9927,-522435400872000.0,-522435390639000.0,-522435407530000.0,-522435407237000.0,-522435391468000.0,4.0,63372585159900.0,0.249997869776,0.125,5.88667788813e-14,8,0.25,0.0078124334305
1193.0,-385.0,-19730.0,-14.9,-1e+200,-1e+200,-1e+200,-1e+200,264059.0,1e+200,-1e+200,ref,braidwood,illinois,covid,-522435700761000.0,13692189.6297,-522435698326000.0,-522435686821000.0,-522435719572000.0,-522435716550000.0,-522435688383000.0,4.0,187476056854000.0,0.249997869776,0.25,5.88667788813e-14,34,0.25,0.015624866861
1193.0,-185.0,-14704.0,-14.9,-1e+200,-1e+200,-1e+200,-1e+200,264059.0,1e+200,-1e+200,ref,braidwood,illinois,covid,-522436005187000.0,12859675.3393,-522436010488000.0,-522435986175000.0,-522436013599000.0,-522436013427000.0,-522435989528000.0,4.0,165371249832000.0,0.249997869776,0.25,5.88667788813e-14,60,0.125,0.0078124334305
1193.0,-585.0,-24756.0,-14.9,-1e+200,-1e+200,-1e+200,-1e+200,10.0,1e+200,-1e+200,ref,braidwood,illinois,covid,-527915318823000.0,5113003.43336,-527915320106000.0,-527915311553000.0,-527915323526000.0,-527915323057000.0,-527915312792000.0,4.0,26142804109600.0,0.124996331281,0.125,5.88667788813e-14,3,0.25,0.00390613535253
1193.0,-385.0,-19730.0,-14.9,-1e+200,-1e+200,-1e+200,-1e+200,10.0,1e+200,-1e+200,ref,braidwood,illinois,covid,-527915611022000.0,11784987.7974,-527915609613000.0,-527915599729000.0,-527915625134000.0,-527915623789000.0,-527915600228000.0,4.0,138885937385000.0,0.124996331281,0.25,5.88667788813e-14,29,0.25,0.00781227070507
1193.0,-185.0,-14704.0,-14.9,-1e+200,-1e+200,-1e+200,-1e+200,10.0,1e+200,-1e+200,ref,braidwood,illinois,covid,-527915906794000.0,7595952.13821,-527915907792000.0,-527915897765000.0,-527915913827000.0,-527915913593000.0,-527915898597000.0,4.0,57698488886000.0,0.124996331281,0.25,5.88667788813e-14,55,0.125,0.00390613535253
1193.0,-385.0,-24756.0,-14.9,-1e+200,-1e+200,-1e+200,-1e+200,1056237.0,1e+200,-1e+200,ref,braidwood,illinois,covid,-769876965602000.0,4313283.2826,-769876965562000.0,-769876961349000.0,-769876969935000.0,-769876969741000.0,-769876961519000.0,4.0,18604412675900.0,0.125001065112,0.125,5.88667788813e-14,24,0.25,0.00390628328475
1193.0,-185.0,-19730.0,-14.9,-1e+200,-1e+200,-1e+200,-1e+200,1056237.0,1e+200,-1e+200,ref,braidwood,illinois,covid,-769877265648000.0,10808049.1097,-769877263832000.0,-769877254562000.0,-769877280364000.0,-769877278106000.0,-769877255730000.0,4.0,116813925558000.0,0.125001065112,0.25,5.88667788813e-14,50,0.125,0.00390628328475
1193.0,-385.0,-24756.0,-14.9,-1e+200,-1e+200,-1e+200,-1e+200,792178.0,1e+200,-1e+200,ref,braidwood,illinois,covid,-775357097086000.0,6172575.7379,-775357098800000.0,-775357088315000.0,-775357102429000.0,-775357102067000.0,-775357089706000.0,4.0,38100691240100.0,0.250002130224,0.125,5.88667788813e-14,19,0.25,0.0078125665695
1193.0,-185.0,-19730.0,-14.9,-1e+200,-1e+200,-1e+200,-1e+200,792178.0,1e+200,-1e+200,ref,braidwood,illinois,covid,-775357394440000.0,6125987.61626,-775357393254000.0,-775357389143000.0,-775357402110000.0,-775357401289000.0,-775357389252000.0,4.0,37527724274500.0,0.250002130224,0.25,5.88667788813e-14,45,0.125,0.0078125665695
1193.0,-385.0,-24756.0,-14.9,-1e+200,-1e+200,-1e+200,-1e+200,528119.0,1e+200,-1e+200,ref,braidwood,illinois,covid,-780837214320000.0,9518570.7883,-780837215684000.0,-780837203127000.0,-780837222783000.0,-780837222613000.0,-780837204116000.0,4.0,90603189851900.0,0.250002603607,0.125,5.88667788813e-14,14,0.25,0.00781258136272
1193.0,-185.0,-19730.0,-14.9,-1e+200,-1e+200,-1e+200,-1e+200,528119.0,1e+200,-1e+200,ref,braidwood,illinois,covid,-780837508536000.0,12319341.9646,-780837506147000.0,-780837497543000.0,-780837524307000.0,-780837522497000.0,-780837497919000.0,4.0,151766186441000.0,0.250002603607,0.25,5.88667788813e-14,40,0.125,0.00781258136272
1193.0,-385.0,-24756.0,-14.9,-1e+200,-1e+200,-1e+200,-1e+200,264059.0,1e+200,-1e+200,ref,braidwood,illinois,covid,-786317357080000.0,4474642.43654,-786317356638000.0,-786317352212000.0,-786317362829000.0,-786317362082000.0,-786317352695000.0,4.0,20022424934900.0,0.249997869776,0.125,5.88667788813e-14,9,0.25,0.0078124334305
1193.0,-185.0,-19730.0,-14.9,-1e+200,-1e+200,-1e+200,-1e+200,264059.0,1e+200,-1e+200,ref,braidwood,illinois,covid,-786317656950000.0,4404560.76524,-786317658484000.0,-786317650493000.0,-786317660340000.0,-786317660121000.0,-786317651633000.0,4.0,19400155534700.0,0.249997869776,0.25,5.88667788813e-14,35,0.125,0.0078124334305
1193.0,-385.0,-24756.0,-14.9,-1e+200,-1e+200,-1e+200,-1e+200,10.0,1e+200,-1e+200,ref,braidwood,illinois,covid,-791797275950000.0,10458057.976,-791797280496000.0,-791797260431000.0,-791797282377000.0,-791797282323000.0,-791797263213000.0,4.0,109370976628000.0,0.124996331281,0.125,5.88667788813e-14,4,0.25,0.00390613535253
1193.0,-185.0,-19730.0,-14.9,-1e+200,-1e+200,-1e+200,-1e+200,10.0,1e+200,-1e+200,ref,braidwood,illinois,covid,-791797561399000.0,13809174.8337,-791797557570000.0,-791797549529000.0,-791797580928000.0,-791797577904000.0,-791797550255000.0,4.0,190693309589000.0,0.124996331281,0.25,5.88667788813e-14,30,0.125,0.00390613535253
1193.0,-185.0,-24756.0,-14.9,-1e+200,-1e+200,-1e+200,-1e+200,1056237.0,1e+200,-1e+200,ref,braidwood,illinois,covid,-1033758933410000.0,3269875.96376,-1033758933070000.0,-1033758929770000.0,-1033758937720000.0,-1033758937040000.0,-1033758930260000.0,4.0,10692088818400.0,0.125001065112,0.125,5.88667788813e-14,25,0.125,0.00195314164237
1193.0,-185.0,-24756.0,-14.9,-1e+200,-1e+200,-1e+200,-1e+200,792178.0,1e+200,-1e+200,ref,braidwood,illinois,covid,-1039239058140000.0,4178519.68054,-1039239058590000.0,-1039239053100000.0,-1039239062270000.0,-1039239062050000.0,-1039239053590000.0,4.0,17460026720700.0,0.250002130224,0.125,5.88667788813e-14,20,0.125,0.00390628328475
1193.0,-185.0,-24756.0,-14.9,-1e+200,-1e+200,-1e+200,-1e+200,528119.0,1e+200,-1e+200,ref,braidwood,illinois,covid,-1044719165640000.0,15199238.8095,-1044719164680000.0,-1044719148030000.0,-1044719185160000.0,-1044719182110000.0,-1044719150500000.0,4.0,231016860388000.0,0.250002603607,0.125,5.88667788813e-14,15,0.125,0.00390629068136
1193.0,-185.0,-24756.0,-14.9,-1e+200,-1e+200,-1e+200,-1e+200,264059.0,1e+200,-1e+200,ref,braidwood,illinois,covid,-1050199307180000.0,10484697.2244,-1050199308710000.0,-1050199295170000.0,-1050199316140000.0,-1050199316090000.0,-1050199296140000.0,4.0,109928875888000.0,0.249997869776,0.125,5.88667788813e-14,10,0.125,0.00390621671525
1193.0,-185.0,-24756.0,-14.9,-1e+200,-1e+200,-1e+200,-1e+200,10.0,1e+200,-1e+200,ref,braidwood,illinois,covid,-1055679225360000.0,9485969.37332,-1055679227120000.0,-1055679212300000.0,-1055679234890000.0,-1055679233880000.0,-1055679214360000.0,4.0,89983614951600.0,0.124996331281,0.125,5.88667788813e-14,5,0.125,0.00195306767627
