npp_capacity,htse_capacity,ft_capacity,ft_elec_consumption_capacity,electricity_market_capacity,naphtha_market_capacity,jet_fuel_market_capacity,diesel_market_capacity,h2_storage_capacity,h2_import_capacity,h2_export_capacity,scenario_label,location_label,fuel_region_label,elec_data_label,mean_NPV,std_NPV,med_NPV,max_NPV,min_NPV,perc_5_NPV,perc_95_NPV,samp_NPV,var_NPV,PointProbability,prefix,ProbabilityWeight-htse_capacity,ProbabilityWeight-ft_capacity,ProbabilityWeight-h2_storage_capacity,ProbabilityWeight
894.0,-879.0,-22092.0,-14.9,-1e+200,-1e+200,-1e+200,-1e+200,235646.0,1e+200,-1e+200,ref,davis_besse,ohio,covid,2581303327.57,25321.4431637,2581298455.51,2581335622.55,2581280776.69,2581281517.72,2581331958.28,4.0,641175483.894,8.47275451554e-14,6,0.124645892351,0.125,0.249997082454,0.00389513867846
894.0,-879.0,-22092.0,-14.9,-1e+200,-1e+200,-1e+200,-1e+200,471291.0,1e+200,-1e+200,ref,davis_besse,ohio,covid,2486469593.39,250317.24581,2486534817.24,2486690864.2,2486117874.88,2486171669.05,2486676204.35,4.0,62658723550.1,8.47275451554e-14,11,0.124645892351,0.125,0.250002387083,0.00389522132849
894.0,-703.0,-17658.0,-14.9,-1e+200,-1e+200,-1e+200,-1e+200,10.0,1e+200,-1e+200,ref,davis_besse,ohio,covid,2414935876.84,2247936.78025,2414219278.5,2418125250.5,2413179699.86,2413236343.28,2417638648.07,4.0,5053219767980.0,8.47275451554e-14,27,0.25,0.25,0.124996154144,0.007812259634
894.0,-879.0,-22092.0,-14.9,-1e+200,-1e+200,-1e+200,-1e+200,706937.0,1e+200,-1e+200,ref,davis_besse,ohio,covid,2391609851.14,282005.856484,2391692993.33,2391845368.2,2391208049.72,2391271397.38,2391831905.84,4.0,79527303091.0,8.47275451554e-14,16,0.124645892351,0.125,0.250002917546,0.00389522959349
894.0,-703.0,-17658.0,-14.9,-1e+200,-1e+200,-1e+200,-1e+200,235646.0,1e+200,-1e+200,ref,davis_besse,ohio,covid,2319824637.78,452227.803748,2319851176.73,2320328121.31,2319268076.35,2319332095.05,2320280025.98,4.0,204509986483.0,8.47275451554e-14,32,0.25,0.25,0.249997082454,0.0156248176534
894.0,-879.0,-22092.0,-14.9,-1e+200,-1e+200,-1e+200,-1e+200,942583.0,1e+200,-1e+200,ref,davis_besse,ohio,covid,2296496937.94,183300.780088,2296519863.14,2296694712.75,2296253312.72,2296289503.11,2296672277.48,4.0,33599175980.8,8.47275451554e-14,21,0.124645892351,0.125,0.125001458773,0.00194761479675
894.0,-879.0,-17658.0,-14.9,-1e+200,-1e+200,-1e+200,-1e+200,10.0,1e+200,-1e+200,ref,davis_besse,ohio,covid,2230736730.95,866271.887878,2230864482.21,2231545658.57,2229672300.82,2229781473.68,2231513136.47,4.0,750426983728.0,8.47275451554e-14,26,0.124645892351,0.25,0.124996154144,0.00389506429344
894.0,-703.0,-17658.0,-14.9,-1e+200,-1e+200,-1e+200,-1e+200,471291.0,1e+200,-1e+200,ref,davis_besse,ohio,covid,2225224732.71,1798449.88821,2224910740.84,2227351187.25,2223726261.91,2223728399.76,2227160654.28,4.0,3234422000380.0,8.47275451554e-14,37,0.25,0.25,0.250002387083,0.0156251491927
894.0,-879.0,-17658.0,-14.9,-1e+200,-1e+200,-1e+200,-1e+200,235646.0,1e+200,-1e+200,ref,davis_besse,ohio,covid,2213692046.26,2941532.72049,2214068167.0,2216860811.74,2209771039.31,2210361573.01,2216495950.48,4.0,8652614745740.0,8.47275451554e-14,31,0.124645892351,0.25,0.249997082454,0.00779027735693
894.0,-703.0,-17658.0,-14.9,-1e+200,-1e+200,-1e+200,-1e+200,706937.0,1e+200,-1e+200,ref,davis_besse,ohio,covid,2130263867.53,689465.455392,2130367511.5,2130912659.64,2129407787.48,2129498628.35,2130884005.15,4.0,475362614179.0,8.47275451554e-14,42,0.25,0.25,0.250002917546,0.0156251823466
894.0,-879.0,-17658.0,-14.9,-1e+200,-1e+200,-1e+200,-1e+200,471291.0,1e+200,-1e+200,ref,davis_besse,ohio,covid,2119296067.79,661071.19934,2119360996.39,2119938713.84,2118523564.51,2118591780.17,2119909455.36,4.0,437015130597.0,8.47275451554e-14,36,0.124645892351,0.25,0.250002387083,0.00779044265698
894.0,-526.0,-13224.0,-14.9,-1e+200,-1e+200,-1e+200,-1e+200,235646.0,1e+200,-1e+200,ref,davis_besse,ohio,covid,2064671632.01,4980975.95616,2064701329.08,2069271655.58,2060012214.29,2060119737.69,2069181950.43,4.0,24810121475900.0,8.47275451554e-14,58,0.25,0.25,0.249997082454,0.0156248176534
894.0,-703.0,-17658.0,-14.9,-1e+200,-1e+200,-1e+200,-1e+200,942583.0,1e+200,-1e+200,ref,davis_besse,ohio,covid,2035593760.44,1162306.21705,2035877006.43,2036652086.9,2033968942.01,2034216569.18,2036574407.33,4.0,1350955742190.0,8.47275451554e-14,47,0.25,0.25,0.125001458773,0.00781259117331
894.0,-879.0,-17658.0,-14.9,-1e+200,-1e+200,-1e+200,-1e+200,706937.0,1e+200,-1e+200,ref,davis_besse,ohio,covid,2021729531.73,2059325.41931,2022022267.82,2023779046.89,2019094544.39,2019407872.48,2023641360.45,4.0,4240821182630.0,8.47275451554e-14,41,0.124645892351,0.25,0.250002917546,0.00779045918698
894.0,-703.0,-13224.0,-14.9,-1e+200,-1e+200,-1e+200,-1e+200,10.0,1e+200,-1e+200,ref,davis_besse,ohio,covid,1971525767.03,3355085.76998,1972826780.14,1973888563.67,1966560944.15,1967459432.44,1973770683.26,4.0,11256600523900.0,8.47275451554e-14,52,0.25,0.25,0.124996154144,0.007812259634
894.0,-526.0,-13224.0,-14.9,-1e+200,-1e+200,-1e+200,-1e+200,471291.0,1e+200,-1e+200,ref,davis_besse,ohio,covid,1970479627.25,3657313.95801,1971948610.41,1972968259.4,1965053028.8,1966043537.23,1972859140.86,4.0,13375945387400.0,8.47275451554e-14,63,0.25,0.25,0.250002387083,0.0156251491927
894.0,-703.0,-13224.0,-14.9,-1e+200,-1e+200,-1e+200,-1e+200,235646.0,1e+200,-1e+200,ref,davis_besse,ohio,covid,1951456596.0,3565847.29463,1951877503.36,1955360644.49,1946710732.8,1947468429.18,1954855492.52,4.0,12715266928600.0,8.47275451554e-14,57,0.25,0.25,0.249997082454,0.0156248176534
894.0,-879.0,-17658.0,-14.9,-1e+200,-1e+200,-1e+200,-1e+200,942583.0,1e+200,-1e+200,ref,davis_besse,ohio,covid,1927566014.22,2054473.46612,1928108245.8,1929341191.23,1924706374.06,1925125059.08,1929247845.16,4.0,4220861222970.0,8.47275451554e-14,46,0.124645892351,0.25,0.125001458773,0.00389522959349
894.0,-350.0,-8790.0,-14.9,-1e+200,-1e+200,-1e+200,-1e+200,10.0,1e+200,-1e+200,ref,davis_besse,ohio,covid,1910690775.12,2227424.22966,1911022986.46,1913026183.45,1907690944.11,1908142097.58,1912774356.79,4.0,4961418698870.0,8.47275451554e-14,79,0.25,0.25,0.124996154144,0.007812259634
894.0,-526.0,-13224.0,-14.9,-1e+200,-1e+200,-1e+200,-1e+200,706937.0,1e+200,-1e+200,ref,davis_besse,ohio,covid,1874058282.02,1148672.84459,1873670538.91,1875739822.46,1873152227.8,1873219830.89,1875439573.5,4.0,1319449303890.0,8.47275451554e-14,68,0.25,0.25,0.250002917546,0.0156251823466
894.0,-703.0,-13224.0,-14.9,-1e+200,-1e+200,-1e+200,-1e+200,471291.0,1e+200,-1e+200,ref,davis_besse,ohio,covid,1854137609.12,942510.624389,1854316754.96,1855064051.47,1852852875.07,1853040293.44,1854984120.61,4.0,888326277086.0,8.47275451554e-14,62,0.25,0.25,0.250002387083,0.0156251491927
894.0,-350.0,-8790.0,-14.9,-1e+200,-1e+200,-1e+200,-1e+200,235646.0,1e+200,-1e+200,ref,davis_besse,ohio,covid,1819076835.72,3826841.14231,1818660556.41,1823367883.03,1815618347.04,1815689126.92,1823047335.56,4.0,14644713128500.0,8.47275451554e-14,84,0.25,0.25,0.249997082454,0.0156248176534
894.0,-879.0,-13224.0,-14.9,-1e+200,-1e+200,-1e+200,-1e+200,235646.0,1e+200,-1e+200,ref,davis_besse,ohio,covid,1812882392.34,1885341.09558,1812961743.11,1815082485.43,1810523597.71,1810836646.41,1814817047.19,4.0,3554511046680.0,8.47275451554e-14,56,0.124645892351,0.25,0.249997082454,0.00779027735693
894.0,-879.0,-13224.0,-14.9,-1e+200,-1e+200,-1e+200,-1e+200,10.0,1e+200,-1e+200,ref,davis_besse,ohio,covid,1789283303.3,3423389.22205,1789981215.51,1792506905.93,1784663876.24,1785295325.54,1792294203.97,4.0,11719593765600.0,8.47275451554e-14,51,0.124645892351,0.25,0.124996154144,0.00389506429344
894.0,-526.0,-13224.0,-14.9,-1e+200,-1e+200,-1e+200,-1e+200,942583.0,1e+200,-1e+200,ref,davis_besse,ohio,covid,1781255344.27,3537533.12712,1781615581.51,1785101988.82,1776688225.24,1777292011.15,1784714345.25,4.0,12514140625500.0,8.47275451554e-14,73,0.25,0.25,0.125001458773,0.00781259117331
894.0,-703.0,-13224.0,-14.9,-1e+200,-1e+200,-1e+200,-1e+200,706937.0,1e+200,-1e+200,ref,davis_besse,ohio,covid,1760774379.71,1878962.30558,1761140159.47,1762568383.53,1758248816.38,1758592082.11,1762444585.65,4.0,3530499345790.0,8.47275451554e-14,67,0.25,0.25,0.250002917546,0.0156251823466
894.0,-350.0,-8790.0,-14.9,-1e+200,-1e+200,-1e+200,-1e+200,471291.0,1e+200,-1e+200,ref,davis_besse,ohio,covid,1724670355.66,4637711.22833,1725281573.09,1729446689.37,1718671587.12,1719426404.81,1729058602.13,4.0,21508365437300.0,8.47275451554e-14,89,0.25,0.25,0.250002387083,0.0156251491927
894.0,-526.0,-8790.0,-14.9,-1e+200,-1e+200,-1e+200,-1e+200,10.0,1e+200,-1e+200,ref,davis_besse,ohio,covid,1721463359.05,1423235.57749,1721474684.9,1723161653.27,1719742413.15,1719951310.87,1722959551.06,4.0,2025599509030.0,8.47275451554e-14,78,0.25,0.25,0.124996154144,0.007812259634
894.0,-879.0,-13224.0,-14.9,-1e+200,-1e+200,-1e+200,-1e+200,471291.0,1e+200,-1e+200,ref,davis_besse,ohio,covid,1714229986.85,3026807.39403,1714615086.83,1717180208.5,1710509565.24,1710896852.83,1717023980.9,4.0,9161563000570.0,8.47275451554e-14,61,0.124645892351,0.25,0.250002387083,0.00779044265698
894.0,-526.0,-8790.0,-14.9,-1e+200,-1e+200,-1e+200,-1e+200,235646.0,1e+200,-1e+200,ref,davis_besse,ohio,covid,1692743907.12,2956916.00622,1693665308.81,1695197455.89,1688447554.98,1689205673.14,1694992178.74,4.0,8743352267840.0,8.47275451554e-14,83,0.25,0.25,0.249997082454,0.0156248176534
894.0,-703.0,-13224.0,-14.9,-1e+200,-1e+200,-1e+200,-1e+200,942583.0,1e+200,-1e+200,ref,davis_besse,ohio,covid,1662806512.52,2344032.00666,1662232870.5,1666128070.29,1660632238.79,1660845267.9,1665570855.97,4.0,5494486048250.0,8.47275451554e-14,72,0.25,0.25,0.125001458773,0.00781259117331
894.0,-350.0,-8790.0,-14.9,-1e+200,-1e+200,-1e+200,-1e+200,706937.0,1e+200,-1e+200,ref,davis_besse,ohio,covid,1626186232.74,2083734.15789,1626263258.02,1628655311.45,1623563103.46,1623947773.74,1628316856.35,4.0,4341948040740.0,8.47275451554e-14,94,0.25,0.25,0.250002917546,0.0156251823466
894.0,-879.0,-13224.0,-14.9,-1e+200,-1e+200,-1e+200,-1e+200,706937.0,1e+200,-1e+200,ref,davis_besse,ohio,covid,1614950356.92,2398062.16415,1614734502.54,1617914571.22,1612417851.4,1612616903.26,1617586006.72,4.0,5750702143140.0,8.47275451554e-14,66,0.124645892351,0.25,0.250002917546,0.00779045918698
894.0,-526.0,-8790.0,-14.9,-1e+200,-1e+200,-1e+200,-1e+200,471291.0,1e+200,-1e+200,ref,davis_besse,ohio,covid,1595846899.09,6104200.28706,1595204293.4,1603466134.68,1589512874.85,1589987332.5,1602606113.63,4.0,37261261144500.0,8.47275451554e-14,88,0.25,0.25,0.250002387083,0.0156251491927
894.0,-173.0,-4356.0,-14.9,-1e+200,-1e+200,-1e+200,-1e+200,235646.0,1e+200,-1e+200,ref,davis_besse,ohio,covid,1584509106.54,3694409.45024,1583037053.56,1589954333.95,1582007985.1,1582073225.07,1589005862.19,4.0,13648661186100.0,8.47275451554e-14,110,0.125354107649,0.125,0.249997082454,0.00391727014823
894.0,-703.0,-8790.0,-14.9,-1e+200,-1e+200,-1e+200,-1e+200,10.0,1e+200,-1e+200,ref,davis_besse,ohio,covid,1535981034.71,4123594.63407,1537605146.66,1538795300.71,1529918544.81,1530962192.29,1538726120.4,4.0,17004032706100.0,8.47275451554e-14,77,0.25,0.25,0.124996154144,0.007812259634
894.0,-703.0,-8790.0,-14.9,-1e+200,-1e+200,-1e+200,-1e+200,235646.0,1e+200,-1e+200,ref,davis_besse,ohio,covid,1535618941.15,4665804.51665,1534365967.09,1542199902.25,1531543928.16,1531807974.98,1541184070.99,4.0,21769731787600.0,8.47275451554e-14,82,0.25,0.25,0.249997082454,0.0156248176534
894.0,-350.0,-8790.0,-14.9,-1e+200,-1e+200,-1e+200,-1e+200,942583.0,1e+200,-1e+200,ref,davis_besse,ohio,covid,1528603236.63,4450737.3716,1526605889.5,1535225253.3,1525975914.24,1525982020.52,1534020738.74,4.0,19809063151000.0,8.47275451554e-14,99,0.25,0.25,0.125001458773,0.00781259117331
894.0,-879.0,-13224.0,-14.9,-1e+200,-1e+200,-1e+200,-1e+200,942583.0,1e+200,-1e+200,ref,davis_besse,ohio,covid,1521446672.36,4613360.0669,1523135348.9,1524877211.97,1514638779.65,1515894890.44,1524634307.11,4.0,21283091106900.0,8.47275451554e-14,71,0.124645892351,0.25,0.125001458773,0.00389522959349
894.0,-526.0,-8790.0,-14.9,-1e+200,-1e+200,-1e+200,-1e+200,706937.0,1e+200,-1e+200,ref,davis_besse,ohio,covid,1496886742.26,4503356.11666,1496169892.25,1503024876.15,1492182308.38,1492773318.74,1502003755.78,4.0,20280216313500.0,8.47275451554e-14,93,0.25,0.25,0.250002917546,0.0156251823466
894.0,-173.0,-4356.0,-14.9,-1e+200,-1e+200,-1e+200,-1e+200,471291.0,1e+200,-1e+200,ref,davis_besse,ohio,covid,1483603385.46,6618279.58142,1483686236.36,1490882689.5,1476158379.63,1476779162.51,1490311617.16,4.0,43801624617800.0,8.47275451554e-14,115,0.125354107649,0.125,0.250002387083,0.00391735326786
894.0,-350.0,-4356.0,-14.9,-1e+200,-1e+200,-1e+200,-1e+200,10.0,1e+200,-1e+200,ref,davis_besse,ohio,covid,1480766050.91,7646877.62942,1482638595.9,1487703806.48,1470083205.34,1471703356.44,1487207182.38,4.0,58474737479300.0,8.47275451554e-14,104,0.25,0.125,0.124996154144,0.003906129817
894.0,-350.0,-4356.0,-14.9,-1e+200,-1e+200,-1e+200,-1e+200,235646.0,1e+200,-1e+200,ref,davis_besse,ohio,covid,1435983082.99,4613415.66408,1436810640.95,1440470533.77,1429840516.29,1430658233.24,1440149351.6,4.0,21283604089600.0,8.47275451554e-14,109,0.25,0.125,0.249997082454,0.00781240882669
894.0,-703.0,-8790.0,-14.9,-1e+200,-1e+200,-1e+200,-1e+200,471291.0,1e+200,-1e+200,ref,davis_besse,ohio,covid,1435714178.88,3478332.52706,1436344173.7,1438605616.72,1431562751.39,1431946103.66,1438600261.34,4.0,12098797168800.0,8.47275451554e-14,87,0.25,0.25,0.250002387083,0.0156251491927
894.0,-526.0,-8790.0,-14.9,-1e+200,-1e+200,-1e+200,-1e+200,942583.0,1e+200,-1e+200,ref,davis_besse,ohio,covid,1400734925.48,4070154.37625,1400818728.82,1404571410.79,1396730833.51,1396882502.0,1404470024.29,4.0,16566156646500.0,8.47275451554e-14,98,0.25,0.25,0.125001458773,0.00781259117331
894.0,-173.0,-4356.0,-14.9,-1e+200,-1e+200,-1e+200,-1e+200,706937.0,1e+200,-1e+200,ref,davis_besse,ohio,covid,1390177970.94,4296759.85404,1390405494.88,1394761713.98,1385139180.02,1385613008.03,1394424400.32,4.0,18462145243300.0,8.47275451554e-14,120,0.125354107649,0.125,0.250002917546,0.00391736157982
894.0,-879.0,-8790.0,-14.9,-1e+200,-1e+200,-1e+200,-1e+200,235646.0,1e+200,-1e+200,ref,davis_besse,ohio,covid,1367938498.67,3736143.1339,1367968871.12,1372083209.94,1363733042.51,1364087592.95,1371746882.97,4.0,13958765517000.0,8.47275451554e-14,81,0.124645892351,0.25,0.249997082454,0.00779027735693
894.0,-879.0,-8790.0,-14.9,-1e+200,-1e+200,-1e+200,-1e+200,10.0,1e+200,-1e+200,ref,davis_besse,ohio,covid,1351574848.37,3251821.93596,1352262870.65,1354676018.25,1347097633.91,1347760491.66,1354425973.88,4.0,10574345903200.0,8.47275451554e-14,76,0.124645892351,0.25,0.124996154144,0.00389506429344
894.0,-703.0,-8790.0,-14.9,-1e+200,-1e+200,-1e+200,-1e+200,706937.0,1e+200,-1e+200,ref,davis_besse,ohio,covid,1334623110.73,5458357.90541,1336043699.52,1339574232.89,1326830810.98,1328177355.39,1339080041.76,4.0,29793671023600.0,8.47275451554e-14,92,0.25,0.25,0.250002917546,0.0156251823466
894.0,-350.0,-4356.0,-14.9,-1e+200,-1e+200,-1e+200,-1e+200,471291.0,1e+200,-1e+200,ref,davis_besse,ohio,covid,1330931673.31,2934475.42569,1331243538.2,1334139495.13,1327100121.73,1327634944.43,1333791791.36,4.0,8611146023960.0,8.47275451554e-14,114,0.25,0.125,0.250002387083,0.00781257459634
894.0,-173.0,-4356.0,-14.9,-1e+200,-1e+200,-1e+200,-1e+200,942583.0,1e+200,-1e+200,ref,davis_besse,ohio,covid,1298773954.88,2779658.18031,1298652040.22,1302042914.49,1295748824.59,1295991270.8,1301727319.48,4.0,7726499599340.0,8.47275451554e-14,125,0.125354107649,0.125,0.125001458773,0.00195868078991
894.0,-526.0,-4356.0,-14.9,-1e+200,-1e+200,-1e+200,-1e+200,10.0,1e+200,-1e+200,ref,davis_besse,ohio,covid,1291888426.2,2277317.41343,1292193076.83,1294244374.72,1288923176.42,1289306031.9,1294044309.61,4.0,5186174601530.0,8.47275451554e-14,103,0.25,0.125,0.124996154144,0.003906129817
894.0,-879.0,-8790.0,-14.9,-1e+200,-1e+200,-1e+200,-1e+200,471291.0,1e+200,-1e+200,ref,davis_besse,ohio,covid,1269940376.0,2568669.53407,1269847354.89,1272784672.3,1267282121.92,1267438913.09,1272572068.46,4.0,6598063175230.0,8.47275451554e-14,86,0.124645892351,0.25,0.250002387083,0.00779044265698
894.0,-526.0,-4356.0,-14.9,-1e+200,-1e+200,-1e+200,-1e+200,235646.0,1e+200,-1e+200,ref,davis_besse,ohio,covid,1253863314.95,4621175.68578,1255529328.41,1257207879.52,1247186723.46,1248262172.25,1257132038.81,4.0,21355264718900.0,8.47275451554e-14,108,0.25,0.125,0.249997082454,0.00781240882669
894.0,-703.0,-8790.0,-14.9,-1e+200,-1e+200,-1e+200,-1e+200,942583.0,1e+200,-1e+200,ref,davis_besse,ohio,covid,1239155202.36,8505040.20764,1238860031.37,1248024431.99,1230876314.72,1231188810.82,1247534833.29,4.0,72335708933600.0,8.47275451554e-14,97,0.25,0.25,0.125001458773,0.00781259117331
894.0,-350.0,-4356.0,-14.9,-1e+200,-1e+200,-1e+200,-1e+200,706937.0,1e+200,-1e+200,ref,davis_besse,ohio,covid,1234011289.4,2223207.18325,1233753102.41,1236893731.04,1231645221.73,1231867256.67,1236516783.91,4.0,4942650179640.0,8.47275451554e-14,119,0.25,0.125,0.250002917546,0.00781259117331
894.0,-879.0,-8790.0,-14.9,-1e+200,-1e+200,-1e+200,-1e+200,706937.0,1e+200,-1e+200,ref,davis_besse,ohio,covid,1165838862.5,939421.001572,1165431157.22,1167242202.89,1165250932.68,1165277127.58,1166971384.82,4.0,882511818195.0,8.47275451554e-14,91,0.124645892351,0.25,0.250002917546,0.00779045918698
894.0,-526.0,-4356.0,-14.9,-1e+200,-1e+200,-1e+200,-1e+200,471291.0,1e+200,-1e+200,ref,davis_besse,ohio,covid,1160145202.7,5618732.47985,1161460651.68,1165190986.45,1152468521.0,1153539571.62,1164909205.22,4.0,31570154680100.0,8.47275451554e-14,113,0.25,0.125,0.250002387083,0.00781257459634
894.0,-350.0,-4356.0,-14.9,-1e+200,-1e+200,-1e+200,-1e+200,942583.0,1e+200,-1e+200,ref,davis_besse,ohio,covid,1138814616.13,2655226.13471,1139548521.62,1141150447.83,1135010973.45,1135650576.41,1140951188.15,4.0,7050225826450.0,8.47275451554e-14,124,0.25,0.125,0.125001458773,0.00390629558665
894.0,-703.0,-4356.0,-14.9,-1e+200,-1e+200,-1e+200,-1e+200,10.0,1e+200,-1e+200,ref,davis_besse,ohio,covid,1102027374.48,5447102.09891,1102176147.04,1108506332.91,1095250870.93,1096179916.33,1107666551.05,4.0,29670921275900.0,8.47275451554e-14,102,0.25,0.125,0.124996154144,0.003906129817
894.0,-703.0,-4356.0,-14.9,-1e+200,-1e+200,-1e+200,-1e+200,235646.0,1e+200,-1e+200,ref,davis_besse,ohio,covid,1078234382.19,8102480.64357,1078062964.46,1086901006.43,1069910593.39,1070364957.21,1086343791.97,4.0,65650192579400.0,8.47275451554e-14,107,0.25,0.125,0.249997082454,0.00781240882669
894.0,-879.0,-8790.0,-14.9,-1e+200,-1e+200,-1e+200,-1e+200,942583.0,1e+200,-1e+200,ref,davis_besse,ohio,covid,1074529923.49,4770966.85054,1073316540.4,1081045411.48,1070441201.69,1070608985.59,1080149597.72,4.0,22762124689000.0,8.47275451554e-14,96,0.124645892351,0.25,0.125001458773,0.00389522959349
894.0,-526.0,-4356.0,-14.9,-1e+200,-1e+200,-1e+200,-1e+200,706937.0,1e+200,-1e+200,ref,davis_besse,ohio,covid,1061836867.3,2131567.58027,1061012869.69,1064984855.77,1060336874.03,1060402621.04,1064424710.2,4.0,4543580349280.0,8.47275451554e-14,118,0.25,0.125,0.250002917546,0.00781259117331
894.0,-703.0,-4356.0,-14.9,-1e+200,-1e+200,-1e+200,-1e+200,471291.0,1e+200,-1e+200,ref,davis_besse,ohio,covid,978021072.769,3378843.6842,977514454.642,982183387.151,974871994.642,974998053.903,981753357.014,4.0,11416584642300.0,8.47275451554e-14,112,0.25,0.125,0.250002387083,0.00781257459634
894.0,-526.0,-4356.0,-14.9,-1e+200,-1e+200,-1e+200,-1e+200,942583.0,1e+200,-1e+200,ref,davis_besse,ohio,covid,961299743.906,5512151.6143,961522123.043,967762428.972,954392300.564,955328726.832,966959430.187,4.0,30383815419100.0,8.47275451554e-14,123,0.25,0.125,0.125001458773,0.00390629558665
894.0,-879.0,-4356.0,-14.9,-1e+200,-1e+200,-1e+200,-1e+200,10.0,1e+200,-1e+200,ref,davis_besse,ohio,covid,912871193.439,2300679.43725,912672923.133,915372297.661,910766629.83,910812666.537,915207298.771,4.0,5293125872970.0,8.47275451554e-14,101,0.124645892351,0.125,0.124996154144,0.00194753214672
894.0,-879.0,-4356.0,-14.9,-1e+200,-1e+200,-1e+200,-1e+200,235646.0,1e+200,-1e+200,ref,davis_besse,ohio,covid,893653289.108,4695814.004,894780840.3,898016388.943,887035086.889,888103755.146,897624251.402,4.0,22050669160200.0,8.47275451554e-14,106,0.124645892351,0.125,0.249997082454,0.00389513867846
894.0,-703.0,-4356.0,-14.9,-1e+200,-1e+200,-1e+200,-1e+200,706937.0,1e+200,-1e+200,ref,davis_besse,ohio,covid,878587254.18,1975531.82948,878947313.037,880381612.069,876072778.578,876357503.68,880312922.281,4.0,3902726009270.0,8.47275451554e-14,117,0.25,0.125,0.250002917546,0.00781259117331
894.0,-879.0,-4356.0,-14.9,-1e+200,-1e+200,-1e+200,-1e+200,471291.0,1e+200,-1e+200,ref,davis_besse,ohio,covid,810993911.694,9818260.13847,814562490.293,817925882.452,796924783.739,799123794.603,817868018.747,4.0,96398232146700.0,8.47275451554e-14,111,0.124645892351,0.125,0.250002387083,0.00389522132849
894.0,-703.0,-4356.0,-14.9,-1e+200,-1e+200,-1e+200,-1e+200,942583.0,1e+200,-1e+200,ref,davis_besse,ohio,covid,779068895.203,7348761.85055,778773859.287,788323424.568,770404437.669,771547617.643,787003223.045,4.0,54004300736100.0,8.47275451554e-14,122,0.25,0.125,0.125001458773,0.00390629558665
894.0,-879.0,-4356.0,-14.9,-1e+200,-1e+200,-1e+200,-1e+200,706937.0,1e+200,-1e+200,ref,davis_besse,ohio,covid,700778342.666,4917837.39481,701331349.388,705061148.192,695389523.695,695755134.239,705027341.681,4.0,24185124641800.0,8.47275451554e-14,116,0.124645892351,0.125,0.250002917546,0.00389522959349
894.0,-879.0,-4356.0,-14.9,-1e+200,-1e+200,-1e+200,-1e+200,942583.0,1e+200,-1e+200,ref,davis_besse,ohio,covid,605524576.283,3675994.86363,605320431.994,610206824.607,601250616.538,601806458.817,609528495.755,4.0,13512938237400.0,8.47275451554e-14,121,0.124645892351,0.125,0.125001458773,0.00194761479675
894.0,-879.0,-22092.0,-14.9,-1e+200,-1e+200,-1e+200,-1e+200,10.0,1e+200,-1e+200,ref,davis_besse,ohio,covid,-157934695446.0,734.004225803,-157934695644.0,-157934694431.0,-157934696064.0,-157934696039.0,-157934694575.0,4.0,538762.203496,8.47275451554e-14,1,0.124645892351,0.125,0.124996154144,0.00194753214672
894.0,-526.0,-13224.0,-14.9,-1e+200,-1e+200,-1e+200,-1e+200,10.0,1e+200,-1e+200,ref,davis_besse,ohio,covid,-328724855662.0,2403337.46743,-328725543504.0,-328721474143.0,-328726861495.0,-328726765742.0,-328721982602.0,4.0,5776030982360.0,8.47275451554e-14,53,0.25,0.25,0.124996154144,0.007812259634
894.0,-173.0,-4356.0,-14.9,-1e+200,-1e+200,-1e+200,-1e+200,10.0,1e+200,-1e+200,ref,davis_besse,ohio,covid,-499478066464.0,4518554.85008,-499477115391.0,-499473712708.0,-499484322368.0,-499483364623.0,-499474099809.0,4.0,20417337933200.0,8.47275451554e-14,105,0.125354107649,0.125,0.124996154144,0.00195859767028
894.0,-703.0,-22092.0,-14.9,-1e+200,-1e+200,-1e+200,-1e+200,942583.0,1e+200,-1e+200,ref,davis_besse,ohio,covid,-238790121725000.0,1683253.36126,-238790122091000.0,-238790119363000.0,-238790123355000.0,-238790123166000.0,-238790119772000.0,4.0,2833341878210.0,8.47275451554e-14,22,0.25,0.125,0.125001458773,0.00390629558665
894.0,-350.0,-13224.0,-14.9,-1e+200,-1e+200,-1e+200,-1e+200,942583.0,1e+200,-1e+200,ref,davis_besse,ohio,covid,-238960905425000.0,5496414.0902,-238960908004000.0,-238960897188000.0,-238960908502000.0,-238960908441000.0,-238960898797000.0,4.0,30210567850900.0,8.47275451554e-14,74,0.25,0.25,0.125001458773,0.00781259117331
894.0,-526.0,-17658.0,-14.9,-1e+200,-1e+200,-1e+200,-1e+200,942583.0,1e+200,-1e+200,ref,davis_besse,ohio,covid,-239615808912000.0,5667542.07802,-239615808446000.0,-239615802883000.0,-239615815873000.0,-239615815113000.0,-239615803364000.0,4.0,32121033206100.0,8.47275451554e-14,48,0.25,0.25,0.125001458773,0.00781259117331
894.0,-173.0,-8790.0,-14.9,-1e+200,-1e+200,-1e+200,-1e+200,942583.0,1e+200,-1e+200,ref,davis_besse,ohio,covid,-239786579305000.0,5618293.87939,-239786578175000.0,-239786573755000.0,-239786587117000.0,-239786585835000.0,-239786574358000.0,4.0,31565226115100.0,8.47275451554e-14,100,0.125354107649,0.25,0.125001458773,0.00391736157982
894.0,-703.0,-22092.0,-14.9,-1e+200,-1e+200,-1e+200,-1e+200,706937.0,1e+200,-1e+200,ref,davis_besse,ohio,covid,-244277998891000.0,700086.195066,-244277998605000.0,-244277998435000.0,-244277999919000.0,-244277999744000.0,-244277998439000.0,4.0,490120680522.0,8.47275451554e-14,17,0.25,0.125,0.250002917546,0.00781259117331
894.0,-350.0,-13224.0,-14.9,-1e+200,-1e+200,-1e+200,-1e+200,706937.0,1e+200,-1e+200,ref,davis_besse,ohio,covid,-244448783214000.0,3196019.50919,-244448783000000.0,-244448779720000.0,-244448787135000.0,-244448786697000.0,-244448780029000.0,4.0,10214540703100.0,8.47275451554e-14,69,0.25,0.25,0.250002917546,0.0156251823466
894.0,-526.0,-17658.0,-14.9,-1e+200,-1e+200,-1e+200,-1e+200,706937.0,1e+200,-1e+200,ref,davis_besse,ohio,covid,-245103685855000.0,2167448.49253,-245103686233000.0,-245103683270000.0,-245103687683000.0,-245103687672000.0,-245103683508000.0,4.0,4697832967780.0,8.47275451554e-14,43,0.25,0.25,0.250002917546,0.0156251823466
894.0,-173.0,-8790.0,-14.9,-1e+200,-1e+200,-1e+200,-1e+200,706937.0,1e+200,-1e+200,ref,davis_besse,ohio,covid,-245274452865000.0,5601712.20979,-245274451716000.0,-245274447944000.0,-245274460085000.0,-245274459242000.0,-245274448097000.0,4.0,31379179681300.0,8.47275451554e-14,95,0.125354107649,0.25,0.250002917546,0.00783472315964
894.0,-703.0,-22092.0,-14.9,-1e+200,-1e+200,-1e+200,-1e+200,471291.0,1e+200,-1e+200,ref,davis_besse,ohio,covid,-249765874361000.0,1328447.62857,-249765874198000.0,-249765872940000.0,-249765876109000.0,-249765875866000.0,-249765873086000.0,4.0,1764773101850.0,8.47275451554e-14,12,0.25,0.125,0.250002387083,0.00781257459634
894.0,-350.0,-13224.0,-14.9,-1e+200,-1e+200,-1e+200,-1e+200,471291.0,1e+200,-1e+200,ref,davis_besse,ohio,covid,-249936657449000.0,2798131.09263,-249936657731000.0,-249936653763000.0,-249936660570000.0,-249936660149000.0,-249936654353000.0,4.0,7829537611520.0,8.47275451554e-14,64,0.25,0.25,0.250002387083,0.0156251491927
894.0,-526.0,-17658.0,-14.9,-1e+200,-1e+200,-1e+200,-1e+200,471291.0,1e+200,-1e+200,ref,davis_besse,ohio,covid,-250591560250000.0,3310758.16661,-250591561673000.0,-250591555329000.0,-250591562324000.0,-250591562286000.0,-250591556221000.0,4.0,10961119637800.0,8.47275451554e-14,38,0.25,0.25,0.250002387083,0.0156251491927
894.0,-173.0,-8790.0,-14.9,-1e+200,-1e+200,-1e+200,-1e+200,471291.0,1e+200,-1e+200,ref,davis_besse,ohio,covid,-250762331332000.0,7451963.75618,-250762332360000.0,-250762322608000.0,-250762337997000.0,-250762337855000.0,-250762323368000.0,4.0,55531763823400.0,8.47275451554e-14,90,0.125354107649,0.25,0.250002387083,0.00783470653571
894.0,-703.0,-22092.0,-14.9,-1e+200,-1e+200,-1e+200,-1e+200,235646.0,1e+200,-1e+200,ref,davis_besse,ohio,covid,-255253725918000.0,2664649.26908,-255253726927000.0,-255253721984000.0,-255253727833000.0,-255253727734000.0,-255253722688000.0,4.0,7100355727210.0,8.47275451554e-14,7,0.25,0.125,0.249997082454,0.00781240882669
894.0,-350.0,-13224.0,-14.9,-1e+200,-1e+200,-1e+200,-1e+200,235646.0,1e+200,-1e+200,ref,davis_besse,ohio,covid,-255424503938000.0,4001758.83655,-255424504706000.0,-255424498516000.0,-255424507825000.0,-255424507520000.0,-255424499282000.0,4.0,16014073785900.0,8.47275451554e-14,59,0.25,0.25,0.249997082454,0.0156248176534
894.0,-526.0,-17658.0,-14.9,-1e+200,-1e+200,-1e+200,-1e+200,235646.0,1e+200,-1e+200,ref,davis_besse,ohio,covid,-256079415635000.0,1849353.65677,-256079415622000.0,-256079413383000.0,-256079417912000.0,-256079417574000.0,-256079413714000.0,4.0,3420108947800.0,8.47275451554e-14,33,0.25,0.25,0.249997082454,0.0156248176534
894.0,-173.0,-8790.0,-14.9,-1e+200,-1e+200,-1e+200,-1e+200,235646.0,1e+200,-1e+200,ref,davis_besse,ohio,covid,-256250181247000.0,5863813.36273,-256250178982000.0,-256250177113000.0,-256250189912000.0,-256250188363000.0,-256250177303000.0,4.0,34384307152900.0,8.47275451554e-14,85,0.125354107649,0.25,0.249997082454,0.00783454029645
894.0,-703.0,-22092.0,-14.9,-1e+200,-1e+200,-1e+200,-1e+200,10.0,1e+200,-1e+200,ref,davis_besse,ohio,covid,-260741368251000.0,782264.632319,-260741368250000.0,-260741367512000.0,-260741368991000.0,-260741368971000.0,-260741367531000.0,4.0,611937954977.0,8.47275451554e-14,2,0.25,0.125,0.124996154144,0.003906129817
894.0,-350.0,-13224.0,-14.9,-1e+200,-1e+200,-1e+200,-1e+200,10.0,1e+200,-1e+200,ref,davis_besse,ohio,covid,-260912151170000.0,4002274.64911,-260912149829000.0,-260912148189000.0,-260912156834000.0,-260912155982000.0,-260912148237000.0,4.0,16018202366900.0,8.47275451554e-14,54,0.25,0.25,0.124996154144,0.007812259634
894.0,-526.0,-17658.0,-14.9,-1e+200,-1e+200,-1e+200,-1e+200,10.0,1e+200,-1e+200,ref,davis_besse,ohio,covid,-261567057501000.0,2664066.92216,-261567058506000.0,-261567053563000.0,-261567059430000.0,-261567059313000.0,-261567054282000.0,4.0,7097252565760.0,8.47275451554e-14,28,0.25,0.25,0.124996154144,0.007812259634
894.0,-173.0,-8790.0,-14.9,-1e+200,-1e+200,-1e+200,-1e+200,10.0,1e+200,-1e+200,ref,davis_besse,ohio,covid,-261737823296000.0,4971482.73865,-261737823199000.0,-261737817956000.0,-261737828829000.0,-261737828396000.0,-261737818332000.0,4.0,24715640620700.0,8.47275451554e-14,80,0.125354107649,0.25,0.124996154144,0.00391719534056
894.0,-350.0,-17658.0,-14.9,-1e+200,-1e+200,-1e+200,-1e+200,942583.0,1e+200,-1e+200,ref,davis_besse,ohio,covid,-500199240249000.0,5063840.12924,-500199242600000.0,-500199232682000.0,-500199243114000.0,-500199243104000.0,-500199234103000.0,4.0,25642476854600.0,8.47275451554e-14,49,0.25,0.25,0.125001458773,0.00781259117331
894.0,-526.0,-22092.0,-14.9,-1e+200,-1e+200,-1e+200,-1e+200,942583.0,1e+200,-1e+200,ref,davis_besse,ohio,covid,-500854142451000.0,3546444.49858,-500854142160000.0,-500854139384000.0,-500854146099000.0,-500854145917000.0,-500854139392000.0,4.0,12577268581500.0,8.47275451554e-14,23,0.25,0.125,0.125001458773,0.00390629558665
894.0,-173.0,-13224.0,-14.9,-1e+200,-1e+200,-1e+200,-1e+200,942583.0,1e+200,-1e+200,ref,davis_besse,ohio,covid,-501024922870000.0,4035519.29783,-501024924625000.0,-501024916869000.0,-501024925360000.0,-501024925324000.0,-501024917958000.0,4.0,16285416003100.0,8.47275451554e-14,75,0.125354107649,0.25,0.125001458773,0.00391736157982
894.0,-350.0,-17658.0,-14.9,-1e+200,-1e+200,-1e+200,-1e+200,706937.0,1e+200,-1e+200,ref,davis_besse,ohio,covid,-505687119044000.0,3008535.21613,-505687118842000.0,-505687115909000.0,-505687122584000.0,-505687122253000.0,-505687116118000.0,4.0,9051284146690.0,8.47275451554e-14,44,0.25,0.25,0.250002917546,0.0156251823466
894.0,-526.0,-22092.0,-14.9,-1e+200,-1e+200,-1e+200,-1e+200,706937.0,1e+200,-1e+200,ref,davis_besse,ohio,covid,-506342018316000.0,3845630.65768,-506342017716000.0,-506342015027000.0,-506342022805000.0,-506342022419000.0,-506342015053000.0,4.0,14788875155300.0,8.47275451554e-14,18,0.25,0.125,0.250002917546,0.00781259117331
894.0,-173.0,-13224.0,-14.9,-1e+200,-1e+200,-1e+200,-1e+200,706937.0,1e+200,-1e+200,ref,davis_besse,ohio,covid,-506512794529000.0,6978129.79251,-506512796668000.0,-506512784552000.0,-506512800229000.0,-506512799929000.0,-506512786134000.0,4.0,48694295401200.0,8.47275451554e-14,70,0.125354107649,0.25,0.250002917546,0.00783472315964
894.0,-350.0,-17658.0,-14.9,-1e+200,-1e+200,-1e+200,-1e+200,471291.0,1e+200,-1e+200,ref,davis_besse,ohio,covid,-511174992948000.0,5471409.02166,-511174993690000.0,-511174985994000.0,-511174998418000.0,-511174998051000.0,-511174986806000.0,4.0,29936316682300.0,8.47275451554e-14,39,0.25,0.25,0.250002387083,0.0156251491927
894.0,-526.0,-22092.0,-14.9,-1e+200,-1e+200,-1e+200,-1e+200,471291.0,1e+200,-1e+200,ref,davis_besse,ohio,covid,-511829893934000.0,2018717.69742,-511829894343000.0,-511829891215000.0,-511829895837000.0,-511829895712000.0,-511829891585000.0,4.0,4075221141860.0,8.47275451554e-14,13,0.25,0.125,0.250002387083,0.00781257459634
894.0,-173.0,-13224.0,-14.9,-1e+200,-1e+200,-1e+200,-1e+200,471291.0,1e+200,-1e+200,ref,davis_besse,ohio,covid,-512000671467000.0,8370412.65123,-512000671715000.0,-512000660975000.0,-512000681465000.0,-512000680021000.0,-512000662569000.0,4.0,70063807951900.0,8.47275451554e-14,65,0.125354107649,0.25,0.250002387083,0.00783470653571
894.0,-350.0,-17658.0,-14.9,-1e+200,-1e+200,-1e+200,-1e+200,235646.0,1e+200,-1e+200,ref,davis_besse,ohio,covid,-516662839724000.0,3279422.2934,-516662838606000.0,-516662837172000.0,-516662844510000.0,-516662843687000.0,-516662837325000.0,4.0,10754610578500.0,8.47275451554e-14,34,0.25,0.25,0.249997082454,0.0156248176534
894.0,-526.0,-22092.0,-14.9,-1e+200,-1e+200,-1e+200,-1e+200,235646.0,1e+200,-1e+200,ref,davis_besse,ohio,covid,-517317747582000.0,3724265.41217,-517317747907000.0,-517317743138000.0,-517317751376000.0,-517317751141000.0,-517317743568000.0,4.0,13870152860300.0,8.47275451554e-14,8,0.25,0.125,0.249997082454,0.00781240882669
894.0,-173.0,-13224.0,-14.9,-1e+200,-1e+200,-1e+200,-1e+200,235646.0,1e+200,-1e+200,ref,davis_besse,ohio,covid,-517488520273000.0,6500648.76382,-517488519370000.0,-517488513698000.0,-517488528655000.0,-517488527624000.0,-517488514187000.0,4.0,42258434350600.0,8.47275451554e-14,60,0.125354107649,0.25,0.249997082454,0.00783454029645
894.0,-350.0,-17658.0,-14.9,-1e+200,-1e+200,-1e+200,-1e+200,10.0,1e+200,-1e+200,ref,davis_besse,ohio,covid,-522150487257000.0,1753764.98326,-522150486796000.0,-522150485808000.0,-522150489627000.0,-522150489313000.0,-522150485846000.0,4.0,3075691616500.0,8.47275451554e-14,29,0.25,0.25,0.124996154144,0.007812259634
894.0,-526.0,-22092.0,-14.9,-1e+200,-1e+200,-1e+200,-1e+200,10.0,1e+200,-1e+200,ref,davis_besse,ohio,covid,-522805387520000.0,3235003.31876,-522805387582000.0,-522805383747000.0,-522805391170000.0,-522805390839000.0,-522805384115000.0,4.0,10465246472400.0,8.47275451554e-14,3,0.25,0.125,0.124996154144,0.003906129817
894.0,-173.0,-13224.0,-14.9,-1e+200,-1e+200,-1e+200,-1e+200,10.0,1e+200,-1e+200,ref,davis_besse,ohio,covid,-522976160472000.0,9027288.48029,-522976160682000.0,-522976149280000.0,-522976171244000.0,-522976169846000.0,-522976150804000.0,4.0,81491937306400.0,8.47275451554e-14,55,0.125354107649,0.25,0.124996154144,0.00391719534056
894.0,-350.0,-22092.0,-14.9,-1e+200,-1e+200,-1e+200,-1e+200,942583.0,1e+200,-1e+200,ref,davis_besse,ohio,covid,-761437569034000.0,8977137.7095,-761437569378000.0,-761437557739000.0,-761437579640000.0,-761437578230000.0,-761437559356000.0,4.0,80589001455400.0,8.47275451554e-14,24,0.25,0.125,0.125001458773,0.00390629558665
894.0,-173.0,-17658.0,-14.9,-1e+200,-1e+200,-1e+200,-1e+200,942583.0,1e+200,-1e+200,ref,davis_besse,ohio,covid,-762263252572000.0,9985492.8197,-762263254078000.0,-762263239800000.0,-762263262334000.0,-762263261733000.0,-762263241304000.0,4.0,99710066852300.0,8.47275451554e-14,50,0.125354107649,0.25,0.125001458773,0.00391736157982
894.0,-350.0,-22092.0,-14.9,-1e+200,-1e+200,-1e+200,-1e+200,706937.0,1e+200,-1e+200,ref,davis_besse,ohio,covid,-766925446515000.0,8103001.11402,-766925448662000.0,-766925434938000.0,-766925453800000.0,-766925453115000.0,-766925436911000.0,4.0,65658627053800.0,8.47275451554e-14,19,0.25,0.125,0.250002917546,0.00781259117331
894.0,-173.0,-17658.0,-14.9,-1e+200,-1e+200,-1e+200,-1e+200,706937.0,1e+200,-1e+200,ref,davis_besse,ohio,covid,-767751128058000.0,3883549.43213,-767751126582000.0,-767751125284000.0,-767751133786000.0,-767751132771000.0,-767751125413000.0,4.0,15081956191800.0,8.47275451554e-14,45,0.125354107649,0.25,0.250002917546,0.00783472315964
894.0,-350.0,-22092.0,-14.9,-1e+200,-1e+200,-1e+200,-1e+200,471291.0,1e+200,-1e+200,ref,davis_besse,ohio,covid,-772413322655000.0,7608681.16669,-772413324120000.0,-772413312925000.0,-772413329456000.0,-772413329222000.0,-772413314038000.0,4.0,57892029096300.0,8.47275451554e-14,14,0.25,0.125,0.250002387083,0.00781257459634
894.0,-173.0,-17658.0,-14.9,-1e+200,-1e+200,-1e+200,-1e+200,471291.0,1e+200,-1e+200,ref,davis_besse,ohio,covid,-773239000926000.0,6300772.26779,-773239001423000.0,-773238992837000.0,-773239008021000.0,-773239007210000.0,-773238993946000.0,4.0,39699731170500.0,8.47275451554e-14,40,0.125354107649,0.25,0.250002387083,0.00783470653571
894.0,-350.0,-22092.0,-14.9,-1e+200,-1e+200,-1e+200,-1e+200,235646.0,1e+200,-1e+200,ref,davis_besse,ohio,covid,-777901169744000.0,4782419.03056,-777901169015000.0,-777901164896000.0,-777901176049000.0,-777901175214000.0,-777901165294000.0,4.0,22871531783900.0,8.47275451554e-14,9,0.25,0.125,0.249997082454,0.00781240882669
894.0,-173.0,-17658.0,-14.9,-1e+200,-1e+200,-1e+200,-1e+200,235646.0,1e+200,-1e+200,ref,davis_besse,ohio,covid,-778726857216000.0,5421770.77867,-778726856232000.0,-778726852673000.0,-778726863725000.0,-778726863112000.0,-778726852696000.0,4.0,29395598376500.0,8.47275451554e-14,35,0.125354107649,0.25,0.249997082454,0.00783454029645
894.0,-350.0,-22092.0,-14.9,-1e+200,-1e+200,-1e+200,-1e+200,10.0,1e+200,-1e+200,ref,davis_besse,ohio,covid,-783388819235000.0,3149448.49367,-783388817932000.0,-783388817175000.0,-783388823900000.0,-783388823068000.0,-783388817226000.0,4.0,9919025814310.0,8.47275451554e-14,4,0.25,0.125,0.124996154144,0.003906129817
894.0,-173.0,-17658.0,-14.9,-1e+200,-1e+200,-1e+200,-1e+200,10.0,1e+200,-1e+200,ref,davis_besse,ohio,covid,-784214487351000.0,7180107.78324,-784214486846000.0,-784214479807000.0,-784214495904000.0,-784214495066000.0,-784214480343000.0,4.0,51553947778900.0,8.47275451554e-14,30,0.125354107649,0.25,0.124996154144,0.00391719534056
894.0,-173.0,-22092.0,-14.9,-1e+200,-1e+200,-1e+200,-1e+200,942583.0,1e+200,-1e+200,ref,davis_besse,ohio,covid,-1023501579280000.0,5925008.48927,-1023501578340000.0,-1023501573660000.0,-1023501586780000.0,-1023501585940000.0,-1023501573940000.0,4.0,35105725597900.0,8.47275451554e-14,25,0.125354107649,0.125,0.125001458773,0.00195868078991
894.0,-173.0,-22092.0,-14.9,-1e+200,-1e+200,-1e+200,-1e+200,706937.0,1e+200,-1e+200,ref,davis_besse,ohio,covid,-1028989462900000.0,9620352.34585,-1028989460350000.0,-1028989455230000.0,-1028989475690000.0,-1028989474080000.0,-1028989455310000.0,4.0,92551179258200.0,8.47275451554e-14,20,0.125354107649,0.125,0.250002917546,0.00391736157982
894.0,-173.0,-22092.0,-14.9,-1e+200,-1e+200,-1e+200,-1e+200,471291.0,1e+200,-1e+200,ref,davis_besse,ohio,covid,-1034477334920000.0,8101051.74377,-1034477334360000.0,-1034477326070000.0,-1034477344900000.0,-1034477343770000.0,-1034477326860000.0,4.0,65627039355300.0,8.47275451554e-14,15,0.125354107649,0.125,0.250002387083,0.00391735326786
894.0,-173.0,-22092.0,-14.9,-1e+200,-1e+200,-1e+200,-1e+200,235646.0,1e+200,-1e+200,ref,davis_besse,ohio,covid,-1039965185850000.0,4438323.08998,-1039965184040000.0,-1039965182980000.0,-1039965192350000.0,-1039965191250000.0,-1039965182980000.0,4.0,19698711851100.0,8.47275451554e-14,10,0.125354107649,0.125,0.249997082454,0.00391727014823
894.0,-173.0,-22092.0,-14.9,-1e+200,-1e+200,-1e+200,-1e+200,10.0,1e+200,-1e+200,ref,davis_besse,ohio,covid,-1045452826990000.0,5883580.06653,-1045452826750000.0,-1045452820030000.0,-1045452834420000.0,-1045452833300000.0,-1045452821010000.0,4.0,34616514399300.0,8.47275451554e-14,5,0.125354107649,0.125,0.124996154144,0.00195859767028
